episode,phase,total_steps,outcome,length,discounted_return
0,il,20,collision,20,-0.1516
1,il,33,collision,13,-0.1823
2,il,36,collision,3,-0.261
3,il,51,too_close,15,0.6526
4,il,64,collision,13,-0.1962
5,il,69,success,5,0.9
6,il,77,success,8,0.8316
7,il,103,collision,26,-0.138
8,il,115,too_close,12,0.7223
9,il,130,collision,15,-0.2056
10,il,147,success,17,0.6561
11,il,162,success,15,0.6916
12,il,166,success,4,0.924
13,il,169,collision,3,-0.2604
14,il,191,too_close,22,0.567
15,il,213,collision,22,-0.171
16,il,232,too_close,19,0.583
17,il,246,collision,14,-0.1856
18,il,268,success,22,0.5751
19,il,277,success,9,0.81
20,il,295,collision,18,-0.163
21,il,320,success,25,0.5314
22,il,327,success,7,0.8538
23,il,342,too_close,15,0.6808
24,il,350,success,8,0.8316
25,il,356,success,6,0.8766
26,il,368,success,12,0.7485
27,il,378,collision,10,-0.2327
28,il,423,collision,45,-0.0963
29,il,437,success,14,0.71
30,il,467,success,30,0.4659
31,il,490,success,23,0.5602
32,il,529,too_close,39,0.3675
33,il,567,too_close,38,0.3623
34,il,587,success,20,0.6063
35,il,612,collision,25,-0.1394
36,il,630,success,18,0.639
37,il,650,too_close,20,0.6045
38,il,662,collision,12,-0.2032
39,il,669,success,7,0.8538
40,il,704,success,35,0.4084
41,il,749,too_close,45,0.3138
42,il,759,too_close,10,0.7889
43,il,788,too_close,29,0.4783
44,il,791,collision,3,-0.2408
45,il,810,too_close,19,0.6141
46,il,881,too_close,71,0.1541
47,il,902,success,21,0.5905
48,il,925,collision,23,-0.165
49,il,945,collision,20,-0.1673
50,il,952,success,7,0.8538
51,il,963,collision,11,-0.2027
52,il,980,success,17,0.6561
53,il,987,success,7,0.8538
54,il,1018,collision,31,-0.1329
55,il,1041,too_close,23,0.5458
56,il,1069,success,28,0.4911
57,il,1073,collision,4,-0.231
58,il,1075,collision,2,-0.2633
59,il,1119,success,44,0.3222
60,il,1141,success,22,0.5751
61,il,1147,collision,6,-0.2675
62,il,1160,collision,13,-0.1823
63,il,1170,collision,10,-0.2122
64,il,1180,collision,10,-0.2096
65,il,1202,too_close,22,0.5751
66,il,1216,collision,14,-0.192
67,il,1242,collision,26,-0.1294
68,il,1257,success,15,0.6916
69,il,1285,success,28,0.4911
70,il,1286,collision,1,-0.25
71,il,1319,too_close,33,0.4161
72,il,1347,success,28,0.4911
73,il,1390,too_close,43,0.3259
74,il,1396,success,6,0.8766
75,il,1425,success,29,0.4783
76,il,1447,success,22,0.5751
77,il,1472,collision,25,-0.1728
78,il,1493,success,21,0.5905
79,il,1515,success,22,0.5751
80,il,1549,collision,34,-0.1134
81,il,1554,success,5,0.9
82,il,1573,collision,19,-0.1586
83,il,1579,success,6,0.8766
84,il,1590,collision,11,-0.1921
85,il,1616,too_close,26,0.515
86,il,1637,too_close,21,0.571
87,il,1657,too_close,20,0.6063
88,il,1687,too_close,30,0.4659
89,il,1706,success,19,0.6224
90,il,1716,success,10,0.7889
91,il,1724,too_close,8,0.8311
92,il,1735,collision,11,-0.1927
93,il,1746,success,11,0.7684
94,il,1775,collision,29,-0.132
95,il,1788,collision,13,-0.1823
96,il,1801,success,13,0.729
97,il,1816,success,15,0.6916
98,il,1835,success,19,0.6224
99,il,1853,too_close,18,0.639
100,il,1890,collision,37,-0.1323
101,il,1941,collision,51,-0.075
102,il,1949,collision,8,-0.2292
103,il,1964,collision,15,-0.2899
104,il,1988,success,24,0.5456
105,il,2001,collision,13,-0.1845
106,il,2016,success,15,0.6916
107,il,2048,success,32,0.442
108,il,2064,collision,16,-0.1755
109,il,2082,collision,18,-0.2142
110,il,2088,collision,6,-0.2216
111,il,2109,success,21,0.5905
112,il,2132,too_close,23,0.548
113,il,2167,too_close,35,0.3761
114,il,2190,too_close,23,0.5173
115,il,2227,too_close,37,0.362
116,il,2249,too_close,22,0.5598
117,il,2252,collision,3,-0.246
118,il,2265,collision,13,-0.1823
119,il,2283,success,18,0.639
120,il,2288,collision,5,-0.2456
121,il,2298,too_close,10,0.7889
122,il,2348,too_close,50,0.2699
123,il,2428,too_close,80,0.1106
124,il,2451,success,23,0.5602
125,il,2476,success,25,0.5314
126,il,2504,collision,28,-0.1345
127,il,2511,success,7,0.8538
128,il,2522,too_close,11,0.7273
129,il,2530,collision,8,-0.2079
130,il,2545,success,15,0.6916
131,il,2556,success,11,0.7684
132,il,2572,success,16,0.6736
133,il,2601,success,29,0.4783
134,il,2622,success,21,0.5905
135,il,2632,success,10,0.7889
136,il,2654,too_close,22,-0.1438
137,il,2657,collision,3,-0.252
138,il,2685,collision,28,-0.164
139,il,2705,success,20,0.6063
140,il,2728,too_close,23,0.5558
141,il,2738,success,10,0.7889
142,il,2750,success,12,0.7485
143,il,2776,success,26,0.5176
144,il,2818,too_close,42,0.3318
145,il,2820,success,2,0.974
146,il,2834,too_close,14,-0.228
147,il,2851,collision,17,-0.1791
148,il,2886,collision,35,-0.1068
149,il,2901,collision,15,-0.1861
150,il,2928,too_close,27,0.5042
151,il,2949,success,21,0.5905
152,il,2971,success,22,0.5751
153,il,2975,collision,4,-0.2436
154,il,2983,success,8,0.8316
155,il,2989,collision,6,-0.2243
156,il,3030,too_close,41,0.338
157,il,3051,too_close,21,0.5905
158,il,3073,collision,22,-0.1523
159,il,3106,success,33,0.4305
160,il,3116,collision,10,-0.2074
161,il,3123,too_close,7,0.8538
162,il,3132,success,9,0.81
163,il,3138,success,6,0.8766
164,il,3153,success,15,0.6916
165,il,3169,collision,16,-0.1684
166,il,3174,collision,5,-0.2302
167,il,3178,success,4,0.924
168,il,3185,success,7,0.8538
169,il,3198,collision,13,-0.1874
170,il,3237,collision,39,-0.0981
171,il,3245,collision,8,-0.2209
172,il,3257,success,12,0.7485
173,il,3276,success,19,0.6224
174,il,3282,collision,6,-0.2346
175,il,3312,too_close,30,0.4659
176,il,3339,collision,27,-0.14
177,il,3366,success,27,0.5042
178,il,3375,success,9,0.81
179,il,3399,collision,24,-0.2252
180,il,3414,success,15,0.6916
181,il,3424,collision,10,-0.2079
182,il,3484,collision,60,-0.0555
183,il,3496,success,12,0.7485
184,il,3502,success,6,0.8766
185,il,3506,collision,4,-0.2387
186,il,3541,too_close,35,0.3476
187,il,3572,too_close,31,0.4206
188,il,3586,collision,14,-0.1876
189,il,3596,success,10,0.7889
190,il,3617,success,21,0.5905
191,il,3644,too_close,27,0.5042
192,il,3679,too_close,35,0.4084
193,il,3701,success,22,0.5751
194,il,3706,collision,5,-0.2479
195,il,3722,success,16,0.6736
196,il,3731,success,9,0.81
197,il,3761,collision,30,-0.1198
198,il,3789,success,28,0.4911
199,il,3791,collision,2,-0.2584
200,il,3794,collision,3,-0.2372
201,il,3820,success,26,0.5176
202,il,3836,collision,16,-0.1685
203,il,3858,collision,22,-0.1655
204,il,3879,success,21,0.5905
205,il,3886,collision,7,-0.2289
206,il,3909,collision,23,-0.1411
207,il,3915,success,6,0.8766
208,il,3939,too_close,24,0.5288
209,il,3951,collision,12,-0.189
210,il,3969,success,18,0.639
211,il,3986,success,17,0.6561
212,il,3992,too_close,6,0.8725
213,il,4013,collision,21,-0.1579
214,il,4029,collision,16,-0.1816
215,il,4032,collision,3,-0.2512
216,il,4051,success,19,0.6224
217,il,4057,collision,6,-0.2331
218,il,4073,collision,16,-0.1771
219,il,4099,collision,26,-0.1444
220,il,4113,success,14,0.71
221,il,4125,collision,12,-0.2173
222,il,4148,success,23,0.5602
223,il,4157,collision,9,-0.2186
224,il,4168,collision,11,-0.1921
225,il,4176,success,8,0.8316
226,il,4194,success,18,0.639
227,il,4205,collision,11,-0.1943
228,il,4206,collision,1,-0.25
229,il,4220,collision,14,-0.191
230,il,4239,success,19,0.6224
231,il,4247,success,8,0.8316
232,il,4257,success,10,0.7889
233,il,4269,success,12,0.7485
234,il,4311,collision,42,-0.0937
235,il,4344,too_close,33,0.4228
236,il,4356,success,12,0.7485
237,il,4387,collision,31,-0.1134
238,il,4438,success,51,0.2679
239,il,4464,collision,26,-0.1458
240,il,4491,collision,27,-0.1356
241,il,4493,success,2,0.974
242,il,4499,success,6,0.8766
243,il,4506,success,7,0.8538
244,il,4554,collision,48,-0.0849
245,il,4572,success,18,0.639
246,il,4596,collision,24,-0.1771
247,il,4606,success,10,0.7889
248,il,4612,collision,6,-0.2304
249,il,4636,collision,24,-0.1557
250,il,4650,success,14,0.71
251,il,4662,success,12,0.7485
252,il,4681,too_close,19,0.6211
253,il,4709,success,28,0.4911
254,il,4733,too_close,24,0.54
255,il,4734,collision,1,-0.25
256,il,4763,collision,29,-0.1364
257,il,4775,success,12,0.7485
258,il,4804,success,29,0.4783
259,il,4821,collision,17,-0.1759
260,il,4854,too_close,33,0.4305
261,il,4871,success,17,0.6561
262,il,4883,success,12,0.7485
263,il,4886,collision,3,-0.244
264,il,4891,collision,5,-0.225
265,il,4914,collision,23,-0.1504
266,il,4924,success,10,0.7889
267,il,4925,collision,1,-0.25
268,il,4934,too_close,9,0.7853
269,il,4944,collision,10,-0.2092
270,il,4961,success,17,0.6561
271,il,5014,success,53,0.2542
272,il,5031,collision,17,-0.164
273,il,5081,success,50,0.2751
274,il,5089,success,8,0.8316
275,il,5098,success,9,0.81
276,il,5118,too_close,20,0.5532
277,il,5137,collision,19,-0.1688
278,il,5171,success,34,0.4193
279,il,5174,success,3,0.9487
280,il,5184,success,10,0.7889
281,il,5189,success,5,0.9
282,il,5198,collision,9,-0.267
283,il,5202,collision,4,-0.2516
284,il,5227,success,25,0.5314
285,il,5261,too_close,34,0.39
286,il,5280,success,19,0.6224
287,il,5293,success,13,0.729
288,il,5296,collision,3,-0.2608
289,il,5313,collision,17,-0.1659
290,il,5322,success,9,0.81
291,il,5348,too_close,26,0.4892
292,il,5375,success,27,0.5042
293,il,5394,collision,19,-0.1556
294,il,5403,success,9,0.81
295,il,5425,success,22,0.5751
296,il,5439,too_close,14,0.6707
297,il,5449,success,10,0.7889
298,il,5478,too_close,29,0.4783
299,il,5500,success,22,0.5751
300,il,5509,collision,9,-0.2154
301,il,5535,too_close,26,0.5176
302,il,5558,too_close,23,0.5602
303,il,5567,success,9,0.81
304,il,5609,success,42,0.3396
305,il,5627,too_close,18,0.639
306,il,5675,too_close,48,0.2788
307,il,5706,success,31,0.4538
308,il,5714,collision,8,-0.2209
309,il,5724,success,10,0.7889
310,il,5730,success,6,0.8766
311,il,5767,too_close,37,0.3719
312,il,5785,collision,18,-0.1598
313,il,5814,success,29,0.4783
314,il,5876,success,62,0.2005
315,il,5884,success,8,0.8316
316,il,5901,too_close,17,0.6527
317,il,5910,collision,9,-0.2185
318,il,5915,success,5,0.9
319,il,5946,success,31,0.4538
320,il,5958,success,12,0.7485
321,il,5967,collision,9,-0.2178
322,il,5994,too_close,27,0.5042
323,il,6004,collision,10,-0.208
324,il,6013,success,9,0.81
325,il,6032,collision,19,-0.1601
326,il,6050,collision,18,-0.1698
327,il,6084,too_close,34,0.4193
328,il,6106,success,22,0.5751
329,il,6113,collision,7,-0.2453
330,il,6128,success,15,0.6916
331,il,6140,success,12,0.7485
332,il,6157,success,17,0.6561
333,il,6169,collision,12,-0.2068
334,il,6184,success,15,0.6916
335,il,6210,too_close,26,0.5176
336,il,6225,collision,15,-0.1866
337,il,6247,collision,22,-0.1464
338,il,6260,success,13,0.729
339,il,6269,success,9,0.81
340,il,6281,success,12,0.7485
341,il,6300,too_close,19,0.6221
342,il,6318,too_close,18,0.5932
343,il,6380,too_close,62,0.2005
344,il,6401,success,21,0.5905
345,il,6423,success,22,0.5751
346,il,6452,success,29,0.4783
347,il,6463,success,11,0.7684
348,il,6478,success,15,0.6916
349,il,6487,success,9,0.81
350,il,6493,collision,6,-0.236
351,il,6500,success,7,0.8538
352,il,6525,collision,25,-0.1474
353,il,6528,collision,3,-0.2456
354,il,6550,collision,22,-0.1556
355,il,6560,collision,10,-0.2078
356,il,6591,success,31,0.4538
357,il,6619,too_close,28,0.4911
358,il,6650,too_close,31,0.4471
359,il,6684,success,34,0.4193
360,il,6702,success,18,0.639
361,il,6710,collision,8,-0.2112
362,il,6712,collision,2,-0.2435
363,il,6733,too_close,21,-0.1562
364,il,6748,success,15,0.6916
365,il,6773,too_close,25,0.5239
366,il,6799,collision,26,-0.1604
367,il,6820,collision,21,-0.1476
368,il,6851,success,31,0.4538
369,il,6876,success,25,0.5314
370,il,6885,success,9,0.81
371,il,6895,collision,10,-0.2013
372,il,6923,too_close,28,0.4911
373,il,6931,collision,8,-0.2118
374,il,6965,too_close,34,0.4193
375,il,6967,collision,2,-0.2579
376,il,6987,collision,20,-0.1523
377,il,7012,success,25,0.5314
378,il,7021,collision,9,-0.2242
379,il,7027,success,6,0.8766
380,il,7079,collision,52,-0.0706
381,il,7084,collision,5,-0.2396
382,il,7097,too_close,13,0.7006
383,il,7114,success,17,0.6561
384,il,7118,success,4,0.924
385,il,7126,collision,8,-0.2079
386,il,7157,success,31,0.4538
387,il,7179,collision,22,-0.1603
388,il,7205,success,26,0.5176
389,il,7213,success,8,0.8316
390,il,7285,too_close,72,0.1433
391,il,7326,too_close,41,0.3266
392,il,7339,success,13,0.729
393,il,7340,collision,1,-0.25
394,il,7379,success,39,0.3675
395,il,7381,collision,2,-0.2546
396,il,7434,collision,53,-0.2686
397,il,7459,success,25,0.5314
398,il,7475,collision,16,-0.1956
399,il,7495,too_close,20,0.6009
400,il,7508,collision,13,-0.1946
401,il,7577,too_close,69,0.1668
402,il,7580,collision,3,-0.2467
403,il,7599,success,19,0.6224
404,il,7614,collision,15,-0.1744
405,il,7627,success,13,0.729
406,il,7636,success,9,0.81
407,il,7650,success,14,0.71
408,il,7681,too_close,31,0.4208
409,il,7709,too_close,28,0.4394
410,il,7721,collision,12,-0.1871
411,il,7734,success,13,0.729
412,il,7746,success,12,0.7485
413,il,7763,success,17,0.6561
414,il,7769,success,6,0.8766
415,il,7793,success,24,0.5456
416,il,7799,collision,6,-0.2192
417,il,7806,collision,7,-0.2439
418,il,7826,too_close,20,0.6014
419,il,7830,collision,4,-0.2385
420,il,7832,collision,2,-0.2584
421,il,7844,too_close,12,0.7423
422,il,7847,collision,3,-0.2558
423,il,7876,too_close,29,0.4525
424,il,7894,collision,18,-0.1632
425,il,7915,too_close,21,0.5902
426,il,7924,success,9,0.81
427,il,7933,success,9,0.81
428,il,7941,collision,8,-0.2133
429,il,7942,collision,1,-0.25
430,il,7969,too_close,27,0.4872
431,il,7979,success,10,0.7889
432,il,7981,collision,2,-0.2618
433,il,8001,success,20,0.6063
434,il,8020,collision,19,-0.1602
435,il,8033,success,13,0.729
436,il,8045,collision,12,-0.1871
437,il,8054,success,9,0.81
438,il,8077,collision,23,-0.1471
439,il,8105,success,28,0.4911
440,il,8115,success,10,0.7889
441,il,8136,success,21,0.5905
442,il,8146,success,10,0.7889
443,il,8158,success,12,0.7485
444,il,8171,collision,13,-0.1823
445,il,8180,collision,9,-0.2118
446,il,8188,success,8,0.8316
447,il,8208,collision,20,-0.1628
448,il,8225,too_close,17,0.6528
449,il,8230,success,5,0.9
450,il,8278,collision,48,-0.0842
451,il,8294,success,16,0.6736
452,il,8323,collision,29,-0.1555
453,il,8341,success,18,0.639
454,il,8355,success,14,0.71
455,il,8357,success,2,0.974
456,il,8368,success,11,0.7684
457,il,8377,collision,9,-0.2025
458,il,8406,collision,29,-0.1245
459,il,8420,collision,14,-0.1851
460,il,8435,too_close,15,0.5979
461,il,8463,success,28,0.4911
462,il,8467,success,4,0.924
463,il,8489,success,22,0.5751
464,il,8554,success,65,0.1853
465,il,8569,success,15,0.6916
466,il,8575,collision,6,-0.2192
467,il,8584,success,9,0.81
468,il,8586,collision,2,-0.2593
469,il,8589,collision,3,-0.2571
470,il,8624,collision,35,-0.1243
471,il,8638,too_close,14,0.6741
472,il,8655,success,17,0.6561
473,il,8672,success,17,0.6561
474,il,8697,collision,25,-0.1483
475,il,8726,success,29,0.4783
476,il,8734,success,8,0.8316
477,il,8758,too_close,24,0.5237
478,il,8777,too_close,19,0.6027
479,il,8832,collision,55,-0.1294
480,il,8854,collision,22,-0.1536
481,il,8873,collision,19,-0.1578
482,il,8882,success,9,0.81
483,il,8899,collision,17,-0.1826
484,il,8912,collision,13,-0.1823
485,il,8916,collision,4,-0.2425
486,il,8933,too_close,17,0.6223
487,il,8953,collision,20,-0.1894
488,il,8960,success,7,0.8538
489,il,8986,too_close,26,0.5164
490,il,9005,too_close,19,0.6224
491,il,9033,collision,28,-0.1545
492,il,9061,too_close,28,0.4825
493,il,9092,success,31,0.4538
494,il,9101,success,9,0.81
495,il,9102,collision,1,-0.25
496,il,9112,collision,10,-0.2167
497,il,9126,success,14,0.71
498,il,9183,too_close,57,0.1944
499,il,9208,collision,25,-0.1625
500,il,9232,collision,24,-0.1686
501,il,9254,success,22,0.5751
502,il,9277,too_close,23,0.5596
503,il,9289,too_close,12,0.7438
504,il,9308,too_close,19,0.583
505,il,9315,success,7,0.8538
506,il,9333,success,18,0.639
507,il,9351,collision,18,-0.1703
508,il,9380,success,29,0.4783
509,il,9389,success,9,0.81
510,il,9395,collision,6,-0.2353
511,il,9396,collision,1,-0.25
512,il,9416,too_close,20,0.5393
513,il,9422,success,6,0.8766
514,il,9426,collision,4,-0.2496
515,il,9439,success,13,0.729
516,il,9451,too_close,12,0.7485
517,il,9465,success,14,0.71
518,il,9502,too_close,37,0.3638
519,il,9515,collision,13,-0.2012
520,il,9524,collision,9,-0.2121
521,il,9530,success,6,0.8766
522,il,9558,success,28,0.4911
523,il,9576,collision,18,-0.1598
524,il,9593,too_close,17,0.6537
525,il,9605,collision,12,-0.2047
526,il,9611,success,6,0.8766
527,il,9618,success,7,0.8538
528,il,9632,too_close,14,0.71
529,il,9638,collision,6,-0.2192
530,il,9671,too_close,33,0.4305
531,il,9680,collision,9,-0.2184
532,il,9737,collision,57,-0.0585
533,il,9763,success,26,0.5176
534,il,9809,too_close,46,0.3057
535,il,9820,collision,11,-0.228
536,il,9850,success,30,0.4659
537,il,9860,success,10,0.7889
538,il,9874,success,14,0.71
539,il,9889,success,15,0.6916
540,il,9896,too_close,7,0.7736
541,il,9914,too_close,18,0.639
542,il,9917,collision,3,-0.2479
543,il,9932,success,15,0.6916
544,il,9939,collision,7,-0.2136
545,il,9958,too_close,19,0.6224
546,il,9977,success,19,0.6224
547,il,9989,collision,12,-0.2008
548,il,10020,too_close,31,0.442
549,il,10055,collision,35,-0.1196
550,il,10084,success,29,0.4783
551,il,10096,collision,12,-0.1906
552,il,10124,collision,28,-0.1604
553,il,10142,success,18,0.639
554,il,10175,collision,33,-0.1312
555,il,10191,success,16,0.6736
556,il,10221,too_close,30,0.388
557,il,10237,too_close,16,0.6641
558,il,10246,success,9,0.81
559,il,10262,too_close,16,0.6224
560,il,10273,collision,11,-0.2024
561,il,10291,success,18,0.639
562,il,10367,too_close,76,0.1282
563,il,10371,success,4,0.924
564,il,10385,collision,14,-0.1847
565,il,10405,collision,20,-0.1623
566,il,10428,too_close,23,0.5602
567,il,10461,success,33,0.4305
568,il,10517,collision,56,-0.0656
569,il,10533,success,16,0.6736
570,il,10545,collision,12,-0.2017
571,il,10573,too_close,28,0.4723
572,il,10582,success,9,0.81
573,il,10591,collision,9,-0.2077
574,il,10602,success,11,0.7684
575,il,10607,collision,5,-0.2504
576,il,10616,success,9,0.81
577,il,10620,success,4,0.924
578,il,10651,success,31,0.4538
579,il,10666,success,15,0.6916
580,il,10670,collision,4,-0.2503
581,il,10677,success,7,0.8538
582,il,10695,success,18,0.639
583,il,10711,collision,16,-0.1765
584,il,10746,too_close,35,0.4084
585,il,10777,success,31,0.4538
586,il,10792,collision,15,-0.176
587,il,10833,too_close,41,0.334
588,il,10840,success,7,0.8538
589,il,10849,collision,9,-0.2073
590,il,10949,timeout,100,0.0
591,il,10954,too_close,5,0.9
592,il,10971,success,17,0.6561
593,il,10990,success,19,0.6224
594,il,11020,too_close,30,0.4611
595,il,11051,success,31,0.4538
596,il,11065,too_close,14,0.6883
597,il,11079,too_close,14,0.7072
598,il,11122,too_close,43,0.3201
599,il,11128,success,6,0.8766
600,il,11147,success,19,0.6224
601,il,11164,too_close,17,0.6545
602,il,11190,too_close,26,0.5176
603,il,11218,success,28,0.4911
604,il,11225,collision,7,-0.2345
605,il,11252,too_close,27,0.5042
606,il,11257,collision,5,-0.225
607,il,11312,too_close,55,0.2391
608,il,11358,too_close,46,0.3021
609,il,11378,success,20,0.6063
610,il,11382,collision,4,-0.2455
611,il,11395,success,13,0.729
612,il,11409,collision,14,-0.2056
613,il,11431,collision,22,-0.1542
614,il,11443,too_close,12,0.6965
615,il,11464,collision,21,-0.1591
616,il,11517,collision,53,-0.0686
617,il,11526,success,9,0.81
618,il,11529,collision,3,-0.248
619,il,11612,too_close,83,0.0153
620,il,11625,too_close,13,0.729
621,il,11641,success,16,0.6654
622,il,11660,collision,19,-0.1696
623,il,11675,collision,15,-0.1781
624,il,11700,success,25,0.5314
625,il,11719,success,19,0.6224
626,il,11728,collision,9,-0.2227
627,il,11736,success,8,0.8316
628,il,11759,too_close,23,0.5602
629,il,11806,too_close,47,0.2903
630,il,11816,collision,10,-0.2081
631,il,11854,collision,38,-0.0943
632,il,11878,too_close,24,0.5381
633,il,11899,collision,21,-0.243
634,il,11910,collision,11,-0.2087
635,il,11934,too_close,24,0.5335
636,il,11963,success,29,0.4783
637,il,11987,collision,24,-0.1584
638,il,12004,collision,17,-0.1864
639,il,12019,success,15,0.6916
640,il,12023,collision,4,-0.231
641,il,12049,too_close,26,0.5176
642,il,12065,success,16,0.6736
643,il,12084,collision,19,-0.1556
644,il,12094,collision,10,-0.2135
645,il,12129,too_close,35,0.4084
646,il,12157,too_close,28,0.4911
647,il,12171,success,14,0.71
648,il,12177,collision,6,-0.2273
649,il,12210,too_close,33,0.4305
650,il,12230,collision,20,-0.1597
651,il,12239,collision,9,-0.2107
652,il,12249,too_close,10,0.7889
653,il,12294,too_close,45,0.2935
654,il,12312,collision,18,-0.176
655,il,12328,success,16,0.6736
656,il,12351,too_close,23,0.5602
657,il,12358,collision,7,-0.2281
658,il,12370,too_close,12,0.7369
659,il,12384,success,14,0.71
660,il,12404,success,20,0.6063
661,il,12407,collision,3,-0.2534
662,il,12426,collision,19,-0.1605
663,il,12445,success,19,0.6224
664,il,12457,success,12,0.7485
665,il,12466,success,9,0.81
666,il,12471,success,5,0.9
667,il,12482,too_close,11,0.7646
668,il,12527,too_close,45,0.3138
669,il,12572,success,45,0.3138
670,il,12645,collision,73,-0.0426
671,il,12671,success,26,0.5176
672,il,12717,collision,46,-0.0924
673,il,12734,success,17,0.6561
674,il,12765,success,31,0.4538
675,il,12820,success,55,0.2411
676,il,12822,collision,2,-0.2653
677,il,12837,too_close,15,0.6649
678,il,12848,too_close,11,0.7684
679,il,12868,too_close,20,0.6063
680,il,12880,success,12,0.7485
681,il,12892,too_close,12,0.7477
682,il,12927,too_close,35,0.4084
683,il,12932,success,5,0.8999
684,il,12962,success,30,0.4659
685,il,12977,collision,15,-0.1831
686,il,12978,collision,1,-0.25
687,il,12983,success,5,0.9
688,il,13024,collision,41,-0.1191
689,il,13045,collision,21,-0.1539
690,il,13052,collision,7,-0.3027
691,il,13078,success,26,0.5176
692,il,13089,success,11,0.7684
693,il,13111,collision,22,-0.1526
694,il,13146,too_close,35,0.3638
695,il,13161,collision,15,-0.1778
696,il,13168,collision,7,-0.234
697,il,13186,collision,18,-0.2301
698,il,13197,success,11,0.7684
699,il,13201,success,4,0.9169
700,il,13210,success,9,0.81
701,il,13223,success,13,0.729
702,il,13233,success,10,0.7889
703,il,13245,collision,12,-0.1941
704,il,13255,collision,10,-0.2082
705,il,13262,collision,7,-0.286
706,il,13283,too_close,21,0.5722
707,il,13312,too_close,29,0.4704
708,il,13322,too_close,10,0.7619
709,il,13337,collision,15,-0.1754
710,il,13347,collision,10,-0.1973
711,il,13353,collision,6,-0.2192
712,il,13369,success,16,0.6736
713,il,13382,too_close,13,0.7186
714,il,13412,success,30,0.4659
715,il,13421,collision,9,-0.2045
716,il,13445,too_close,24,0.5456
717,il,13479,too_close,34,0.3838
718,il,13499,success,20,0.6063
719,il,13532,too_close,33,0.4305
720,il,13540,collision,8,-0.2325
721,il,13548,success,8,0.8316
722,il,13561,success,13,0.729
723,il,13568,success,7,0.8538
724,il,13591,collision,23,-0.1403
725,il,13602,collision,11,-0.2043
726,il,13612,success,10,0.7889
727,il,13637,too_close,25,0.5314
728,il,13647,success,10,0.7889
729,il,13672,too_close,25,0.5232
730,il,13693,too_close,21,0.5839
731,il,13699,success,6,0.8766
732,il,13709,collision,10,-0.2024
733,il,13736,success,27,0.5042
734,il,13754,success,18,0.639
735,il,13796,collision,42,-0.2147
736,il,13811,success,15,0.6916
737,il,13820,collision,9,-0.2156
738,il,13852,success,32,0.442
739,il,13855,success,3,0.9487
740,il,13863,too_close,8,0.8316
741,il,13886,collision,23,-0.14
742,il,13893,too_close,7,0.8472
743,il,13898,collision,5,-0.2401
744,il,13995,too_close,97,0.0798
745,il,14010,success,15,0.6916
746,il,14041,too_close,31,0.4297
747,il,14057,collision,16,-0.1826
748,il,14071,collision,14,-0.1775
749,il,14084,success,13,0.729
750,il,14097,collision,13,-0.1827
751,il,14104,success,7,0.8538
752,il,14113,collision,9,-0.2108
753,il,14128,collision,15,-0.1841
754,il,14144,success,16,0.6736
755,il,14165,collision,21,-0.1542
756,il,14172,collision,7,-0.2166
757,il,14208,success,36,0.3978
758,il,14223,success,15,0.6916
759,il,14235,success,12,0.7485
760,il,14237,collision,2,-0.2435
761,il,14255,success,18,0.639
762,il,14274,collision,19,-0.1653
763,il,14289,success,15,0.6916
764,il,14319,success,30,0.4659
765,il,14351,success,32,0.442
766,il,14355,success,4,0.924
767,il,14373,success,18,0.639
768,il,14381,collision,8,-0.2185
769,il,14400,success,19,0.6224
770,il,14412,collision,12,-0.1997
771,il,14430,success,18,0.639
772,il,14441,success,11,0.7684
773,il,14449,success,8,0.8281
774,il,14456,success,7,0.8538
775,il,14480,too_close,24,0.5228
776,il,14497,too_close,17,0.6452
777,il,14507,success,10,0.7889
778,il,14535,too_close,28,0.4911
779,il,14554,collision,19,-0.1619
780,il,14561,success,7,0.8538
781,il,14570,collision,9,-0.2025
782,il,14582,collision,12,-0.2078
783,il,14606,too_close,24,0.5441
784,il,14629,success,23,0.5602
785,il,14644,too_close,15,0.6684
786,il,14658,collision,14,-0.1957
787,il,14676,too_close,18,0.6318
788,il,14700,collision,24,-0.1364
789,il,14718,success,18,0.639
790,il,14744,success,26,0.5176
791,il,14747,collision,3,-0.2517
792,il,14758,success,11,0.7684
793,il,14765,success,7,0.8538
794,il,14783,collision,18,-0.1639
795,il,14798,collision,15,-0.1729
796,il,14827,too_close,29,0.4496
797,il,14839,collision,12,-0.2104
798,il,14848,collision,9,-0.2188
799,il,14864,collision,16,-0.1705
800,il,14936,too_close,72,0.1541
801,il,14949,collision,13,-0.1869
802,il,14987,too_close,38,0.3773
803,il,15005,success,18,0.639
804,il,15026,too_close,21,0.5622
805,il,15060,success,34,0.4193
806,il,15070,collision,10,-0.2108
807,il,15101,collision,31,-0.1522
808,il,15137,too_close,36,0.3978
809,il,15151,collision,14,-0.1935
810,il,15167,collision,16,-0.1684
811,il,15175,too_close,8,0.8316
812,il,15185,success,10,0.7889
813,il,15195,success,10,0.7889
814,il,15208,collision,13,-0.1874
815,il,15218,collision,10,-0.2164
816,il,15226,success,8,0.8316
817,il,15237,too_close,11,0.7684
818,il,15240,collision,3,-0.2372
819,il,15252,success,12,0.7485
820,il,15288,success,36,0.3978
821,il,15298,success,10,0.7889
822,il,15338,too_close,40,0.3074
823,il,15365,too_close,27,0.4994
824,il,15386,success,21,0.5905
825,il,15417,too_close,31,0.4153
826,il,15440,success,23,0.5602
827,il,15472,too_close,32,0.4377
828,il,15483,collision,11,-0.1991
829,il,15527,collision,44,-0.1564
830,il,15541,too_close,14,0.6624
831,il,15551,collision,10,-0.2163
832,il,15575,success,24,0.5456
833,il,15594,collision,19,-0.1858
834,il,15632,too_close,38,0.3773
835,il,15658,too_close,26,0.5145
836,il,15665,success,7,0.8538
837,il,15666,collision,1,-0.25
838,il,15675,success,9,0.81
839,il,15698,success,23,0.5602
840,il,15707,collision,9,-0.2917
841,il,15783,collision,76,-0.045
842,il,15805,collision,22,-0.1885
843,il,15823,success,18,0.639
844,il,15845,too_close,22,0.5569
845,il,15849,collision,4,-0.2749
846,il,15882,too_close,33,0.4071
847,il,15900,success,18,0.639
848,il,15917,success,17,0.6561
849,il,15940,collision,23,-0.1418
850,il,15941,collision,1,-0.25
851,il,15977,too_close,36,0.3932
852,il,15983,success,6,0.8766
853,il,15994,success,11,0.7684
854,il,16007,too_close,13,0.729
855,il,16043,too_close,36,0.3978
856,il,16044,collision,1,-0.25
857,il,16078,success,34,0.4193
858,il,16106,too_close,28,0.4896
859,il,16115,collision,9,-0.2158
860,il,16134,collision,19,-0.1699
861,il,16149,success,15,0.6916
862,il,16157,too_close,8,0.8316
863,il,16186,collision,29,-0.1289
864,il,16190,collision,4,-0.231
865,il,16212,too_close,22,0.5647
866,il,16226,success,14,0.71
867,il,16261,success,35,0.4084
868,il,16273,success,12,0.7485
869,il,16302,success,29,0.4783
870,il,16333,collision,31,-0.1195
871,il,16351,success,18,0.639
872,il,16364,success,13,0.729
873,il,16370,success,6,0.8766
874,il,16373,collision,3,-0.2577
875,il,16384,collision,11,-0.193
876,il,16460,too_close,76,0.1387
877,il,16469,too_close,9,0.81
878,il,16493,success,24,0.5456
879,il,16502,collision,9,-0.3007
880,il,16511,collision,9,-0.2173
881,il,16520,collision,9,-0.2159
882,il,16548,success,28,0.4911
883,il,16561,collision,13,-0.1891
884,il,16592,too_close,31,0.4538
885,il,16617,collision,25,-0.1403
886,il,16626,collision,9,-0.2167
887,il,16636,success,10,0.7889
888,il,16644,success,8,0.8316
889,il,16661,success,17,0.6561
890,il,16683,collision,22,-0.1523
891,il,16693,collision,10,-0.198
892,il,16717,too_close,24,0.5456
893,il,16762,too_close,45,0.2951
894,il,16769,success,7,0.8538
895,il,16789,success,20,0.6063
896,il,16808,success,19,0.6224
897,il,16814,success,6,0.8766
898,il,16863,success,49,0.2824
899,il,16899,too_close,36,0.3978
900,il,16961,too_close,62,0.2005
901,il,16967,collision,6,-0.2384
902,il,16988,success,21,0.5905
903,il,17021,too_close,33,0.4305
904,il,17030,collision,9,-0.2097
905,il,17053,collision,23,-0.1422
906,il,17079,success,26,0.5176
907,il,17106,success,27,0.5042
908,il,17162,collision,56,-0.0714
909,il,17207,success,45,0.3138
910,il,17231,too_close,24,0.5058
911,il,17239,success,8,0.8316
912,il,17248,success,9,0.81
913,il,17277,too_close,29,0.4771
914,il,17310,success,33,0.4305
915,il,17333,success,23,0.5602
916,il,17352,success,19,0.6224
917,il,17363,success,11,0.7684
918,il,17386,collision,23,-0.1468
919,il,17399,collision,13,-0.1961
920,il,17405,collision,6,-0.2266
921,il,17433,too_close,28,0.4911
922,il,17471,too_close,38,0.3769
923,il,17494,success,23,0.5602
924,il,17518,too_close,24,0.5456
925,il,17552,collision,34,-0.1097
926,il,17566,success,14,0.71
927,il,17589,too_close,23,0.5602
928,il,17600,collision,11,-0.1921
929,il,17620,success,20,0.6063
930,il,17660,success,40,0.358
931,il,17671,collision,11,-0.1921
932,il,17674,success,3,0.9487
933,il,17693,success,19,0.6224
934,il,17711,too_close,18,0.6286
935,il,17726,too_close,15,0.6716
936,il,17733,success,7,0.8538
937,il,17747,success,14,0.71
938,il,17759,success,12,0.7485
939,il,17774,too_close,15,0.6732
940,il,17815,too_close,41,0.3476
941,il,17829,collision,14,-0.2237
942,il,17878,collision,49,-0.084
943,il,17879,collision,1,-0.25
944,il,17900,collision,21,-0.1525
945,il,17913,too_close,13,0.6616
946,il,17949,too_close,36,0.3978
947,il,17961,collision,12,-0.1974
948,il,17972,success,11,0.7684
949,il,17985,collision,13,-0.1983
950,il,17995,success,10,0.7889
951,il,18007,too_close,12,0.7485
952,il,18016,collision,9,-0.2128
953,il,18038,success,22,0.5751
954,il,18099,too_close,61,0.2059
955,il,18104,collision,5,-0.2307
956,il,18134,collision,30,-0.1201
957,il,18151,collision,17,-0.2068
958,il,18185,success,34,0.4193
959,il,18187,collision,2,-0.2522
960,il,18198,success,11,0.7684
961,il,18217,success,19,0.6224
962,il,18222,collision,5,-0.2448
963,il,18229,success,7,0.8538
964,il,18258,collision,29,-0.1221
965,il,18275,too_close,17,0.6408
966,il,18291,success,16,0.6736
967,il,18308,too_close,17,0.6534
968,il,18351,too_close,43,0.3106
969,il,18358,success,7,0.8538
970,il,18369,collision,11,-0.2407
971,il,18379,success,10,0.7889
972,il,18385,success,6,0.8766
973,il,18399,collision,14,-0.1932
974,il,18418,too_close,19,0.6224
975,il,18437,success,19,0.6224
976,il,18454,collision,17,-0.1742
977,il,18474,success,20,0.6063
978,il,18485,too_close,11,0.7637
979,il,18514,success,29,0.4783
980,il,18545,collision,31,-0.1299
981,il,18561,success,16,0.6736
982,il,18581,too_close,20,0.6063
983,il,18595,collision,14,-0.2095
984,il,18600,collision,5,-0.2315
985,il,18610,collision,10,-0.1972
986,il,18627,collision,17,-0.1685
987,il,18634,collision,7,-0.219
988,il,18653,success,19,0.6224
989,il,18678,too_close,25,0.5278
990,il,18701,too_close,23,0.5602
991,il,18705,success,4,0.924
992,il,18715,success,10,0.7889
993,il,18731,success,16,0.6736
994,il,18754,too_close,23,0.5602
995,il,18807,success,53,0.2542
996,il,18826,success,19,0.6224
997,il,18831,success,5,0.9
998,il,18837,too_close,6,0.8659
999,il,18842,success,5,0.9
1000,il,18850,collision,8,-0.2291
1001,il,18864,collision,14,-0.1788
1002,il,18888,too_close,24,0.5455
1003,il,18892,collision,4,-0.2398
1004,il,18909,collision,17,-0.164
1005,il,18921,success,12,0.7485
1006,il,18947,success,26,0.5176
1007,il,18961,success,14,0.71
1008,il,18977,collision,16,-0.1803
1009,il,18984,collision,7,-0.2326
1010,il,19001,collision,17,-0.178
1011,il,19022,success,21,0.5905
1012,il,19035,success,13,0.729
1013,il,19064,success,29,0.4783
1014,il,19076,too_close,12,0.655
1015,il,19081,collision,5,-0.235
1016,il,19097,collision,16,-0.1753
1017,il,19123,too_close,26,0.5176
1018,il,19134,success,11,0.7684
1019,il,19163,too_close,29,0.4384
1020,il,19173,collision,10,-0.2245
1021,il,19183,collision,10,-0.2058
1022,il,19193,success,10,0.7889
1023,il,19212,success,19,0.6224
1024,il,19229,success,17,0.6534
1025,il,19250,success,21,0.5905
1026,il,19269,collision,19,-0.1604
1027,il,19287,collision,18,-0.1679
1028,il,19314,too_close,27,0.5042
1029,il,19324,success,10,0.7889
1030,il,19340,success,16,0.6736
1031,il,19363,success,23,0.5602
1032,il,19370,success,7,0.8538
1033,il,19385,too_close,15,0.6916
1034,il,19405,too_close,20,0.5827
1035,il,19421,success,16,0.6736
1036,il,19437,success,16,0.6736
1037,il,19451,success,14,-0.1789
1038,il,19483,success,32,0.442
1039,il,19492,success,9,0.81
1040,il,19510,success,18,0.639
1041,il,19516,success,6,0.8766
1042,il,19534,success,18,0.639
1043,il,19553,too_close,19,0.5877
1044,il,19577,success,24,0.5456
1045,il,19607,success,30,0.4659
1046,il,19654,collision,47,-0.078
1047,il,19668,success,14,0.71
1048,il,19707,too_close,39,0.3675
1049,il,19740,too_close,33,0.4305
1050,il,19755,success,15,0.6916
1051,il,19775,too_close,20,0.6063
1052,il,19785,success,10,0.7889
1053,il,19798,too_close,13,0.6915
1054,il,19813,success,15,0.6916
1055,il,19833,success,20,0.6063
1056,il,19837,success,4,0.924
1057,il,19846,collision,9,-0.2025
1058,il,19861,success,15,0.6916
1059,il,19884,success,23,0.5602
1060,il,19897,collision,13,-0.2945
1061,il,19911,success,14,0.71
1062,il,19919,success,8,0.8316
1063,il,19940,collision,21,-0.1864
1064,il,19968,success,28,0.4911
1065,il,19984,success,16,0.6736
1066,il,19988,success,4,0.924
1067,il,20022,too_close,34,0.4142
1068,il,20031,too_close,9,0.7769
1069,il,20038,success,7,0.8538
1070,il,20075,collision,37,-0.1321
1071,il,20109,too_close,34,0.4193
1072,il,20143,collision,34,-0.1455
1073,il,20156,success,13,0.729
1074,il,20179,collision,23,-0.1435
1075,il,20186,too_close,7,0.8538
1076,il,20209,collision,23,-0.1497
1077,il,20229,collision,20,-0.1704
1078,il,20250,success,21,0.5905
1079,il,20252,collision,2,-0.2661
1080,il,20269,success,17,0.6561
1081,il,20270,collision,1,-0.25
1082,il,20283,success,13,0.729
1083,il,20298,collision,15,-0.1753
1084,il,20315,collision,17,-0.1791
1085,il,20337,success,22,0.5751
1086,il,20342,success,5,0.9
1087,il,20377,too_close,35,0.4084
1088,il,20388,success,11,0.7684
1089,il,20407,too_close,19,0.6125
1090,il,20435,success,28,0.4911
1091,il,20450,collision,15,-0.2058
1092,il,20474,too_close,24,0.5456
1093,il,20503,too_close,29,0.462
1094,il,20527,success,24,0.5456
1095,il,20562,collision,35,-0.1089
1096,il,20574,success,12,0.7485
1097,il,20601,success,27,0.5042
1098,il,20624,success,23,0.5602
1099,il,20626,collision,2,-0.2514
1100,il,20654,too_close,28,0.4815
1101,il,20677,too_close,23,0.5602
1102,il,20695,collision,18,-0.1598
1103,il,20712,success,17,0.6561
1104,il,20719,collision,7,-0.2607
1105,il,20758,too_close,39,0.3675
1106,il,20778,collision,20,-0.1523
1107,il,20800,collision,22,-0.1532
1108,il,20806,success,6,0.8766
1109,il,20813,success,7,0.8538
1110,il,20855,too_close,42,0.3396
1111,il,20868,too_close,13,0.7035
1112,il,20879,collision,11,-0.1921
1113,il,20898,success,19,0.6224
1114,il,20906,success,8,0.8316
1115,il,20911,success,5,0.9
1116,il,20966,collision,55,-0.0779
1117,il,20979,collision,13,-0.1823
1118,il,20982,collision,3,-0.2372
1119,il,20995,success,13,0.729
1120,il,21008,collision,13,-0.1823
1121,il,21034,success,26,0.5176
1122,il,21050,collision,16,-0.1848
1123,il,21062,collision,12,-0.197
1124,il,21071,success,9,0.81
1125,il,21077,success,6,0.8766
1126,il,21102,too_close,25,0.4936
1127,il,21124,success,22,0.5751
1128,il,21142,success,18,0.639
1129,il,21159,success,17,0.6561
1130,il,21176,collision,17,-0.1948
1131,il,21208,too_close,32,0.4357
1132,il,21210,success,2,0.974
1133,il,21222,collision,12,-0.1951
1134,il,21269,too_close,47,0.273
1135,il,21286,success,17,0.6561
1136,il,21296,success,10,0.7889
1137,il,21335,collision,39,-0.0984
1138,il,21380,collision,45,-0.0992
1139,il,21404,success,24,0.5456
1140,il,21422,success,18,0.639
1141,il,21454,too_close,32,0.3658
1142,il,21491,too_close,37,0.3847
1143,il,21504,collision,13,-0.1926
1144,il,21507,success,3,0.9487
1145,il,21524,collision,17,-0.1716
1146,il,21530,success,6,0.8766
1147,il,21548,too_close,18,0.6373
1148,il,21552,collision,4,-0.2319
1149,il,21558,success,6,0.8766
1150,il,21596,collision,38,-0.2193
1151,il,21613,collision,17,-0.164
1152,il,21615,collision,2,-0.2435
1153,il,21622,success,7,0.8538
1154,il,21645,collision,23,-0.1591
1155,il,21661,collision,16,-0.1684
1156,il,21665,collision,4,-0.2489
1157,il,21677,collision,12,-0.198
1158,il,21710,success,33,0.4305
1159,il,21725,collision,15,-0.1822
1160,il,21749,success,24,0.5456
1161,il,21756,collision,7,-0.2173
1162,il,21777,too_close,21,0.5737
1163,il,21789,collision,12,-0.2012
1164,il,21801,success,12,0.7485
1165,il,21812,success,11,0.7684
1166,il,21827,success,15,0.6916
1167,il,21832,success,5,0.9
1168,il,21839,collision,7,-0.2214
1169,il,21860,too_close,21,0.5905
1170,il,21874,collision,14,-0.1905
1171,il,21896,success,22,0.5751
1172,il,21930,success,34,0.4193
1173,il,21949,collision,19,-0.1615
1174,il,21965,too_close,16,0.6736
1175,il,21975,success,10,0.7889
1176,il,21996,collision,21,-0.1609
1177,il,22006,collision,10,-0.1972
1178,il,22018,too_close,12,-0.1933
1179,il,22034,success,16,0.6736
1180,il,22082,success,48,0.29
1181,il,22100,success,18,0.639
1182,il,22123,success,23,0.5602
1183,il,22152,success,29,0.4783
1184,il,22164,collision,12,-0.2007
1185,il,22196,too_close,32,0.4228
1186,il,22207,collision,11,-0.2044
1187,il,22240,success,33,0.4305
1188,il,22244,success,4,0.924
1189,il,22260,success,16,0.6736
1190,il,22358,collision,98,-0.0211
1191,il,22363,collision,5,-0.2411
1192,il,22380,too_close,17,0.6537
1193,il,22410,too_close,30,0.4436
1194,il,22421,collision,11,-0.1995
1195,il,22437,success,16,0.6736
1196,il,22449,collision,12,-0.2001
1197,il,22472,success,23,0.5602
1198,il,22483,collision,11,-0.2043
1199,il,22521,too_close,38,0.3763
1200,il,22529,success,8,0.8316
1201,il,22543,collision,14,-0.1775
1202,il,22569,collision,26,-0.1323
1203,il,22593,collision,24,-0.1436
1204,il,22609,success,16,0.6736
1205,il,22637,success,28,0.4911
1206,il,22643,collision,6,-0.2192
1207,il,22649,collision,6,-0.2346
1208,il,22655,success,6,0.8766
1209,il,22664,too_close,9,0.8004
1210,il,22672,success,8,0.8316
1211,il,22708,success,36,0.3978
1212,il,22729,too_close,21,0.5905
1213,il,22738,success,9,0.81
1214,il,22767,collision,29,-0.125
1215,il,22771,collision,4,-0.231
1216,il,22792,success,21,0.5905
1217,il,22800,success,8,0.8316
1218,il,22820,too_close,20,0.6063
1219,il,22821,collision,1,-0.25
1220,il,22831,success,10,0.7889
1221,il,22843,collision,12,-0.2055
1222,il,22861,collision,18,-0.1664
1223,il,22881,collision,20,-0.179
1224,il,22893,collision,12,-0.2484
1225,il,22903,success,10,0.7889
1226,il,22928,collision,25,-0.1525
1227,il,22950,success,22,0.5751
1228,il,22959,success,9,0.81
1229,il,22986,success,27,0.5042
1230,il,23010,success,24,0.5456
1231,il,23075,success,65,0.1853
1232,il,23076,collision,1,-0.25
1233,il,23086,success,10,0.7889
1234,il,23104,collision,18,-0.1713
1235,il,23108,success,4,0.924
1236,il,23116,collision,8,-0.2545
1237,il,23124,too_close,8,0.8261
1238,il,23144,too_close,20,0.6063
1239,il,23171,success,27,0.5042
1240,il,23196,collision,25,-0.1634
1241,il,23205,collision,9,-0.2097
1242,il,23208,collision,3,-0.2543
1243,il,23249,collision,41,-0.0872
1244,il,23264,collision,15,-0.1899
1245,il,23267,collision,3,-0.2436
1246,il,23272,collision,5,-0.2424
1247,il,23281,collision,9,-0.2226
1248,il,23300,success,19,0.6224
1249,il,23308,success,8,0.8316
1250,il,23320,collision,12,-0.2049
1251,il,23347,too_close,27,0.5042
1252,il,23359,collision,12,-0.2059
1253,il,23386,collision,27,-0.1306
1254,il,23400,success,14,0.71
1255,il,23404,success,4,0.924
1256,il,23435,success,31,0.4538
1257,il,23447,success,12,0.7485
1258,il,23459,success,12,0.7485
1259,il,23474,collision,15,-0.1833
1260,il,23498,collision,24,-0.1373
1261,il,23513,success,15,0.6916
1262,il,23542,success,29,0.4783
1263,il,23569,success,27,0.5042
1264,il,23602,success,33,0.4305
1265,il,23607,success,5,0.9
1266,il,23637,too_close,30,0.4273
1267,il,23665,success,28,0.4911
1268,il,23672,collision,7,-0.2135
1269,il,23725,collision,53,-0.1325
1270,il,23741,success,16,0.6736
1271,il,23768,collision,27,-0.1354
1272,il,23807,too_close,39,0.3672
1273,il,23814,success,7,0.8538
1274,il,23819,success,5,0.9
1275,il,23830,success,11,0.7684
1276,il,23865,too_close,35,0.4033
1277,il,23908,collision,43,-0.1411
1278,il,23916,collision,8,-0.2079
1279,il,23931,success,15,0.6916
1280,il,23952,collision,21,-0.1614
1281,il,23954,collision,2,-0.2596
1282,il,23963,success,9,0.81
1283,il,23980,collision,17,-0.168
1284,il,23986,collision,6,-0.2192
1285,il,24002,too_close,16,0.6596
1286,il,24032,too_close,30,0.4216
1287,il,24036,collision,4,-0.251
1288,il,24049,collision,13,-0.1823
1289,il,24059,success,10,0.7889
1290,il,24081,collision,22,-0.1565
1291,il,24089,collision,8,-0.218
1292,il,24104,success,15,0.6916
1293,il,24125,too_close,21,0.5905
1294,il,24145,too_close,20,0.6011
1295,il,24149,collision,4,-0.231
1296,il,24167,too_close,18,0.639
1297,il,24194,too_close,27,0.4691
1298,il,24203,collision,9,-0.2196
1299,il,24210,collision,7,-0.2135
1300,il,24218,collision,8,-0.2884
1301,il,24233,too_close,15,-0.1901
1302,il,24262,collision,29,-0.1444
1303,il,24265,collision,3,-0.2481
1304,il,24275,collision,10,-0.2016
1305,il,24294,too_close,19,0.6224
1306,il,24304,success,10,0.7889
1307,il,24309,collision,5,-0.2375
1308,il,24345,too_close,36,0.3904
1309,il,24361,success,16,0.6736
1310,il,24373,collision,12,-0.2038
1311,il,24387,success,14,0.71
1312,il,24390,success,3,0.9487
1313,il,24413,collision,23,-0.1944
1314,il,24434,collision,21,-0.1493
1315,il,24471,success,37,0.3874
1316,il,24478,collision,7,-0.2242
1317,il,24495,success,17,0.6561
1318,il,24496,collision,1,-0.25
1319,il,24517,collision,21,-0.191
1320,il,24536,too_close,19,0.6224
1321,il,24554,success,18,0.639
1322,il,24560,collision,6,-0.2192
1323,il,24577,collision,17,-0.164
1324,il,24586,collision,9,-0.2182
1325,il,24622,too_close,36,0.3976
1326,il,24640,collision,18,-0.1715
1327,il,24647,success,7,0.8538
1328,il,24681,success,34,0.4193
1329,il,24692,collision,11,-0.1921
1330,il,24712,collision,20,-0.1516
1331,il,24715,collision,3,-0.2534
1332,il,24720,collision,5,-0.2419
1333,il,24732,collision,12,-0.1871
1334,il,24740,collision,8,-0.2523
1335,il,24742,collision,2,-0.264
1336,il,24756,success,14,0.71
1337,il,24765,success,9,0.81
1338,il,24783,collision,18,-0.1707
1339,il,24816,success,33,0.4305
1340,il,24833,too_close,17,0.621
1341,il,24871,too_close,38,0.3492
1342,il,24902,success,31,0.4538
1343,il,24903,collision,1,-0.25
1344,il,24921,too_close,18,0.6373
1345,il,24966,success,45,0.3138
1346,il,24983,collision,17,-0.2164
1347,il,25002,success,19,0.6224
1348,il,25010,too_close,8,0.8316
1349,il,25061,too_close,51,0.2545
1350,il,25089,too_close,28,0.384
1351,il,25116,too_close,27,0.4848
1352,il,25195,too_close,79,0.1261
1353,il,25226,too_close,31,0.4538
1354,il,25227,collision,1,-0.25
1355,il,25241,collision,14,-0.198
1356,il,25247,collision,6,-0.2681
1357,il,25253,collision,6,-0.2251
1358,il,25267,collision,14,-0.1922
1359,il,25269,collision,2,-0.2654
1360,il,25302,too_close,33,0.4253
1361,il,25315,collision,13,-0.1841
1362,il,25335,too_close,20,0.5756
1363,il,25360,too_close,25,0.5314
1364,il,25368,success,8,0.8316
1365,il,25374,success,6,0.8766
1366,il,25391,success,17,0.6561
1367,il,25411,success,20,0.6063
1368,il,25413,success,2,0.974
1369,il,25423,too_close,10,0.7667
1370,il,25436,collision,13,-0.1957
1371,il,25438,success,2,0.974
1372,il,25454,too_close,16,0.6643
1373,il,25456,collision,2,-0.2578
1374,il,25458,success,2,0.974
1375,il,25459,collision,1,-0.25
1376,il,25467,collision,8,-0.2239
1377,il,25484,success,17,0.6561
1378,il,25500,success,16,0.6736
1379,il,25508,success,8,0.8316
1380,il,25535,success,27,0.5042
1381,il,25561,success,26,0.5176
1382,il,25578,success,17,0.6561
1383,il,25592,success,14,0.71
1384,il,25605,collision,13,-0.1823
1385,il,25627,success,22,0.5751
1386,il,25648,success,21,0.5905
1387,il,25677,collision,29,-0.1202
1388,il,25680,collision,3,-0.2474
1389,il,25705,collision,25,-0.1329
1390,il,25721,too_close,16,0.6274
1391,il,25742,success,21,0.5905
1392,il,25748,collision,6,-0.2216
1393,il,25764,success,16,0.6736
1394,il,25797,too_close,33,0.4249
1395,il,25818,success,21,0.5905
1396,il,25826,collision,8,-0.2315
1397,il,25845,success,19,0.6224
1398,il,25847,collision,2,-0.2599
1399,il,25871,success,24,0.5456
1400,il,25879,collision,8,-0.2224
1401,il,25897,collision,18,-0.1685
1402,il,25899,success,2,0.974
1403,il,25999,timeout,100,0.0
1404,il,26008,success,9,0.81
1405,il,26022,too_close,14,0.71
1406,il,26028,success,6,0.8766
1407,il,26081,success,53,0.2542
1408,il,26110,success,29,0.4783
1409,il,26118,success,8,0.8316
1410,il,26147,collision,29,-0.1491
1411,il,26171,collision,24,-0.1364
1412,il,26191,success,20,0.6063
1413,il,26200,too_close,9,0.8081
1414,il,26213,collision,13,-0.1836
1415,il,26223,success,10,0.7889
1416,il,26229,success,6,0.8766
1417,il,26249,collision,20,-0.1561
1418,il,26266,success,17,-0.164
1419,il,26285,too_close,19,0.5685
1420,il,26313,success,28,0.4911
1421,il,26326,too_close,13,0.729
1422,il,26343,success,17,0.6561
1423,il,26349,success,6,-0.2192
1424,il,26355,collision,6,-0.2366
1425,il,26361,success,6,0.8697
1426,il,26371,success,10,0.7889
1427,il,26390,success,19,0.6224
1428,il,26392,collision,2,-0.2547
1429,il,26402,collision,10,-0.2165
1430,il,26426,collision,24,-0.1419
1431,il,26442,success,16,0.6736
1432,il,26462,collision,20,-0.1516
1433,il,26475,collision,13,-0.1866
1434,il,26527,collision,52,-0.07
1435,il,26536,success,9,0.81
1436,il,26539,collision,3,-0.2489
1437,il,26562,success,23,0.5602
1438,il,26590,success,28,0.4911
1439,il,26616,success,26,0.5176
1440,il,26636,too_close,20,0.5861
1441,il,26652,success,16,0.6736
1442,il,26673,too_close,21,0.5627
1443,il,26686,success,13,0.729
1444,il,26695,collision,9,-0.2198
1445,il,26714,too_close,19,0.6224
1446,il,26726,too_close,12,0.6985
1447,il,26745,collision,19,-0.1686
1448,il,26747,collision,2,-0.2507
1449,il,26759,success,12,0.7485
1450,il,26766,success,7,0.8538
1451,il,26773,success,7,0.8538
1452,il,26796,collision,23,-0.1908
1453,il,26811,success,15,0.6916
1454,il,26822,success,11,0.7684
1455,il,26847,success,25,0.5314
1456,il,26870,success,23,0.5602
1457,il,26883,collision,13,-0.1823
1458,il,26900,collision,17,-0.1728
1459,il,26916,success,16,0.6736
1460,il,26933,collision,17,-0.1658
1461,il,26934,collision,1,-0.25
1462,il,26944,collision,10,-0.1985
1463,il,26957,collision,13,-0.1933
1464,il,26980,collision,23,-0.1459
1465,il,26993,too_close,13,0.729
1466,il,27012,collision,19,-0.1662
1467,il,27044,collision,32,-0.1201
1468,il,27055,success,11,0.7684
1469,il,27074,too_close,19,0.5897
1470,il,27090,collision,16,-0.1763
1471,il,27133,too_close,43,0.3308
1472,il,27152,success,19,0.6224
1473,il,27156,success,4,0.924
1474,il,27171,collision,15,-0.192
1475,il,27176,success,5,0.9
1476,il,27206,collision,30,-0.1291
1477,il,27247,collision,41,-0.0949
1478,il,27254,success,7,0.8538
1479,il,27258,collision,4,-0.231
1480,il,27260,collision,2,-0.2597
1481,il,27271,success,11,0.7684
1482,il,27272,collision,1,-0.25
1483,il,27301,collision,29,-0.1221
1484,il,27318,collision,17,-0.1658
1485,il,27343,success,25,0.5314
1486,il,27356,too_close,13,0.716
1487,il,27365,success,9,0.81
1488,il,27387,collision,22,-0.1438
1489,il,27401,collision,14,-0.1891
1490,il,27424,collision,23,-0.1502
1491,il,27452,too_close,28,0.4911
1492,il,27474,too_close,22,0.5751
1493,il,27477,success,3,0.9487
1494,il,27502,success,25,0.5314
1495,il,27556,success,54,0.2476
1496,il,27572,success,16,0.6736
1497,il,27578,success,6,0.8766
1498,il,27594,success,16,0.6736
1499,il,27608,too_close,14,0.71
1500,il,27627,success,19,0.6224
1501,il,27649,success,22,0.5751
1502,il,27661,collision,12,-0.1974
1503,il,27666,success,5,0.9
1504,il,27684,success,18,0.639
1505,il,27700,success,16,0.6736
1506,il,27721,success,21,0.5905
1507,il,27733,collision,12,-0.1927
1508,il,27745,success,12,0.7485
1509,il,27767,too_close,22,0.5016
1510,il,27801,too_close,34,0.4132
1511,il,27811,collision,10,-0.1972
1512,il,27820,success,9,0.81
1513,il,27833,success,13,0.729
1514,il,27855,success,22,0.5751
1515,il,27863,collision,8,-0.2147
1516,il,27905,too_close,42,0.3087
1517,il,27926,success,21,0.5905
1518,il,27949,success,23,0.5602
1519,il,28041,collision,92,-0.0233
1520,il,28053,success,12,0.7485
1521,il,28086,success,33,0.4305
1522,il,28116,collision,30,-0.1363
1523,il,28159,collision,43,-0.0827
1524,il,28169,collision,10,-0.2214
1525,il,28178,collision,9,-0.2118
1526,il,28229,success,51,0.2679
1527,il,28242,collision,13,-0.1896
1528,il,28279,collision,37,-0.1038
1529,il,28287,success,8,0.8316
1530,il,28309,collision,22,-0.1585
1531,il,28333,too_close,24,0.5456
1532,il,28342,collision,9,-0.2233
1533,il,28371,too_close,29,0.4768
1534,il,28390,success,19,0.6224
1535,il,28415,too_close,25,0.5229
1536,il,28425,success,10,0.7889
1537,il,28434,success,9,0.81
1538,il,28444,success,10,0.7889
1539,il,28453,collision,9,-0.2073
1540,il,28473,too_close,20,0.5805
1541,il,28484,collision,11,-0.1921
1542,il,28493,success,9,0.81
1543,il,28506,collision,13,-0.1975
1544,il,28524,collision,18,-0.1658
1545,il,28533,success,9,0.81
1546,il,28544,success,11,0.7684
1547,il,28571,too_close,27,0.5042
1548,il,28588,success,17,0.6561
1549,il,28627,too_close,39,0.3515
1550,il,28652,too_close,25,0.5314
1551,il,28688,success,36,0.3978
1552,il,28694,success,6,0.8766
1553,il,28700,collision,6,-0.2388
1554,il,28738,success,38,0.3773
1555,il,28784,success,46,0.3057
1556,il,28789,success,5,0.9
1557,il,28823,success,34,0.4193
1558,il,28830,success,7,0.8538
1559,il,28846,success,16,0.6736
1560,il,28864,success,18,0.639
1561,il,28878,collision,14,-0.1929
1562,il,28891,success,13,0.729
1563,il,28907,success,16,0.6736
1564,il,28940,success,33,0.4305
1565,il,28943,success,3,0.9487
1566,il,28950,success,7,0.8538
1567,il,28966,success,16,0.6736
1568,il,28984,collision,18,-0.1722
1569,il,28995,collision,11,-0.21
1570,il,29008,collision,13,-0.2005
1571,il,29015,collision,7,-0.2528
1572,il,29025,success,10,0.7889
1573,il,29043,too_close,18,0.5911
1574,il,29058,collision,15,-0.2152
1575,il,29076,success,18,0.639
1576,il,29082,collision,6,-0.2199
1577,il,29115,success,33,0.4305
1578,il,29140,collision,25,-0.18
1579,il,29176,collision,36,-0.1521
1580,il,29192,collision,16,-0.1796
1581,il,29200,success,8,0.8316
1582,il,29208,success,8,0.8316
1583,il,29240,too_close,32,0.442
1584,il,29284,success,44,0.3222
1585,il,29315,collision,31,-0.1471
1586,il,29331,success,16,0.6736
1587,il,29336,collision,5,-0.2703
1588,il,29349,success,13,0.729
1589,il,29361,collision,12,-0.1883
1590,il,29378,collision,17,-0.1652
1591,il,29395,success,17,0.6561
1592,il,29400,success,5,0.9
1593,il,29408,collision,8,-0.2189
1594,il,29425,success,17,0.6561
1595,il,29426,collision,1,-0.25
1596,il,29445,success,19,0.6224
1597,il,29460,collision,15,-0.186
1598,il,29481,success,21,0.5905
1599,il,29555,too_close,74,0.1294
1600,il,29580,too_close,25,-0.1434
1601,il,29585,collision,5,-0.2572
1602,il,29607,success,22,0.5751
1603,il,29641,too_close,34,0.3798
1604,il,29664,success,23,0.5602
1605,il,29693,collision,29,-0.1286
1606,il,29700,collision,7,-0.2274
1607,il,29729,too_close,29,0.4717
1608,il,29740,collision,11,-0.1997
1609,il,29755,success,15,0.6916
1610,il,29759,success,4,0.924
1611,il,29781,success,22,0.5751
1612,il,29800,too_close,19,0.582
1613,il,29810,collision,10,-0.2067
1614,il,29824,success,14,0.71
1615,il,29838,success,14,0.71
1616,il,29896,success,58,0.2228
1617,il,29928,too_close,32,0.3456
1618,il,29949,too_close,21,0.5838
1619,il,29958,success,9,0.81
1620,il,29967,collision,9,-0.2205
1621,il,29985,success,18,0.639
1622,il,29996,collision,11,-0.2046
1623,il,30001,collision,5,-0.225
1624,il,30004,collision,3,-0.2757
1625,il,30018,collision,14,-0.1944
1626,il,30028,success,10,0.7889
1627,il,30043,too_close,15,0.6857
1628,il,30092,collision,49,-0.0857
1629,il,30116,success,24,0.5456
1630,il,30118,collision,2,-0.2503
1631,il,30161,collision,43,-0.1582
1632,il,30162,collision,1,-0.25
1633,il,30171,collision,9,-0.2025
1634,il,30185,too_close,14,0.6702
1635,il,30240,too_close,55,0.2411
1636,il,30278,success,38,0.3773
1637,il,30321,collision,43,-0.0869
1638,il,30340,success,19,0.6224
1639,il,30343,collision,3,-0.2528
1640,il,30344,collision,1,-0.25
1641,il,30359,too_close,15,0.6567
1642,il,30370,success,11,0.7684
1643,il,30372,collision,2,-0.2588
1644,il,30398,success,26,0.5176
1645,il,30419,success,21,0.5905
1646,il,30425,success,6,0.8766
1647,il,30440,success,15,0.6916
1648,il,30456,success,16,0.6736
1649,il,30475,collision,19,-0.1603
1650,il,30482,success,7,0.8538
1651,il,30493,collision,11,-0.1921
1652,il,30508,collision,15,-0.1898
1653,il,30550,too_close,42,0.332
1654,il,30566,collision,16,-0.1789
1655,il,30579,collision,13,-0.1823
1656,il,30590,success,11,0.7684
1657,il,30611,collision,21,-0.1592
1658,il,30628,collision,17,-0.1808
1659,il,30662,too_close,34,0.4183
1660,il,30680,too_close,18,0.5856
1661,il,30696,success,16,0.6736
1662,il,30715,success,19,0.6224
1663,il,30720,too_close,5,0.8781
1664,il,30749,too_close,29,0.4633
1665,il,30784,success,35,0.4084
1666,il,30822,collision,38,-0.1024
1667,il,30826,success,4,0.924
1668,il,30841,collision,15,-0.1925
1669,il,30895,too_close,54,0.2226
1670,il,30903,collision,8,-0.2079
1671,il,30932,collision,29,-0.1853
1672,il,30948,success,16,0.6736
1673,il,30950,collision,2,-0.2636
1674,il,30964,too_close,14,0.707
1675,il,31021,too_close,57,0.2288
1676,il,31042,success,21,0.5905
1677,il,31081,too_close,39,0.3561
1678,il,31115,success,34,0.4193
1679,il,31130,collision,15,-0.1833
1680,il,31139,collision,9,-0.2479
1681,il,31147,success,8,0.8316
1682,il,31163,collision,16,-0.1684
1683,il,31188,success,25,0.5314
1684,il,31214,success,26,0.5176
1685,il,31217,collision,3,-0.2596
1686,il,31222,collision,5,-0.2267
1687,il,31253,collision,31,-0.1866
1688,il,31263,success,10,0.7889
1689,il,31283,success,20,0.6063
1690,il,31313,success,30,-0.119
1691,il,31334,too_close,21,0.5672
1692,il,31349,success,15,0.6916
1693,il,31394,collision,45,-0.0855
1694,il,31404,success,10,0.7889
1695,il,31411,collision,7,-0.2279
1696,il,31424,collision,13,-0.3834
1697,il,31431,collision,7,-0.2313
1698,il,31453,success,22,0.5751
1699,il,31473,success,20,0.6063
1700,il,31478,collision,5,-0.225
1701,il,31488,collision,10,-0.2045
1702,il,31506,collision,18,-0.1701
1703,il,31578,too_close,72,0.1358
1704,il,31594,too_close,16,0.6613
1705,il,31619,collision,25,-0.1705
1706,il,31647,collision,28,-0.131
1707,il,31676,too_close,29,0.4428
1708,il,31704,success,28,0.4911
1709,il,31726,collision,22,-0.1442
1710,il,31754,success,28,0.4911
1711,il,31763,success,9,0.81
1712,il,31793,success,30,0.4659
1713,il,31817,too_close,24,0.5412
1714,il,31862,collision,45,-0.093
1715,il,31906,collision,44,-0.1041
1716,il,31917,success,11,0.7684
1717,il,31940,success,23,0.5602
1718,il,31966,collision,26,-0.136
1719,il,31979,collision,13,-0.2001
1720,il,31999,too_close,20,0.6063
1721,il,32045,success,46,0.3057
1722,il,32057,success,12,0.7485
1723,il,32067,success,10,0.7889
1724,il,32069,success,2,0.974
1725,il,32090,success,21,0.5905
1726,il,32096,success,6,0.8766
1727,il,32113,success,17,0.6561
1728,il,32213,timeout,100,0.0
1729,il,32228,success,15,0.6916
1730,il,32233,success,5,0.9
1731,il,32264,collision,31,-0.1304
1732,il,32316,too_close,52,0.2506
1733,il,32325,success,9,0.81
1734,il,32337,success,12,0.7485
1735,il,32341,collision,4,-0.2383
1736,il,32367,too_close,26,-0.1354
1737,il,32382,too_close,15,0.6916
1738,il,32397,too_close,15,0.6916
1739,il,32426,too_close,29,0.4783
1740,il,32451,success,25,0.5314
1741,il,32454,collision,3,-0.2372
1742,il,32470,success,16,0.6736
1743,il,32492,success,22,0.5751
1744,il,32503,collision,11,-0.1973
1745,il,32520,collision,17,-0.1794
1746,il,32560,collision,40,-0.097
1747,il,32573,collision,13,-0.2082
1748,il,32635,collision,62,-0.0561
1749,il,32651,success,16,0.6736
1750,il,32663,collision,12,-0.189
1751,il,32677,success,14,0.71
1752,il,32689,success,12,0.7485
1753,il,32733,collision,44,-0.0941
1754,il,32750,success,17,0.6561
1755,il,32758,collision,8,-0.2199
1756,il,32808,too_close,50,0.2751
1757,il,32824,collision,16,-0.1851
1758,il,32844,success,20,0.6063
1759,il,32867,too_close,23,0.5602
1760,il,32890,too_close,23,0.557
1761,il,32911,success,21,0.5905
1762,il,32918,success,7,0.8538
1763,il,32926,collision,8,-0.2079
1764,il,32931,success,5,0.9
1765,il,32941,collision,10,-0.1995
1766,il,32960,collision,19,-0.1616
1767,il,32975,too_close,15,0.6916
1768,il,32976,collision,1,-0.25
1769,il,32994,success,18,0.639
1770,il,33013,collision,19,-0.1585
1771,il,33020,collision,7,-0.2176
1772,il,33053,success,33,0.4305
1773,il,33059,success,6,0.8766
1774,il,33070,collision,11,-0.2067
1775,il,33071,collision,1,-0.25
1776,il,33091,collision,20,-0.176
1777,il,33103,success,12,0.7485
1778,il,33132,too_close,29,0.4623
1779,il,33138,collision,6,-0.2215
1780,il,33173,too_close,35,0.3363
1781,il,33185,too_close,12,0.7485
1782,il,33191,collision,6,-0.2192
1783,il,33207,success,16,0.6736
1784,il,33234,too_close,27,0.5042
1785,il,33247,collision,13,-0.1823
1786,il,33277,success,30,0.4659
1787,il,33288,collision,11,-0.2034
1788,il,33314,too_close,26,0.4303
1789,il,33334,collision,20,-0.1523
1790,il,33342,success,8,0.8316
1791,il,33371,too_close,29,0.4783
1792,il,33381,collision,10,-0.2082
1793,il,33402,collision,21,-0.1549
1794,il,33417,success,15,0.6916
1795,il,33428,success,11,0.7684
1796,il,33461,collision,33,-0.135
1797,il,33546,collision,85,-0.0791
1798,il,33565,collision,19,-0.1734
1799,il,33581,success,16,0.6736
1800,il,33599,collision,18,-0.1612
1801,il,33612,collision,13,-0.1993
1802,il,33638,too_close,26,0.5036
1803,il,33669,too_close,31,0.4538
1804,il,33695,success,26,0.5176
1805,il,33711,success,16,0.6736
1806,il,33751,too_close,40,0.358
1807,il,33786,collision,35,-0.1048
1808,il,33810,too_close,24,0.4851
1809,il,33891,too_close,81,0.1216
1810,il,33914,too_close,23,0.5602
1811,il,33921,success,7,0.8538
1812,il,33931,success,10,0.7889
1813,il,33958,collision,27,-0.1378
1814,il,33964,collision,6,-0.2192
1815,il,33991,too_close,27,0.4983
1816,il,34025,too_close,34,0.4099
1817,il,34035,success,10,0.7889
1818,il,34041,too_close,6,-0.2303
1819,il,34044,collision,3,-0.2372
1820,il,34065,success,21,0.5905
1821,il,34095,success,30,0.4659
1822,il,34126,too_close,31,0.4538
1823,il,34138,collision,12,-0.2219
1824,il,34163,success,25,0.5314
1825,il,34257,collision,94,-0.037
1826,il,34281,too_close,24,0.5456
1827,il,34284,collision,3,-0.2503
1828,il,34299,success,15,0.6916
1829,il,34308,success,9,0.81
1830,il,34339,too_close,31,0.4538
1831,il,34352,collision,13,-0.1852
1832,il,34385,success,33,0.4305
1833,il,34405,success,20,0.6063
1834,il,34410,collision,5,-0.2331
1835,il,34414,success,4,0.924
1836,il,34416,collision,2,-0.2435
1837,il,34422,success,6,0.8766
1838,il,34446,collision,24,-0.1364
1839,il,34464,collision,18,-0.1874
1840,il,34485,collision,21,-0.1476
1841,il,34497,collision,12,-0.2002
1842,il,34500,success,3,0.9487
1843,il,34513,collision,13,-0.183
1844,il,34532,success,19,0.6224
1845,il,34558,success,26,0.5176
1846,il,34592,success,34,0.4193
1847,il,34622,success,30,0.4659
1848,il,34666,success,44,0.3222
1849,il,34686,collision,20,-0.1751
1850,il,34689,collision,3,-0.2597
1851,il,34690,collision,1,-0.25
1852,il,34710,too_close,20,0.6063
1853,il,34737,collision,27,-0.1293
1854,il,34768,success,31,0.4538
1855,il,34788,collision,20,-0.1796
1856,il,34810,too_close,22,0.5672
1857,il,34846,collision,36,-0.1926
1858,il,34860,collision,14,-0.1811
1859,il,34864,success,4,0.924
1860,il,34867,success,3,0.9487
1861,il,34900,too_close,33,0.4305
1862,il,34908,success,8,0.8316
1863,il,34935,collision,27,-0.1422
1864,il,34956,success,21,0.5905
1865,il,34987,success,31,0.4538
1866,il,34994,collision,7,-0.2333
1867,il,35021,too_close,27,0.5042
1868,il,35045,success,24,0.5456
1869,il,35079,success,34,0.4193
1870,il,35096,too_close,17,0.6561
1871,il,35113,too_close,17,0.6379
1872,il,35139,success,26,0.5176
1873,il,35154,too_close,15,0.6916
1874,il,35189,too_close,35,0.4084
1875,il,35216,success,27,0.5042
1876,il,35223,collision,7,-0.2285
1877,il,35264,collision,41,-0.0917
1878,il,35283,collision,19,-0.1702
1879,il,35306,too_close,23,-0.1454
1880,il,35334,too_close,28,0.4494
1881,il,35349,collision,15,-0.1839
1882,il,35353,success,4,0.924
1883,il,35362,collision,9,-0.2025
1884,il,35384,too_close,22,0.5751
1885,il,35406,collision,22,-0.1542
1886,il,35412,success,6,0.8766
1887,il,35419,collision,7,-0.2251
1888,il,35450,too_close,31,0.4522
1889,il,35460,collision,10,-0.2055
1890,il,35472,success,12,0.7485
1891,il,35489,collision,17,-0.1725
1892,il,35501,success,12,0.7485
1893,il,35529,success,28,0.4911
1894,il,35544,too_close,15,0.6723
1895,il,35559,collision,15,-0.1769
1896,il,35574,success,15,0.6916
1897,il,35581,success,7,0.8538
1898,il,35603,success,22,0.5751
1899,il,35605,collision,2,-0.2435
1900,il,35624,success,19,0.6224
1901,il,35639,collision,15,-0.1796
1902,il,35653,success,14,0.71
1903,il,35655,collision,2,-0.2593
1904,il,35656,collision,1,-0.25
1905,il,35713,too_close,57,0.2231
1906,il,35737,too_close,24,0.5456
1907,il,35754,collision,17,-0.1691
1908,il,35789,too_close,35,0.3125
1909,il,35807,collision,18,-0.1666
1910,il,35816,success,9,0.81
1911,il,35834,success,18,0.639
1912,il,35850,collision,16,-0.1684
1913,il,35879,success,29,0.4783
1914,il,35888,success,9,0.81
1915,il,35926,too_close,38,0.3735
1916,il,35937,success,11,0.7684
1917,il,35969,success,32,0.442
1918,il,35978,collision,9,-0.2205
1919,il,35992,success,14,0.7079
1920,il,36020,success,28,0.4911
1921,il,36033,success,13,0.729
1922,il,36042,success,9,0.81
1923,il,36072,success,30,0.4659
1924,il,36111,collision,39,-0.1014
1925,il,36129,success,18,0.639
1926,il,36154,success,25,0.5314
1927,il,36188,success,34,0.4193
1928,il,36190,collision,2,-0.2647
1929,il,36207,collision,17,-0.3206
1930,il,36223,success,16,0.6736
1931,il,36255,too_close,32,0.442
1932,il,36266,too_close,11,-0.2121
1933,il,36277,too_close,11,0.7592
1934,il,36284,collision,7,-0.2386
1935,il,36298,collision,14,-0.1861
1936,il,36312,collision,14,-0.1801
1937,il,36345,collision,33,-0.1095
1938,il,36353,success,8,0.8316
1939,il,36366,success,13,0.729
1940,il,36397,too_close,31,0.4409
1941,il,36411,success,14,0.71
1942,il,36413,collision,2,-0.2435
1943,il,36417,success,4,0.924
1944,il,36447,too_close,30,0.4659
1945,il,36454,collision,7,-0.226
1946,il,36463,success,9,0.81
1947,il,36495,success,32,0.442
1948,il,36501,collision,6,-0.2192
1949,il,36521,too_close,20,0.594
1950,il,36552,success,31,0.4538
1951,il,36589,success,37,0.3874
1952,il,36611,success,22,0.5751
1953,il,36623,success,12,0.7485
1954,il,36636,success,13,0.729
1955,il,36646,collision,10,-0.2054
1956,il,36669,too_close,23,0.5435
1957,il,36674,success,5,0.9
1958,il,36688,success,14,0.71
1959,il,36704,collision,16,-0.177
1960,il,36717,success,13,0.729
1961,il,36738,too_close,21,0.5716
1962,il,36764,success,26,0.5176
1963,il,36801,success,37,0.3874
1964,il,36823,collision,22,-0.1503
1965,il,36835,success,12,-0.1871
1966,il,36847,success,12,0.7485
1967,il,36862,collision,15,-0.1814
1968,il,36877,too_close,15,0.6916
1969,il,36910,collision,33,-0.113
1970,il,36920,too_close,10,0.7889
1971,il,36925,too_close,5,0.9
1972,il,36960,success,35,0.4084
1973,il,36984,too_close,24,0.5442
1974,il,37002,success,18,0.639
1975,il,37019,collision,17,-0.164
1976,il,37048,too_close,29,0.4783
1977,il,37058,success,10,0.7889
1978,il,37079,too_close,21,0.5411
1979,il,37116,too_close,37,0.3792
1980,il,37139,too_close,23,0.5602
1981,il,37148,collision,9,-0.2036
1982,il,37155,success,7,0.8538
1983,il,37160,success,5,0.9
1984,il,37166,success,6,0.8766
1985,il,37179,collision,13,-0.2091
1986,il,37209,too_close,30,0.4592
1987,il,37247,collision,38,-0.1601
1988,il,37266,success,19,0.6224
1989,il,37272,success,6,0.8766
1990,il,37283,success,11,0.7684
1991,il,37288,collision,5,-0.2454
1992,il,37300,collision,12,-0.1871
1993,il,37312,collision,12,-0.1871
1994,il,37353,collision,41,-0.1109
1995,il,37361,collision,8,-0.2129
1996,il,37366,collision,5,-0.2421
1997,il,37384,collision,18,-0.1755
1998,il,37397,success,13,0.729
1999,il,37444,success,47,0.2977
2000,il,37474,too_close,30,0.4434
2001,il,37504,too_close,30,0.43
2002,il,37525,collision,21,-0.1789
2003,il,37548,too_close,23,0.5451
2004,il,37557,success,9,0.81
2005,il,37565,too_close,8,0.8316
2006,il,37588,success,23,0.5602
2007,il,37617,too_close,29,0.4783
2008,il,37658,success,41,0.3487
2009,il,37664,collision,6,-0.2192
2010,il,37698,too_close,34,0.4141
2011,il,37721,collision,23,-0.154
2012,il,37733,success,12,0.7485
2013,il,37776,collision,43,-0.1291
2014,il,37794,collision,18,-0.1695
2015,il,37812,success,18,0.639
2016,il,37835,collision,23,-0.1475
2017,il,37847,success,12,0.7485
2018,il,37854,collision,7,-0.2135
2019,il,37868,success,14,0.71
2020,il,37879,success,11,0.7684
2021,il,37897,success,18,0.639
2022,il,37900,success,3,0.9487
2023,il,37930,too_close,30,0.4649
2024,il,37946,collision,16,-0.1834
2025,il,37983,too_close,37,0.3874
2026,il,38010,collision,27,-0.1314
2027,il,38022,collision,12,-0.2052
2028,il,38029,collision,7,-0.2395
2029,il,38036,success,7,0.8538
2030,il,38054,success,18,0.639
2031,il,38072,collision,18,-0.1757
2032,il,38100,too_close,28,0.4893
2033,il,38128,collision,28,-0.1402
2034,il,38131,success,3,0.9487
2035,il,38155,success,24,0.5456
2036,il,38180,collision,25,-0.1465
2037,il,38204,success,24,0.5456
2038,il,38211,collision,7,-0.2272
2039,il,38225,collision,14,-0.1927
2040,il,38234,success,9,0.81
2041,il,38252,success,18,0.639
2042,il,38274,success,22,0.5751
2043,il,38283,collision,9,-0.2085
2044,il,38308,collision,25,-0.1543
2045,il,38325,too_close,17,0.6547
2046,il,38336,success,11,0.7684
2047,il,38341,collision,5,-0.2318
2048,il,38386,too_close,45,0.3138
2049,il,38428,too_close,42,0.3396
2050,il,38438,success,10,0.7889
2051,il,38458,collision,20,-0.1637
2052,il,38474,too_close,16,0.632
2053,il,38484,collision,10,-0.2089
2054,il,38508,too_close,24,0.5036
2055,il,38526,collision,18,-0.1601
2056,il,38550,too_close,24,0.5456
2057,il,38552,collision,2,-0.25
2058,il,38566,collision,14,-0.1776
2059,il,38597,success,31,0.4538
2060,il,38617,too_close,20,0.6063
2061,il,38639,success,22,0.5751
2062,il,38669,success,30,0.4659
2063,il,38686,success,17,0.6561
2064,il,38706,too_close,20,0.5687
2065,il,38723,success,17,0.6561
2066,il,38743,too_close,20,0.5961
2067,il,38746,success,3,0.9487
2068,il,38757,success,11,0.7684
2069,il,38766,collision,9,-0.2178
2070,il,38778,collision,12,-0.1958
2071,il,38797,too_close,19,0.6001
2072,il,38815,collision,18,-0.1633
2073,il,38823,success,8,0.8316
2074,il,38837,success,14,0.71
2075,il,38840,collision,3,-0.2563
2076,il,38852,collision,12,-0.1871
2077,il,38870,success,18,0.639
2078,il,38891,too_close,21,0.5717
2079,il,38893,collision,2,-0.2659
2080,il,38907,success,14,0.71
2081,il,38917,success,10,0.7889
2082,il,38992,too_close,75,0.135
2083,il,39007,success,15,0.6916
2084,il,39019,success,12,0.7485
2085,il,39032,success,13,0.729
2086,il,39057,success,25,0.5314
2087,il,39069,success,12,0.7485
2088,il,39079,collision,10,-0.2113
2089,il,39089,success,10,0.7889
2090,il,39131,too_close,42,0.3385
2091,il,39149,success,18,0.639
2092,il,39164,too_close,15,0.6588
2093,il,39170,collision,6,-0.223
2094,il,39191,collision,21,-0.1645
2095,il,39202,collision,11,-0.1921
2096,il,39214,success,12,0.7485
2097,il,39250,collision,36,-0.1056
2098,il,39254,collision,4,-0.2489
2099,il,39258,collision,4,-0.2585
2100,il,39287,success,29,0.4783
2101,il,39293,success,6,0.8766
2102,il,39322,success,29,0.4783
2103,il,39331,collision,9,-0.2158
2104,il,39343,collision,12,-0.1925
2105,il,39360,too_close,17,0.6466
2106,il,39363,success,3,0.9487
2107,il,39412,too_close,49,0.2662
2108,il,39421,too_close,9,0.7958
2109,il,39449,success,28,0.4911
2110,il,39487,success,38,0.3773
2111,il,39504,success,17,0.6561
2112,il,39534,success,30,0.4659
2113,il,39553,too_close,19,0.6224
2114,il,39588,collision,35,-0.1136
2115,il,39594,success,6,0.8766
2116,il,39624,collision,30,-0.1261
2117,il,39632,too_close,8,0.8316
2118,il,39648,success,16,0.6736
2119,il,39656,success,8,0.8316
2120,il,39685,too_close,29,0.4667
2121,il,39696,success,11,0.7684
2122,il,39728,too_close,32,0.442
2123,il,39752,too_close,24,0.5116
2124,il,39768,success,16,0.6736
2125,il,39789,success,21,0.5905
2126,il,39794,collision,5,-0.2403
2127,il,39800,collision,6,-0.2349
2128,il,39868,collision,68,-0.2419
2129,il,39882,too_close,14,0.71
2130,il,39887,success,5,0.9
2131,il,39905,success,18,0.639
2132,il,39918,success,13,0.729
2133,il,39938,too_close,20,0.5425
2134,il,39943,success,5,0.9
2135,il,39977,too_close,34,0.4087
2136,il,39992,collision,15,-0.2057
2137,il,40028,too_close,36,0.3866
2138,il,40067,success,39,0.3675
2139,il,40080,success,13,0.729
2140,il,40088,collision,8,-0.2098
2141,il,40103,too_close,15,0.6666
2142,il,40118,too_close,15,0.675
2143,il,40127,success,9,0.81
2144,il,40139,success,12,0.7485
2145,il,40142,collision,3,-0.2372
2146,il,40159,success,17,0.6561
2147,il,40196,too_close,37,0.3874
2148,il,40275,collision,79,-0.0344
2149,il,40297,too_close,22,0.5751
2150,il,40301,collision,4,-0.2351
2151,il,40327,success,26,0.5176
2152,il,40332,success,5,0.9
2153,il,40342,success,10,0.7889
2154,il,40359,collision,17,-0.1787
2155,il,40382,success,23,0.5602
2156,il,40400,collision,18,-0.1713
2157,il,40412,success,12,0.7485
2158,il,40422,success,10,0.7889
2159,il,40451,too_close,29,0.3195
2160,il,40471,too_close,20,0.6063
2161,il,40504,success,33,0.4305
2162,il,40522,collision,18,-0.1717
2163,il,40526,collision,4,-0.231
2164,il,40536,success,10,0.7889
2165,il,40542,collision,6,-0.2332
2166,il,40557,collision,15,-0.1879
2167,il,40574,success,17,0.6561
2168,il,40583,collision,9,-0.2089
2169,il,40606,collision,23,-0.1458
2170,il,40610,collision,4,-0.233
2171,il,40638,collision,28,-0.1284
2172,il,40653,success,15,0.6916
2173,il,40707,success,54,0.2476
2174,il,40726,too_close,19,0.6224
2175,il,40756,too_close,30,0.3894
2176,il,40774,success,18,0.639
2177,il,40800,too_close,26,0.5086
2178,il,40819,success,19,0.6224
2179,il,40842,success,23,0.5602
2180,il,40857,collision,15,-0.1776
2181,il,40911,collision,54,-0.0639
2182,il,40919,success,8,0.8316
2183,il,40934,collision,15,-0.1877
2184,il,40982,too_close,48,0.2121
2185,il,40997,success,15,0.6916
2186,il,41011,success,14,0.71
2187,il,41018,success,7,0.8538
2188,il,41041,too_close,23,0.5527
2189,il,41057,collision,16,-0.1684
2190,il,41076,success,19,0.6224
2191,il,41098,too_close,22,0.5717
2192,il,41117,success,19,0.6224
2193,il,41139,collision,22,-0.1546
2194,il,41155,collision,16,-0.1718
2195,il,41177,too_close,22,0.5751
2196,il,41182,success,5,0.9
2197,il,41186,success,4,0.924
2198,il,41227,success,41,0.3487
2199,il,41246,collision,19,-0.1771
2200,il,41269,too_close,23,0.5602
2201,il,41290,too_close,21,0.5905
2202,il,41303,too_close,13,0.6957
2203,il,41313,collision,10,-0.3615
2204,il,41329,success,16,0.6736
2205,il,41358,too_close,29,0.4569
2206,il,41362,too_close,4,0.8746
2207,il,41383,success,21,0.5905
2208,il,41409,too_close,26,0.5176
2209,il,41413,success,4,0.924
2210,il,41429,too_close,16,0.6735
2211,il,41430,collision,1,-0.25
2212,il,41439,success,9,0.81
2213,il,41450,collision,11,-0.206
2214,il,41467,collision,17,-0.168
2215,il,41471,collision,4,-0.2446
2216,il,41477,success,6,0.8766
2217,il,41499,success,22,0.5751
2218,il,41536,collision,37,-0.1687
2219,il,41544,collision,8,-0.2196
2220,il,41560,collision,16,-0.1792
2221,il,41595,too_close,35,0.3813
2222,il,41615,success,20,0.6063
2223,il,41627,success,12,0.7485
2224,il,41640,collision,13,-0.1973
2225,il,41740,timeout,100,-0.0138
2226,il,41754,success,14,0.71
2227,il,41760,success,6,0.8766
2228,il,41766,collision,6,-0.222
2229,il,41797,too_close,31,-0.1218
2230,il,41897,timeout,100,-0.0012
2231,il,41900,collision,3,-0.2606
2232,il,41928,success,28,0.4911
2233,il,41946,collision,18,-0.1931
2234,il,41961,success,15,0.6916
2235,il,41976,success,15,0.6916
2236,il,41990,collision,14,-0.1791
2237,il,41996,success,6,0.8766
2238,il,42001,success,5,0.9
2239,il,42010,success,9,0.81
2240,il,42032,too_close,22,0.5188
2241,il,42054,collision,22,-0.1555
2242,il,42067,success,13,0.729
2243,il,42071,collision,4,-0.2836
2244,il,42084,too_close,13,0.729
2245,il,42094,success,10,0.7889
2246,il,42126,success,32,0.442
2247,il,42142,success,16,0.6736
2248,il,42181,too_close,39,0.3385
2249,il,42241,success,60,0.2114
2250,il,42269,success,28,0.4911
2251,il,42307,success,38,0.3773
2252,il,42334,success,27,0.5042
2253,il,42345,collision,11,-0.2082
2254,il,42405,success,60,0.2114
2255,il,42410,success,5,0.9
2256,il,42420,collision,10,-0.2101
2257,il,42434,success,14,0.71
2258,il,42447,success,13,0.729
2259,il,42469,success,22,0.5751
2260,il,42477,collision,8,-0.2097
2261,il,42493,collision,16,-0.1825
2262,il,42502,success,9,0.81
2263,il,42518,success,16,0.6736
2264,il,42526,collision,8,-0.2185
2265,il,42541,collision,15,-0.1984
2266,il,42554,success,13,0.729
2267,il,42621,too_close,67,0.145
2268,il,42643,success,22,0.5751
2269,il,42661,success,18,0.639
2270,il,42722,too_close,61,0.2059
2271,il,42753,success,31,0.4538
2272,il,42765,success,12,0.7485
2273,il,42781,success,16,0.6736
2274,il,42800,collision,19,-0.1717
2275,il,42805,success,5,0.9
2276,il,42813,success,8,0.8316
2277,il,42822,collision,9,-0.2137
2278,il,42848,collision,26,-0.1406
2279,il,42881,too_close,33,0.4305
2280,il,42893,collision,12,-0.1871
2281,il,42916,collision,23,-0.1462
2282,il,42940,too_close,24,0.5377
2283,il,42953,too_close,13,0.6759
2284,il,42964,collision,11,-0.2015
2285,il,42974,collision,10,-0.3273
2286,il,42991,collision,17,-0.1675
2287,il,42997,collision,6,-0.239
2288,il,43015,too_close,18,0.6184
2289,il,43050,too_close,35,0.4027
2290,il,43069,collision,19,-0.1609
2291,il,43085,too_close,16,0.6433
2292,il,43114,success,29,0.4783
2293,il,43137,too_close,23,0.5532
2294,il,43141,success,4,0.924
2295,il,43151,too_close,10,0.7889
2296,il,43158,collision,7,-0.2224
2297,il,43178,success,20,0.6063
2298,il,43189,success,11,0.7684
2299,il,43198,success,9,0.81
2300,il,43215,success,17,0.6561
2301,il,43228,success,13,0.729
2302,il,43253,success,25,0.5314
2303,il,43272,collision,19,-0.1607
2304,il,43307,too_close,35,-0.1106
2305,il,43324,collision,17,-0.164
2306,il,43340,too_close,16,0.6159
2307,il,43362,too_close,22,0.5735
2308,il,43382,collision,20,-0.2141
2309,il,43390,collision,8,-0.2286
2310,il,43403,success,13,0.729
2311,il,43419,collision,16,-0.1684
2312,il,43443,success,24,0.5456
2313,il,43450,success,7,0.8538
2314,il,43477,success,27,0.5042
2315,il,43485,collision,8,-0.2079
2316,il,43520,too_close,35,0.3902
2317,il,43524,success,4,0.924
2318,il,43530,success,6,0.8766
2319,il,43593,too_close,63,0.1953
2320,il,43617,success,24,0.5456
2321,il,43624,success,7,0.8538
2322,il,43639,collision,15,-0.1729
2323,il,43659,collision,20,-0.1516
2324,il,43660,collision,1,-0.25
2325,il,43662,collision,2,-0.2599
2326,il,43674,success,12,0.7418
2327,il,43689,collision,15,-0.2286
2328,il,43716,success,27,0.5042
2329,il,43729,success,13,0.729
2330,il,43786,success,57,0.2288
2331,il,43790,collision,4,-0.2318
2332,il,43803,success,13,0.729
2333,il,43813,success,10,0.7889
2334,il,43834,success,21,0.5905
2335,il,43843,success,9,0.81
2336,il,43865,too_close,22,0.5751
2337,il,43878,success,13,0.729
2338,il,43900,too_close,22,0.5751
2339,il,43914,success,14,0.71
2340,il,43928,success,14,0.71
2341,il,43940,success,12,0.7485
2342,il,43947,collision,7,-0.2172
2343,il,43971,success,24,0.5456
2344,il,43985,success,14,0.71
2345,il,44008,success,23,0.5602
2346,il,44027,success,19,0.6224
2347,il,44052,too_close,25,0.5267
2348,il,44059,success,7,0.8538
2349,il,44061,collision,2,-0.2532
2350,il,44084,success,23,0.5602
2351,il,44120,too_close,36,0.396
2352,il,44158,too_close,38,0.3762
2353,il,44182,success,24,0.5456
2354,il,44197,collision,15,-0.2087
2355,il,44205,success,8,0.8316
2356,il,44220,success,15,0.6916
2357,il,44230,success,10,0.7889
2358,il,44237,success,7,0.8538
2359,il,44252,collision,15,-0.1868
2360,il,44287,too_close,35,0.3932
2361,il,44309,collision,22,-0.1815
2362,il,44330,too_close,21,0.5905
2363,il,44335,collision,5,-0.2721
2364,il,44346,too_close,11,0.7487
2365,il,44376,success,30,0.4659
2366,il,44411,success,35,0.4084
2367,il,44417,too_close,6,0.8764
2368,il,44420,collision,3,-0.2556
2369,il,44430,success,10,0.7889
2370,il,44435,success,5,0.9
2371,il,44456,collision,21,-0.1479
2372,il,44464,collision,8,-0.2243
2373,il,44500,success,36,0.3978
2374,il,44506,success,6,0.8766
2375,il,44535,collision,29,-0.1387
2376,il,44545,collision,10,-0.2312
2377,il,44570,collision,25,-0.1353
2378,il,44615,collision,45,-0.1027
2379,il,44621,collision,6,-0.2397
2380,il,44648,too_close,27,0.4821
2381,il,44671,success,23,0.5602
2382,il,44675,collision,4,-0.2474
2383,il,44686,success,11,0.7684
2384,il,44703,success,17,0.6561
2385,il,44729,too_close,26,0.4915
2386,il,44745,collision,16,-0.1842
2387,il,44757,success,12,0.7485
2388,il,44769,collision,12,-0.2005
2389,il,44785,success,16,0.6736
2390,il,44798,too_close,13,0.677
2391,il,44818,success,20,0.6063
2392,il,44838,collision,20,-0.1978
2393,il,44881,too_close,43,0.3073
2394,il,44897,too_close,16,0.66
2395,il,44914,collision,17,-0.164
2396,il,44920,success,6,0.8766
2397,il,44936,success,16,0.6736
2398,il,44955,collision,19,-0.1556
2399,il,44982,success,27,0.5042
2400,il,44993,success,11,0.7684
2401,il,45066,collision,73,-0.0447
2402,il,45075,collision,9,-0.2194
2403,il,45101,success,26,0.5176
2404,il,45108,success,7,0.8538
2405,il,45115,success,7,0.8538
2406,il,45131,too_close,16,0.6736
2407,il,45138,collision,7,-0.215
2408,il,45166,too_close,28,0.4911
2409,il,45169,success,3,0.9487
2410,il,45193,too_close,24,0.5344
2411,il,45209,success,16,0.6736
2412,il,45229,collision,20,-0.1623
2413,il,45238,success,9,0.81
2414,il,45254,collision,16,-0.1752
2415,il,45266,collision,12,-0.1871
2416,il,45302,success,36,0.3978
2417,il,45323,too_close,21,0.5905
2418,il,45341,too_close,18,0.6383
2419,il,45359,collision,18,-0.1702
2420,il,45390,too_close,31,0.4462
2421,il,45398,collision,8,-0.2227
2422,il,45417,success,19,0.6224
2423,il,45438,collision,21,-0.162
2424,il,45451,success,13,0.729
2425,il,45480,too_close,29,0.4749
2426,il,45496,collision,16,-0.2072
2427,il,45503,success,7,0.8538
2428,il,45547,success,44,0.3222
2429,il,45577,too_close,30,0.4485
2430,il,45586,too_close,9,-0.2198
2431,il,45602,collision,16,-0.1733
2432,il,45612,success,10,0.7889
2433,il,45646,too_close,34,0.4193
2434,il,45664,success,18,0.639
2435,il,45698,success,34,0.4193
2436,il,45713,collision,15,-0.1897
2437,il,45720,too_close,7,0.8528
2438,il,45738,collision,18,-0.1729
2439,il,45750,too_close,12,0.7485
2440,il,45762,collision,12,-0.2049
2441,il,45775,collision,13,-0.1885
2442,il,45797,success,22,0.5751
2443,il,45815,collision,18,-0.1627
2444,il,45825,collision,10,-0.2069
2445,il,45859,success,34,0.4193
2446,il,45874,collision,15,-0.1729
2447,il,45886,collision,12,-0.2017
2448,il,45921,too_close,35,0.3269
2449,il,45933,collision,12,-0.1871
2450,il,45947,success,14,0.71
2451,il,45954,collision,7,-0.22
2452,il,45979,success,25,0.5314
2453,il,45997,success,18,0.639
2454,il,46012,success,15,0.6916
2455,il,46047,success,35,0.4084
2456,il,46068,success,21,0.5905
2457,il,46095,too_close,27,0.5042
2458,il,46127,success,32,0.442
2459,il,46129,collision,2,-0.2589
2460,il,46146,collision,17,-0.1821
2461,il,46166,success,20,0.6063
2462,il,46185,collision,19,-0.1675
2463,il,46201,success,16,0.6736
2464,il,46220,collision,19,-0.1774
2465,il,46262,too_close,42,0.3206
2466,il,46267,collision,5,-0.2255
2467,il,46273,success,6,0.8766
2468,il,46295,success,22,0.5751
2469,il,46306,success,11,0.7684
2470,il,46338,collision,32,-0.1361
2471,il,46346,success,8,0.8316
2472,il,46372,success,26,0.5176
2473,il,46392,success,20,0.6063
2474,il,46405,collision,13,-0.1872
2475,il,46417,collision,12,-0.2091
2476,il,46434,collision,17,-0.1742
2477,il,46453,success,19,0.6224
2478,il,46469,success,16,0.6736
2479,il,46496,collision,27,-0.1917
2480,il,46508,success,12,0.7485
2481,il,46530,collision,22,-0.1564
2482,il,46535,too_close,5,0.8802
2483,il,46545,too_close,10,0.7889
2484,il,46567,too_close,22,0.5056
2485,il,46577,success,10,0.7889
2486,il,46592,too_close,15,0.6829
2487,il,46615,collision,23,-0.1651
2488,il,46650,success,35,0.4084
2489,il,46652,collision,2,-0.2672
2490,il,46711,too_close,59,0.217
2491,il,46741,collision,30,-0.1165
2492,il,46781,collision,40,-0.114
2493,il,46806,collision,25,-0.1329
2494,il,46814,success,8,0.8316
2495,il,46819,success,5,0.9
2496,il,46837,too_close,18,0.6386
2497,il,46849,too_close,12,0.7485
2498,il,46868,success,19,0.6224
2499,il,46882,collision,14,-0.1906
2500,il,46884,collision,2,-0.258
2501,il,46936,too_close,52,0.2482
2502,il,46957,success,21,0.5905
2503,il,46984,success,27,0.5042
2504,il,47020,too_close,36,0.3978
2505,il,47024,collision,4,-0.231
2506,il,47048,too_close,24,0.5257
2507,il,47091,too_close,43,0.3219
2508,il,47111,success,20,0.6063
2509,il,47127,collision,16,-0.1864
2510,il,47133,success,6,0.8766
2511,il,47144,success,11,0.7684
2512,il,47174,too_close,30,0.4659
2513,il,47180,success,6,0.8766
2514,il,47222,too_close,42,0.2904
2515,il,47250,too_close,28,0.4772
2516,il,47256,too_close,6,0.8709
2517,il,47260,collision,4,-0.2687
2518,il,47283,too_close,23,0.5602
2519,il,47314,success,31,0.4538
2520,il,47334,success,20,0.6063
2521,il,47342,collision,8,-0.2079
2522,il,47366,success,24,0.5456
2523,il,47382,success,16,0.6736
2524,il,47397,collision,15,-0.1875
2525,il,47412,collision,15,-0.1843
2526,il,47436,too_close,24,0.5456
2527,il,47459,too_close,23,0.5602
2528,il,47471,success,12,0.7485
2529,il,47486,success,15,0.6916
2530,il,47507,too_close,21,0.5611
2531,il,47529,success,22,0.5751
2532,il,47556,too_close,27,0.4967
2533,il,47568,collision,12,-0.202
2534,il,47575,collision,7,-0.2135
2535,il,47600,success,25,0.5314
2536,il,47640,collision,40,-0.0944
2537,il,47655,success,15,0.6916
2538,il,47656,collision,1,-0.25
2539,il,47664,success,8,0.8316
2540,il,47676,success,12,0.7485
2541,il,47690,collision,14,-0.2033
2542,il,47706,success,16,0.6736
2543,il,47716,collision,10,-0.2723
2544,il,47764,success,48,0.29
2545,il,47811,success,47,0.2977
2546,il,47834,collision,23,-0.1641
2547,il,47837,collision,3,-0.2407
2548,il,47838,collision,1,-0.25
2549,il,47846,collision,8,-0.2155
2550,il,47878,too_close,32,0.4241
2551,il,47890,success,12,0.7485
2552,il,47916,too_close,26,0.4384
2553,il,47925,success,9,0.81
2554,il,47933,success,8,0.8316
2555,il,47969,success,36,0.3978
2556,il,47985,too_close,16,-0.1691
2557,il,47988,collision,3,-0.2383
2558,il,47995,too_close,7,0.8538
2559,il,48008,success,13,0.729
2560,il,48015,collision,7,-0.2243
2561,il,48022,success,7,0.8538
2562,il,48038,collision,16,-0.1775
2563,il,48050,success,12,0.7485
2564,il,48061,too_close,11,0.7684
2565,il,48093,success,32,0.442
2566,il,48122,too_close,29,0.4783
2567,il,48139,success,17,0.6561
2568,il,48154,too_close,15,0.6753
2569,il,48175,too_close,21,0.5332
2570,il,48189,collision,14,-0.1778
2571,il,48192,collision,3,-0.2685
2572,il,48216,too_close,24,0.5292
2573,il,48242,too_close,26,0.5055
2574,il,48260,too_close,18,0.639
2575,il,48279,too_close,19,0.6205
2576,il,48293,success,14,0.71
2577,il,48306,collision,13,-0.1938
2578,il,48322,too_close,16,0.6655
2579,il,48329,collision,7,-0.2332
2580,il,48338,success,9,0.81
2581,il,48355,collision,17,-0.1932
2582,il,48367,success,12,0.7485
2583,il,48401,too_close,34,0.3962
2584,il,48432,success,31,0.4538
2585,il,48443,success,11,0.7684
2586,il,48470,collision,27,-0.1367
2587,il,48475,success,5,0.9
2588,il,48484,too_close,9,0.81
2589,il,48496,collision,12,-0.1871
2590,il,48516,collision,20,-0.1963
2591,il,48560,collision,44,-0.135
2592,il,48580,too_close,20,0.6063
2593,il,48586,success,6,0.8766
2594,il,48614,success,28,0.4911
2595,il,48617,success,3,0.9487
2596,il,48636,collision,19,-0.1599
2597,il,48643,success,7,0.8538
2598,il,48658,collision,15,-0.189
2599,il,48673,success,15,0.6916
2600,il,48686,success,13,0.729
2601,il,48706,success,20,0.6063
2602,il,48716,success,10,0.7889
2603,il,48744,too_close,28,0.4748
2604,il,48760,success,16,0.6736
2605,il,48769,collision,9,-0.21
2606,il,48804,success,35,0.4084
2607,il,48835,collision,31,-0.1275
2608,il,48848,success,13,0.729
2609,il,48867,success,19,0.6224
2610,il,48874,collision,7,-0.2335
2611,il,48888,too_close,14,0.71
2612,il,48905,success,17,0.6561
2613,il,48907,collision,2,-0.2437
2614,il,48910,collision,3,-0.2372
2615,il,48930,success,20,0.6063
2616,il,48950,collision,20,-0.1584
2617,il,48976,success,26,0.5176
2618,il,48987,success,11,0.7684
2619,il,49020,too_close,33,0.4226
2620,il,49053,success,33,0.4305
2621,il,49069,success,16,0.6736
2622,il,49080,success,11,0.7684
2623,il,49089,collision,9,-0.2062
2624,il,49156,too_close,67,0.1677
2625,il,49183,success,27,0.5042
2626,il,49204,success,21,0.5905
2627,il,49216,success,12,0.7485
2628,il,49240,collision,24,-0.1438
2629,il,49245,collision,5,-0.2468
2630,il,49278,too_close,33,0.3878
2631,il,49319,success,41,0.3487
2632,il,49344,collision,25,-0.3506
2633,il,49366,too_close,22,0.5641
2634,il,49368,collision,2,-0.2677
2635,il,49404,collision,36,-0.1087
2636,il,49419,collision,15,-0.1813
2637,il,49460,collision,41,-0.1107
2638,il,49479,success,19,0.6224
2639,il,49490,too_close,11,0.7684
2640,il,49501,collision,11,-0.2066
2641,il,49567,too_close,66,0.1805
2642,il,49579,collision,12,-0.1871
2643,il,49611,too_close,32,0.442
2644,il,49636,too_close,25,0.5206
2645,il,49703,collision,67,-0.105
2646,il,49730,success,27,0.5042
2647,il,49740,collision,10,-0.2228
2648,il,49765,too_close,25,0.4993
2649,il,49780,too_close,15,0.6689
2650,il,49792,collision,12,-0.1904
2651,il,49814,too_close,22,0.5066
2652,il,49826,collision,12,-0.1871
2653,il,49839,collision,13,-0.2003
2654,il,49840,collision,1,-0.25
2655,il,49846,collision,6,-0.2192
2656,il,49862,collision,16,-0.1891
2657,il,49879,collision,17,-0.1678
2658,il,49884,collision,5,-0.2416
2659,il,49899,collision,15,-0.1919
2660,il,49921,success,22,0.5751
2661,il,49950,success,29,0.4783
2662,il,49954,success,4,0.924
2663,il,49971,collision,17,-0.1952
2664,il,49986,too_close,15,0.668
2665,il,49996,too_close,10,0.7889
2666,il,50002,success,6,0.8766
2667,il,50012,collision,10,-0.2172
2668,il,50039,too_close,27,0.5042
2669,il,50056,success,17,0.6561
2670,il,50122,too_close,66,0.1784
2671,il,50167,collision,45,-0.0799
2672,il,50172,collision,5,-0.225
2673,il,50182,collision,10,-0.213
2674,il,50188,success,6,0.8766
2675,il,50226,collision,38,-0.1161
2676,il,50241,success,15,0.6916
2677,il,50249,collision,8,-0.2147
2678,il,50264,success,15,0.6916
2679,il,50279,collision,15,-0.1839
2680,il,50309,too_close,30,0.4619
2681,il,50319,collision,10,-0.1972
2682,il,50348,too_close,29,0.4783
2683,il,50371,collision,23,-0.1513
2684,il,50378,collision,7,-0.2135
2685,il,50411,collision,33,-0.1148
2686,il,50416,success,5,0.9
2687,il,50435,collision,19,-0.1669
2688,il,50463,collision,28,-0.1345
2689,il,50476,collision,13,-0.1823
2690,il,50499,collision,23,-0.153
2691,il,50527,success,28,0.4911
2692,il,50594,too_close,67,0.1758
2693,il,50608,success,14,0.71
2694,il,50625,collision,17,-0.1902
2695,il,50633,success,8,0.8316
2696,il,50648,collision,15,-0.1729
2697,il,50667,success,19,0.6224
2698,il,50679,collision,12,-0.1922
2699,il,50696,collision,17,-0.164
2700,il,50716,success,20,0.6063
2701,il,50738,collision,22,-0.1549
2702,il,50742,collision,4,-0.244
2703,il,50757,collision,15,-0.182
2704,il,50775,success,18,0.639
2705,il,50779,collision,4,-0.2454
2706,il,50803,success,24,0.5456
2707,il,50821,collision,18,-0.1771
2708,il,50838,collision,17,-0.1732
2709,il,50855,collision,17,-0.2005
2710,il,50907,too_close,52,0.2533
2711,il,50921,success,14,0.71
2712,il,50934,success,13,0.729
2713,il,50945,too_close,11,0.7684
2714,il,50955,success,10,0.7889
2715,il,50963,success,8,0.8316
2716,il,50977,too_close,14,0.7088
2717,il,50988,collision,11,-0.2352
2718,il,50998,success,10,0.7889
2719,il,51009,collision,11,-0.2057
2720,il,51019,success,10,0.7889
2721,il,51047,too_close,28,0.4911
2722,il,51061,too_close,14,0.7048
2723,il,51092,success,31,0.4538
2724,il,51128,too_close,36,0.3768
2725,il,51140,success,12,0.7485
2726,il,51147,success,7,0.8538
2727,il,51191,too_close,44,0.2551
2728,il,51204,collision,13,-0.2074
2729,il,51213,collision,9,-0.2027
2730,il,51220,success,7,0.8538
2731,il,51226,success,6,0.8766
2732,il,51238,collision,12,-0.1871
2733,il,51253,collision,15,-0.1761
2734,il,51273,collision,20,-0.2479
2735,il,51274,collision,1,-0.25
2736,il,51291,too_close,17,-0.1899
2737,il,51319,success,28,0.4911
2738,il,51331,collision,12,-0.2095
2739,il,51340,collision,9,-0.2025
2740,il,51345,success,5,0.9
2741,il,51360,success,15,0.6916
2742,il,51372,collision,12,-0.1949
2743,il,51403,too_close,31,0.4468
2744,il,51453,too_close,50,0.2751
2745,il,51476,success,23,0.5602
2746,il,51501,collision,25,-0.1442
2747,il,51531,too_close,30,0.4425
2748,il,51557,success,26,0.5176
2749,il,51594,too_close,37,0.2923
2750,il,51619,too_close,25,0.5314
2751,il,51626,collision,7,-0.2135
2752,il,51636,collision,10,-0.2078
2753,il,51650,too_close,14,0.7031
2754,il,51667,collision,17,-0.1779
2755,il,51695,too_close,28,0.4237
2756,il,51727,too_close,32,0.4294
2757,il,51752,collision,25,-0.1421
2758,il,51768,success,16,0.6736
2759,il,51773,collision,5,-0.2533
2760,il,51801,success,28,0.4911
2761,il,51817,collision,16,-0.1748
2762,il,51881,too_close,64,0.178
2763,il,51892,collision,11,-0.1921
2764,il,51902,success,10,0.7889
2765,il,51913,collision,11,-0.2068
2766,il,51919,collision,6,-0.2363
2767,il,51930,success,11,0.7684
2768,il,51966,success,36,0.3978
2769,il,51975,collision,9,-0.2352
2770,il,52004,too_close,29,0.3891
2771,il,52031,collision,27,-0.1331
2772,il,52048,success,17,0.6561
2773,il,52056,collision,8,-0.2124
2774,il,52071,success,15,0.6916
2775,il,52101,too_close,30,0.4466
2776,il,52116,collision,15,-0.1993
2777,il,52118,collision,2,-0.2453
2778,il,52140,too_close,22,0.561
2779,il,52153,too_close,13,0.7133
2780,il,52165,collision,12,-0.2145
2781,il,52183,collision,18,-0.1742
2782,il,52216,success,33,0.4305
2783,il,52226,too_close,10,0.7889
2784,il,52234,collision,8,-0.2235
2785,il,52245,success,11,0.7684
2786,il,52268,collision,23,-0.1474
2787,il,52278,success,10,0.7889
2788,il,52296,success,18,0.639
2789,il,52312,collision,16,-0.1686
2790,il,52325,collision,13,-0.1985
2791,il,52356,too_close,31,0.4488
2792,il,52374,success,18,0.639
2793,il,52382,collision,8,-0.2281
2794,il,52401,success,19,0.6224
2795,il,52411,success,10,0.7889
2796,il,52420,success,9,0.81
2797,il,52421,collision,1,-0.25
2798,il,52439,collision,18,-0.1687
2799,il,52447,success,8,0.8316
2800,il,52458,success,11,0.7684
2801,il,52465,collision,7,-0.2264
2802,il,52472,collision,7,-0.2187
2803,il,52487,success,15,0.6916
2804,il,52506,collision,19,-0.1556
2805,il,52535,collision,29,-0.1456
2806,il,52547,too_close,12,0.7485
2807,il,52572,collision,25,-0.1447
2808,il,52584,success,12,0.7485
2809,il,52611,success,27,0.5042
2810,il,52617,success,6,0.8766
2811,il,52628,collision,11,-0.2234
2812,il,52636,success,8,0.8316
2813,il,52648,collision,12,-0.2019
2814,il,52676,success,28,0.4911
2815,il,52683,collision,7,-0.22
2816,il,52684,collision,1,-0.25
2817,il,52705,collision,21,-0.1544
2818,il,52740,too_close,35,0.4084
2819,il,52754,collision,14,-0.1913
2820,il,52762,success,8,0.8316
2821,il,52790,success,28,0.4911
2822,il,52798,collision,8,-0.2079
2823,il,52816,success,18,0.639
2824,il,52822,collision,6,-0.2289
2825,il,52850,collision,28,-0.1368
2826,il,52877,success,27,0.5042
2827,il,52887,collision,10,-0.213
2828,il,52906,collision,19,-0.1663
2829,il,52912,collision,6,-0.2296
2830,il,52929,success,17,0.6561
2831,il,52948,collision,19,-0.1569
2832,il,52954,collision,6,-0.2479
2833,il,52976,success,22,0.5751
2834,il,53006,success,30,0.4659
2835,il,53024,success,18,0.639
2836,il,53046,collision,22,-0.1475
2837,il,53069,collision,23,-0.1771
2838,il,53086,success,17,0.6561
2839,il,53097,collision,11,-0.197
2840,il,53123,too_close,26,0.5176
2841,il,53153,too_close,30,0.4659
2842,il,53177,collision,24,-0.1543
2843,il,53219,success,42,0.3396
2844,il,53229,success,10,0.7889
2845,il,53242,success,13,0.729
2846,il,53248,collision,6,-0.2192
2847,il,53278,success,30,0.4659
2848,il,53294,too_close,16,0.6736
2849,il,53301,collision,7,-0.2135
2850,il,53344,collision,43,-0.0833
2851,il,53364,collision,20,-0.1516
2852,il,53375,collision,11,-0.2111
2853,il,53411,too_close,36,0.3686
2854,il,53432,too_close,21,0.5905
2855,il,53449,success,17,0.6561
2856,il,53453,success,4,0.924
2857,il,53477,collision,24,-0.1475
2858,il,53494,success,17,0.6561
2859,il,53511,success,17,0.6561
2860,il,53533,success,22,0.5751
2861,il,53553,success,20,0.6063
2862,il,53564,success,11,0.7684
2863,il,53583,collision,19,-0.1711
2864,il,53598,collision,15,-0.1777
2865,il,53609,collision,11,-0.2058
2866,il,53614,success,5,0.9
2867,il,53622,collision,8,-0.2079
2868,il,53631,collision,9,-0.2347
2869,il,53650,success,19,0.6224
2870,il,53681,success,31,0.4538
2871,il,53690,collision,9,-0.2033
2872,il,53708,collision,18,-0.1689
2873,il,53713,success,5,0.9
2874,il,53722,collision,9,-0.2198
2875,il,53742,too_close,20,0.6001
2876,il,53759,collision,17,-0.1747
2877,il,53768,success,9,0.81
2878,il,53779,collision,11,-0.1928
2879,il,53793,collision,14,-0.1829
2880,il,53800,collision,7,-0.2429
2881,il,53827,success,27,0.5042
2882,il,53840,too_close,13,0.6998
2883,il,53852,collision,12,-0.222
2884,il,53880,success,28,0.4911
2885,il,53887,success,7,0.8538
2886,il,53899,success,12,0.7485
2887,il,53988,too_close,89,0.0985
2888,il,54006,collision,18,-0.1598
2889,il,54033,too_close,27,0.4796
2890,il,54034,collision,1,-0.25
2891,il,54077,too_close,43,0.3308
2892,il,54092,collision,15,-0.1783
2893,il,54118,too_close,26,0.512
2894,il,54122,success,4,0.924
2895,il,54155,success,33,0.4305
2896,il,54186,too_close,31,0.4399
2897,il,54196,collision,10,-0.2034
2898,il,54197,collision,1,-0.25
2899,il,54230,success,33,0.4305
2900,il,54243,success,13,0.729
2901,il,54252,success,9,0.81
2902,il,54274,collision,22,-0.1503
2903,il,54292,too_close,18,0.6366
2904,il,54314,collision,22,-0.1809
2905,il,54328,too_close,14,0.71
2906,il,54346,collision,18,-0.1796
2907,il,54382,success,36,0.3978
2908,il,54391,too_close,9,-0.2044
2909,il,54399,success,8,0.8316
2910,il,54415,success,16,0.6736
2911,il,54453,too_close,38,0.3585
2912,il,54479,too_close,26,0.5122
2913,il,54489,collision,10,-0.206
2914,il,54494,collision,5,-0.225
2915,il,54501,collision,7,-0.218
2916,il,54518,collision,17,-0.176
2917,il,54554,too_close,36,0.3978
2918,il,54567,collision,13,-0.2002
2919,il,54593,too_close,26,0.5176
2920,il,54614,too_close,21,0.5905
2921,il,54634,too_close,20,0.6063
2922,il,54655,collision,21,-0.1547
2923,il,54661,collision,6,-0.221
2924,il,54666,collision,5,-0.2297
2925,il,54698,success,32,0.442
2926,il,54723,too_close,25,0.5314
2927,il,54748,too_close,25,0.522
2928,il,54787,success,39,0.3675
2929,il,54799,collision,12,-0.2284
2930,il,54811,collision,12,-0.1871
2931,il,54827,collision,16,-0.1802
2932,il,54866,success,39,0.3675
2933,il,54871,success,5,0.9
2934,il,54879,too_close,8,0.8316
2935,il,54890,success,11,0.7684
2936,il,54903,collision,13,-0.1853
2937,il,54915,too_close,12,0.7485
2938,il,54939,success,24,0.5456
2939,il,54964,success,25,0.5314
2940,il,54989,too_close,25,0.5314
2941,il,55003,success,14,0.71
2942,il,55008,success,5,0.9
2943,il,55028,collision,20,-0.1661
2944,il,55052,collision,24,-0.1599
2945,il,55068,success,16,0.6736
2946,il,55077,success,9,0.81
2947,il,55099,collision,22,-0.2233
2948,il,55107,success,8,0.8316
2949,il,55135,collision,28,-0.1313
2950,il,55152,too_close,17,0.6561
2951,il,55212,too_close,60,0.1583
2952,il,55227,success,15,0.6916
2953,il,55229,collision,2,-0.2593
2954,il,55235,collision,6,-0.2477
2955,il,55257,collision,22,-0.1438
2956,il,55276,too_close,19,0.5705
2957,il,55292,success,16,0.6736
2958,il,55304,collision,12,-0.2242
2959,il,55321,collision,17,-0.1892
2960,il,55323,collision,2,-0.2435
2961,il,55327,collision,4,-0.2421
2962,il,55328,collision,1,-0.25
2963,il,55337,collision,9,-0.2025
2964,il,55355,too_close,18,0.6093
2965,il,55389,too_close,34,0.4103
2966,il,55404,collision,15,-0.1789
2967,il,55411,success,7,0.8538
2968,il,55416,collision,5,-0.2449
2969,il,55450,too_close,34,0.355
2970,il,55460,success,10,0.7889
2971,il,55472,too_close,12,0.7378
2972,il,55537,too_close,65,0.1708
2973,il,55554,success,17,0.6561
2974,il,55561,too_close,7,0.8371
2975,il,55571,collision,10,-0.2127
2976,il,55583,too_close,12,0.7189
2977,il,55590,collision,7,-0.2153
2978,il,55613,success,23,0.5602
2979,il,55619,collision,6,-0.2521
2980,il,55637,success,18,0.639
2981,il,55657,success,20,0.6063
2982,il,55669,success,12,0.7485
2983,il,55690,success,21,0.5905
2984,il,55708,too_close,18,0.6044
2985,il,55717,collision,9,-0.2025
2986,il,55719,collision,2,-0.2654
2987,il,55742,success,23,0.5602
2988,il,55796,collision,54,-0.0819
2989,il,55838,too_close,42,0.2491
2990,il,55855,success,17,0.6561
2991,il,55888,too_close,33,0.4305
2992,il,55905,collision,17,-0.173
2993,il,55918,collision,13,-0.1954
2994,il,55931,success,13,0.729
2995,il,55968,success,37,0.3874
2996,il,56000,success,32,0.442
2997,il,56014,success,14,0.71
2998,il,56022,collision,8,-0.209
2999,il,56026,collision,4,-0.2537
0,rl,56033,collision,7,-0.2135
1,rl,56073,collision,40,-0.1332
2,rl,56098,collision,25,-0.1329
3,rl,56130,too_close,32,0.442
4,rl,56198,collision,68,-0.0558
5,rl,56214,success,16,0.6736
6,rl,56236,success,22,0.5751
7,rl,56269,success,33,0.4305
8,rl,56293,too_close,24,0.5456
9,rl,56303,too_close,10,0.7762
10,rl,56320,collision,17,-0.164
11,rl,56336,success,16,0.6736
12,rl,56350,success,14,0.71
13,rl,56354,success,4,0.924
14,rl,56395,success,41,0.3442
15,rl,56420,success,25,0.5314
16,rl,56427,collision,7,-0.2483
17,rl,56485,too_close,58,0.1465
18,rl,56508,collision,23,-0.14
19,rl,56558,success,50,0.2751
20,rl,56572,too_close,14,0.71
21,rl,56592,success,20,0.6063
22,rl,56628,too_close,36,0.3937
23,rl,56671,too_close,43,0.3308
24,rl,56684,success,13,0.729
25,rl,56696,collision,12,-0.1871
26,rl,56728,too_close,32,0.4138
27,rl,56753,success,25,0.5314
28,rl,56770,success,17,0.6561
29,rl,56780,too_close,10,0.7889
30,rl,56825,too_close,45,0.3138
31,rl,56838,success,13,0.729
32,rl,56859,collision,21,-0.1559
33,rl,56953,too_close,94,0.0863
34,rl,56978,success,25,0.5314
35,rl,57010,too_close,32,0.4109
36,rl,57023,success,13,0.729
37,rl,57051,success,28,0.4911
38,rl,57132,success,81,0.1216
39,rl,57154,too_close,22,0.5751
40,rl,57181,success,27,0.5042
41,rl,57200,too_close,19,0.5631
42,rl,57207,success,7,0.8538
43,rl,57216,success,9,0.81
44,rl,57223,success,7,0.8538
45,rl,57227,collision,4,-0.231
46,rl,57257,too_close,30,0.4659
47,rl,57272,collision,15,-0.2701
48,rl,57282,collision,10,-0.1972
49,rl,57315,too_close,33,0.4282
50,rl,57380,too_close,65,0.1815
51,rl,57384,collision,4,-0.231
52,rl,57413,too_close,29,0.4705
53,rl,57456,too_close,43,0.3286
54,rl,57481,success,25,0.5314
55,rl,57491,collision,10,-0.1972
56,rl,57498,success,7,0.8538
57,rl,57530,success,32,0.442
58,rl,57551,collision,21,-0.1684
59,rl,57567,collision,16,-0.1689
60,rl,57585,too_close,18,0.6387
61,rl,57616,success,31,0.4538
62,rl,57653,too_close,37,0.3363
63,rl,57663,success,10,0.7889
64,rl,57683,too_close,20,0.6063
65,rl,57737,too_close,54,0.2325
66,rl,57747,success,10,0.7889
67,rl,57800,success,53,0.2542
68,rl,57822,success,22,0.5751
69,rl,57866,too_close,44,0.3215
70,rl,57918,collision,52,-0.0652
71,rl,57955,too_close,37,0.3259
72,rl,57986,too_close,31,0.4538
73,rl,58045,too_close,59,0.2018
74,rl,58050,collision,5,-0.225
75,rl,58081,collision,31,-0.1263
76,rl,58095,success,14,0.71
77,rl,58115,success,20,0.6063
78,rl,58179,collision,64,-0.0688
79,rl,58210,success,31,0.4538
80,rl,58222,success,12,0.7485
81,rl,58228,success,6,0.8766
82,rl,58239,success,11,0.7684
83,rl,58259,success,20,0.6063
84,rl,58283,too_close,24,0.5456
85,rl,58332,too_close,49,0.2824
86,rl,58393,too_close,61,0.2036
87,rl,58401,success,8,0.8316
88,rl,58437,too_close,36,0.3661
89,rl,58461,success,24,0.5456
90,rl,58503,success,42,0.3396
91,rl,58543,too_close,40,0.3479
92,rl,58551,success,8,0.8316
93,rl,58597,collision,46,-0.0838
94,rl,58603,success,6,0.8766
95,rl,58617,success,14,0.71
96,rl,58641,success,24,0.5456
97,rl,58673,too_close,32,0.4315
98,rl,58682,collision,9,-0.2069
99,rl,58782,timeout,100,-0.0264
100,rl,58805,too_close,23,0.5589
101,rl,58837,too_close,32,0.3959
102,rl,58861,success,24,0.5456
103,rl,58906,too_close,45,0.2577
104,rl,58916,collision,10,-0.1972
105,rl,58942,collision,26,-0.163
106,rl,58956,collision,14,-0.1779
107,rl,58961,success,5,0.9
108,rl,59002,too_close,41,0.2967
109,rl,59011,success,9,0.81
110,rl,59040,success,29,0.4783
111,rl,59048,success,8,0.8316
112,rl,59053,success,5,0.9
113,rl,59082,success,29,0.4783
114,rl,59088,success,6,0.8766
115,rl,59105,collision,17,-0.164
116,rl,59125,success,20,0.6063
117,rl,59136,collision,11,-0.2516
118,rl,59154,success,18,0.639
119,rl,59188,too_close,34,0.4193
120,rl,59235,success,47,0.2977
121,rl,59244,too_close,9,0.81
122,rl,59255,success,11,0.7684
123,rl,59262,success,7,0.8538
124,rl,59279,too_close,17,0.6244
125,rl,59284,success,5,0.9
126,rl,59294,success,10,0.7889
127,rl,59318,collision,24,-0.1534
128,rl,59346,too_close,28,0.4898
129,rl,59390,too_close,44,0.3222
130,rl,59423,too_close,33,0.4296
131,rl,59482,too_close,59,0.217
132,rl,59520,too_close,38,0.3469
133,rl,59551,too_close,31,0.4142
134,rl,59560,too_close,9,0.8043
135,rl,59579,success,19,0.6224
136,rl,59588,too_close,9,0.7846
137,rl,59616,success,28,0.4911
138,rl,59623,success,7,0.8538
139,rl,59637,collision,14,-0.1775
140,rl,59650,success,13,0.729
141,rl,59670,collision,20,-0.2234
142,rl,59719,collision,49,-0.0862
143,rl,59733,too_close,14,0.6926
144,rl,59772,too_close,39,0.2879
145,rl,59803,too_close,31,0.4315
146,rl,59811,success,8,0.8316
147,rl,59823,success,12,0.7485
148,rl,59837,success,14,0.71
149,rl,59866,success,29,0.4783
150,rl,59893,too_close,27,0.5042
151,rl,59928,too_close,35,0.4084
152,rl,59998,success,70,0.1624
153,rl,60043,too_close,45,0.3045
154,rl,60075,too_close,32,0.4039
155,rl,60121,too_close,46,0.2778
156,rl,60152,too_close,31,0.4507
157,rl,60158,success,6,0.8766
158,rl,60181,collision,23,-0.1475
159,rl,60204,collision,23,-0.14
160,rl,60222,success,18,0.639
161,rl,60233,collision,11,-0.1921
162,rl,60280,too_close,47,0.2977
163,rl,60292,collision,12,-0.206
164,rl,60301,success,9,0.81
165,rl,60350,too_close,49,0.2824
166,rl,60383,success,33,0.4305
167,rl,60411,too_close,28,0.4911
168,rl,60432,too_close,21,0.5905
169,rl,60464,too_close,32,0.4411
170,rl,60477,success,13,0.729
171,rl,60515,too_close,38,0.3773
172,rl,60565,too_close,50,0.2574
173,rl,60601,success,36,0.3978
174,rl,60606,collision,5,-0.225
175,rl,60619,success,13,0.729
176,rl,60622,success,3,0.9487
177,rl,60629,success,7,0.8538
178,rl,60700,success,71,0.1582
179,rl,60705,success,5,0.9
180,rl,60708,success,3,0.9487
181,rl,60728,success,20,0.6063
182,rl,60734,collision,6,-0.2192
183,rl,60740,success,6,0.8766
184,rl,60761,success,21,0.5905
185,rl,60779,collision,18,-0.1598
186,rl,60783,collision,4,-0.2655
187,rl,60788,collision,5,-0.2413
188,rl,60810,too_close,22,0.5585
189,rl,60839,too_close,29,0.4778
190,rl,60861,success,22,0.5751
191,rl,60870,success,9,0.81
192,rl,60898,too_close,28,0.4533
193,rl,60909,too_close,11,0.7684
194,rl,60924,success,15,0.6916
195,rl,60928,collision,4,-0.231
196,rl,60948,success,20,0.6063
197,rl,60959,success,11,0.7684
198,rl,60966,too_close,7,0.8476
199,rl,60995,too_close,29,0.4697
200,rl,61001,collision,6,-0.258
201,rl,61012,success,11,0.7684
202,rl,61043,success,31,0.4497
203,rl,61053,success,10,0.7889
204,rl,61081,too_close,28,0.4456
205,rl,61119,collision,38,-0.0943
206,rl,61146,success,27,0.5042
207,rl,61172,success,26,0.5176
208,rl,61196,too_close,24,0.5195
209,rl,61227,success,31,0.4538
210,rl,61247,success,20,0.6063
211,rl,61257,collision,10,-0.1972
212,rl,61277,collision,20,-0.1516
213,rl,61289,success,12,0.7485
214,rl,61308,success,19,0.6224
215,rl,61323,too_close,15,0.6916
216,rl,61350,success,27,0.5042
217,rl,61375,success,25,0.5314
218,rl,61390,collision,15,-0.1729
219,rl,61459,success,69,0.1668
220,rl,61470,success,11,0.7684
221,rl,61513,success,43,0.3308
222,rl,61519,success,6,0.8766
223,rl,61532,success,13,0.729
224,rl,61546,success,14,0.71
225,rl,61586,too_close,40,0.3559
226,rl,61599,success,13,0.729
227,rl,61620,success,21,0.5905
228,rl,61669,too_close,49,0.2689
229,rl,61683,success,14,0.71
230,rl,61710,too_close,27,0.5042
231,rl,61733,too_close,23,0.5188
232,rl,61741,collision,8,-0.2079
233,rl,61774,collision,33,-0.1076
234,rl,61800,too_close,26,0.5176
235,rl,61812,success,12,0.7485
236,rl,61844,collision,32,-0.1105
237,rl,61881,too_close,37,0.3439
238,rl,61925,too_close,44,0.2948
239,rl,61967,too_close,42,0.3169
240,rl,61989,success,22,0.5751
241,rl,62004,success,15,0.6916
242,rl,62034,success,30,0.4659
243,rl,62049,success,15,0.6916
244,rl,62079,success,30,0.4659
245,rl,62090,success,11,0.7684
246,rl,62105,too_close,15,0.6835
247,rl,62133,too_close,28,0.4708
248,rl,62138,collision,5,-0.225
249,rl,62195,collision,57,-0.0572
250,rl,62235,success,40,0.358
251,rl,62242,success,7,0.8538
252,rl,62273,success,31,0.4538
253,rl,62284,collision,11,-0.2111
254,rl,62306,success,22,0.5751
255,rl,62313,success,7,0.8538
256,rl,62329,too_close,16,0.6736
257,rl,62342,success,13,0.729
258,rl,62371,too_close,29,0.4782
259,rl,62395,collision,24,-0.1364
260,rl,62409,success,14,0.71
261,rl,62444,success,35,0.4084
262,rl,62454,success,10,0.7889
263,rl,62511,too_close,57,0.2288
264,rl,62547,collision,36,-0.156
265,rl,62627,success,80,0.1248
266,rl,62656,success,29,0.4783
267,rl,62677,success,21,0.5905
268,rl,62702,too_close,25,0.5314
269,rl,62712,collision,10,-0.1972
270,rl,62719,success,7,0.8538
271,rl,62729,success,10,0.7889
272,rl,62782,collision,53,-0.0843
273,rl,62810,collision,28,-0.1228
274,rl,62833,too_close,23,0.5602
275,rl,62852,too_close,19,0.6184
276,rl,62859,success,7,0.8538
277,rl,62872,success,13,0.729
278,rl,62876,collision,4,-0.2373
279,rl,62895,too_close,19,0.5999
280,rl,62918,too_close,23,0.4252
281,rl,62954,success,36,0.3978
282,rl,63008,success,54,0.2476
283,rl,63011,success,3,0.9487
284,rl,63054,too_close,43,0.3257
285,rl,63066,success,12,0.7485
286,rl,63079,success,13,0.7203
287,rl,63097,success,18,0.639
288,rl,63130,too_close,33,0.3937
289,rl,63148,success,18,0.639
290,rl,63155,collision,7,-0.2879
291,rl,63162,success,7,0.8538
292,rl,63172,success,10,0.7889
293,rl,63212,success,40,0.358
294,rl,63222,success,10,0.7849
295,rl,63236,too_close,14,0.71
296,rl,63271,too_close,35,0.3855
297,rl,63283,collision,12,-0.1871
298,rl,63289,success,6,0.8766
299,rl,63306,success,17,0.6561
300,rl,63312,success,6,0.8766
301,rl,63337,too_close,25,0.4505
302,rl,63374,too_close,37,0.3687
303,rl,63379,success,5,0.9
304,rl,63386,success,7,0.8538
305,rl,63391,success,5,0.9
306,rl,63403,too_close,12,0.7485
307,rl,63424,collision,21,-0.1476
308,rl,63449,too_close,25,0.5314
309,rl,63454,success,5,0.9
310,rl,63496,too_close,42,0.33
311,rl,63521,success,25,0.5314
312,rl,63582,too_close,61,0.1708
313,rl,63615,success,33,0.4305
314,rl,63644,success,29,0.4783
315,rl,63697,success,53,0.2542
316,rl,63724,too_close,27,0.5042
317,rl,63738,too_close,14,0.71
318,rl,63821,too_close,83,0.0852
319,rl,63869,too_close,48,0.2778
320,rl,63901,success,32,0.442
321,rl,63910,success,9,0.81
322,rl,63919,success,9,0.81
323,rl,63965,too_close,46,0.2815
324,rl,63976,too_close,11,0.7028
325,rl,64016,too_close,40,0.2605
326,rl,64044,success,28,0.4911
327,rl,64079,too_close,35,0.3327
328,rl,64095,collision,16,-0.1684
329,rl,64167,too_close,72,0.1423
330,rl,64180,success,13,0.729
331,rl,64193,collision,13,-0.1823
332,rl,64243,success,50,0.2751
333,rl,64264,success,21,0.5905
334,rl,64310,too_close,46,0.2904
335,rl,64325,success,15,0.6916
336,rl,64333,success,8,0.8316
337,rl,64334,collision,1,-0.25
338,rl,64369,too_close,35,0.4071
339,rl,64389,success,20,0.6063
340,rl,64396,success,7,0.8538
341,rl,64421,success,25,0.5314
342,rl,64463,too_close,42,0.3396
343,rl,64476,collision,13,-0.2036
344,rl,64483,success,7,0.8538
345,rl,64506,success,23,0.5602
346,rl,64527,success,21,0.5905
347,rl,64548,success,21,0.5905
348,rl,64554,collision,6,-0.2192
349,rl,64555,collision,1,-0.25
350,rl,64565,success,10,0.7889
351,rl,64585,too_close,20,0.5792
352,rl,64621,too_close,36,0.3603
353,rl,64662,too_close,41,0.344
354,rl,64699,collision,37,-0.0969
355,rl,64732,too_close,33,0.4129
356,rl,64751,success,19,0.6224
357,rl,64773,success,22,0.5751
358,rl,64783,success,10,0.7889
359,rl,64792,success,9,0.81
360,rl,64827,too_close,35,0.4084
361,rl,64831,success,4,0.924
362,rl,64874,collision,43,-0.1252
363,rl,64895,too_close,21,0.5905
364,rl,64995,timeout,100,-0.0431
365,rl,65023,success,28,0.4911
366,rl,65050,success,27,0.5042
367,rl,65079,success,29,0.4783
368,rl,65102,success,23,0.5602
369,rl,65154,too_close,52,0.1779
370,rl,65186,success,32,0.442
371,rl,65199,collision,13,-0.1823
372,rl,65212,too_close,13,0.729
373,rl,65239,too_close,27,0.4974
374,rl,65244,collision,5,-0.2442
375,rl,65265,success,21,0.5905
376,rl,65297,success,32,0.442
377,rl,65308,success,11,0.7684
378,rl,65326,too_close,18,0.634
379,rl,65347,too_close,21,0.5166
380,rl,65362,success,15,0.6916
381,rl,65375,success,13,0.729
382,rl,65415,too_close,40,0.358
383,rl,65435,success,20,0.6063
384,rl,65442,collision,7,-0.2135
385,rl,65465,success,23,0.5602
386,rl,65548,collision,83,-0.0288
387,rl,65557,success,9,0.81
388,rl,65582,success,25,0.5314
389,rl,65611,success,29,0.4783
390,rl,65620,too_close,9,0.8025
391,rl,65630,collision,10,-0.1972
392,rl,65648,too_close,18,0.6335
393,rl,65689,success,41,0.3487
394,rl,65695,success,6,0.8766
395,rl,65713,success,18,0.639
396,rl,65716,collision,3,-0.2845
397,rl,65724,success,8,0.8316
398,rl,65748,too_close,24,0.538
399,rl,65831,collision,83,-0.0288
400,rl,65861,collision,30,-0.1216
401,rl,65880,success,19,0.6224
402,rl,65925,too_close,45,0.3138
403,rl,66005,too_close,80,0.1248
404,rl,66037,too_close,32,0.3553
405,rl,66098,success,61,0.2059
406,rl,66141,collision,43,-0.0827
407,rl,66167,collision,26,-0.1294
408,rl,66203,success,36,0.3978
409,rl,66238,too_close,35,0.2679
410,rl,66270,too_close,32,0.4264
411,rl,66282,collision,12,-0.1878
412,rl,66310,too_close,28,0.4911
413,rl,66352,collision,42,-0.0849
414,rl,66397,too_close,45,0.3105
415,rl,66413,too_close,16,0.6629
416,rl,66513,timeout,100,-0.0039
417,rl,66557,too_close,44,0.2965
418,rl,66587,too_close,30,0.4138
419,rl,66609,too_close,22,0.542
420,rl,66628,collision,19,-0.1924
421,rl,66662,success,34,0.4193
422,rl,66678,success,16,0.6736
423,rl,66708,too_close,30,0.4411
424,rl,66749,too_close,41,0.3295
425,rl,66771,collision,22,-0.1438
426,rl,66866,too_close,95,0.0331
427,rl,66896,success,30,0.4659
428,rl,66900,collision,4,-0.231
429,rl,66911,success,11,0.7684
430,rl,66938,collision,27,-0.126
431,rl,66942,collision,4,-0.2461
432,rl,66952,success,10,0.7889
433,rl,66961,collision,9,-0.2025
434,rl,66994,success,33,0.4305
435,rl,67063,collision,69,-0.1108
436,rl,67068,success,5,0.9
437,rl,67077,too_close,9,0.8086
438,rl,67131,success,54,0.2476
439,rl,67168,too_close,37,0.3331
440,rl,67190,too_close,22,0.5478
441,rl,67199,success,9,0.81
442,rl,67224,too_close,25,0.4796
443,rl,67252,success,28,0.4911
444,rl,67270,success,18,0.639
445,rl,67283,success,13,0.729
446,rl,67323,collision,40,-0.0895
447,rl,67347,too_close,24,0.5222
448,rl,67368,collision,21,-0.1476
449,rl,67391,too_close,23,0.5568
450,rl,67432,collision,41,-0.0874
451,rl,67442,success,10,0.7889
452,rl,67497,too_close,55,0.1268
453,rl,67523,too_close,26,0.4709
454,rl,67542,success,19,0.6224
455,rl,67559,collision,17,-0.164
456,rl,67583,success,24,0.5456
457,rl,67601,too_close,18,0.6324
458,rl,67654,success,53,0.2542
459,rl,67670,too_close,16,0.6467
460,rl,67696,too_close,26,0.4869
461,rl,67731,too_close,35,0.3762
462,rl,67757,too_close,26,0.5141
463,rl,67847,too_close,90,0.0893
464,rl,67896,too_close,49,0.2498
465,rl,67915,too_close,19,0.6224
466,rl,67930,too_close,15,0.6916
467,rl,67937,success,7,0.8538
468,rl,67965,success,28,0.4911
469,rl,67989,success,24,0.5456
470,rl,68007,collision,18,-0.1598
471,rl,68041,too_close,34,0.4193
472,rl,68054,collision,13,-0.1823
473,rl,68062,success,8,0.8316
474,rl,68102,too_close,40,0.3539
475,rl,68119,too_close,17,0.5848
476,rl,68145,too_close,26,0.506
477,rl,68152,success,7,0.8538
478,rl,68170,success,18,0.639
479,rl,68211,success,41,0.3487
480,rl,68255,success,44,0.3222
481,rl,68273,collision,18,-0.1598
482,rl,68289,success,16,0.6736
483,rl,68330,success,41,0.3487
484,rl,68369,too_close,39,0.3637
485,rl,68398,too_close,29,0.4783
486,rl,68407,success,9,0.81
487,rl,68448,collision,41,-0.0872
488,rl,68470,success,22,0.5751
489,rl,68486,collision,16,-0.1684
490,rl,68509,success,23,0.5602
491,rl,68536,success,27,0.5042
492,rl,68554,collision,18,-0.1598
493,rl,68588,success,34,0.4193
494,rl,68602,success,14,0.71
495,rl,68636,success,34,0.4193
496,rl,68648,success,12,0.7485
497,rl,68663,too_close,15,0.6876
498,rl,68692,too_close,29,0.4539
499,rl,68699,success,7,0.8538
500,rl,68707,collision,8,-0.2079
501,rl,68722,too_close,15,0.6802
502,rl,68753,too_close,31,0.4518
503,rl,68805,collision,52,-0.0652
504,rl,68830,too_close,25,0.5305
505,rl,68852,success,22,0.5751
506,rl,68866,success,14,0.71
507,rl,68915,too_close,49,0.2824
508,rl,68922,collision,7,-0.2135
509,rl,68951,too_close,29,0.4591
510,rl,68968,too_close,17,0.6561
511,rl,68969,collision,1,-0.25
512,rl,68979,success,10,0.7889
513,rl,69064,too_close,85,0.0934
514,rl,69082,too_close,18,0.639
515,rl,69093,too_close,11,0.7396
516,rl,69112,success,19,0.6224
517,rl,69125,success,13,0.729
518,rl,69143,collision,18,-0.1598
519,rl,69192,too_close,49,0.2507
520,rl,69198,collision,6,-0.2192
521,rl,69255,too_close,57,0.2136
522,rl,69268,success,13,0.729
523,rl,69283,collision,15,-0.1729
524,rl,69289,success,6,0.8766
525,rl,69319,success,30,0.4659
526,rl,69345,success,26,0.5176
527,rl,69367,success,22,0.5751
528,rl,69391,too_close,24,0.5456
529,rl,69412,success,21,0.5905
530,rl,69426,collision,14,-0.1775
531,rl,69432,collision,6,-0.2192
532,rl,69454,success,22,0.5751
533,rl,69506,too_close,52,0.247
534,rl,69514,collision,8,-0.2138
535,rl,69527,success,13,0.729
536,rl,69578,too_close,51,0.2453
537,rl,69597,success,19,0.6224
538,rl,69611,too_close,14,-0.1945
539,rl,69616,success,5,0.9
540,rl,69650,too_close,34,0.3306
541,rl,69675,too_close,25,0.5312
542,rl,69692,too_close,17,0.6499
543,rl,69753,too_close,61,0.2059
544,rl,69801,collision,48,-0.0725
545,rl,69835,too_close,34,0.4057
546,rl,69880,collision,45,-0.1045
547,rl,69895,success,15,0.6916
548,rl,69913,success,18,0.639
549,rl,69940,success,27,0.5042
550,rl,69970,too_close,30,0.4544
551,rl,69997,success,27,0.5042
552,rl,70010,collision,13,-0.2135
553,rl,70020,collision,10,-0.2102
554,rl,70073,too_close,53,0.2462
555,rl,70093,collision,20,-0.16
556,rl,70099,success,6,0.8766
557,rl,70109,success,10,0.7889
558,rl,70188,too_close,79,0.1282
559,rl,70204,collision,16,-0.1684
560,rl,70242,success,38,0.3773
561,rl,70251,success,9,0.81
562,rl,70277,success,26,0.5176
563,rl,70337,too_close,60,0.2036
564,rl,70363,too_close,26,0.4913
565,rl,70370,collision,7,-0.2135
566,rl,70419,too_close,49,0.269
567,rl,70468,success,49,0.2824
568,rl,70516,too_close,48,0.2491
569,rl,70541,too_close,25,0.5106
570,rl,70559,collision,18,-0.1598
571,rl,70576,too_close,17,0.6545
572,rl,70596,too_close,20,0.5942
573,rl,70616,too_close,20,0.5817
574,rl,70638,too_close,22,0.5751
575,rl,70675,success,37,0.3874
576,rl,70697,success,22,0.5751
577,rl,70741,too_close,44,0.3222
578,rl,70788,success,47,0.2977
579,rl,70795,success,7,0.8538
580,rl,70826,success,31,0.4538
581,rl,70844,collision,18,-0.1598
582,rl,70854,too_close,10,0.7794
583,rl,70863,success,9,0.81
584,rl,70878,success,15,0.6916
585,rl,70898,success,20,0.6063
586,rl,70916,too_close,18,0.6341
587,rl,70923,collision,7,-0.2135
588,rl,70929,collision,6,-0.2192
589,rl,70941,success,12,0.7485
590,rl,70951,success,10,0.7889
591,rl,70962,success,11,0.7684
592,rl,70972,collision,10,-0.1972
593,rl,70991,collision,19,-0.1556
594,rl,71015,success,24,0.5456
595,rl,71025,too_close,10,0.7764
596,rl,71031,success,6,0.8766
597,rl,71062,too_close,31,0.4075
598,rl,71152,too_close,90,0.0884
599,rl,71198,too_close,46,0.3057
600,rl,71210,success,12,0.7485
601,rl,71224,success,14,0.71
602,rl,71277,collision,53,-0.0671
603,rl,71344,success,67,0.1758
604,rl,71360,too_close,16,0.6061
605,rl,71368,success,8,0.8316
606,rl,71385,success,17,0.6561
607,rl,71401,too_close,16,0.6295
608,rl,71427,success,26,0.5176
609,rl,71454,too_close,27,0.4962
610,rl,71471,success,17,0.6561
611,rl,71479,success,8,0.8316
612,rl,71506,too_close,27,0.5037
613,rl,71535,success,29,0.4783
614,rl,71547,success,12,0.7485
615,rl,71553,collision,6,-0.2192
616,rl,71557,collision,4,-0.231
617,rl,71564,success,7,0.8538
618,rl,71577,collision,13,-0.1823
619,rl,71624,too_close,47,0.2977
620,rl,71656,success,32,0.442
621,rl,71664,success,8,0.8316
622,rl,71703,collision,39,-0.0919
623,rl,71719,too_close,16,0.6665
624,rl,71750,too_close,31,0.4538
625,rl,71850,timeout,100,-0.0279
626,rl,71871,too_close,21,0.5905
627,rl,71880,success,9,0.81
628,rl,71890,success,10,0.7889
629,rl,71912,too_close,22,0.5121
630,rl,71917,collision,5,-0.225
631,rl,71935,too_close,18,0.639
632,rl,71937,success,2,0.974
633,rl,71943,collision,6,-0.2647
634,rl,71959,collision,16,-0.1697
635,rl,71978,too_close,19,0.6143
636,rl,71984,success,6,0.8766
637,rl,72019,collision,35,-0.1021
638,rl,72060,collision,41,-0.0872
639,rl,72064,success,4,0.924
640,rl,72093,success,29,0.4783
641,rl,72193,timeout,100,-0.0444
642,rl,72208,collision,15,-0.1729
643,rl,72215,collision,7,-0.2135
644,rl,72237,collision,22,-0.1438
645,rl,72277,too_close,40,0.358
646,rl,72307,too_close,30,0.4659
647,rl,72330,too_close,23,0.5404
648,rl,72358,success,28,0.4911
649,rl,72387,success,29,0.4783
650,rl,72396,success,9,0.81
651,rl,72441,too_close,45,0.3136
652,rl,72452,success,11,0.7684
653,rl,72465,too_close,13,0.6964
654,rl,72484,success,19,0.599
655,rl,72539,too_close,55,0.2411
656,rl,72550,too_close,11,0.7332
657,rl,72573,too_close,23,0.5515
658,rl,72589,success,16,0.6736
659,rl,72598,success,9,0.81
660,rl,72686,collision,88,-0.0253
661,rl,72708,success,22,0.5751
662,rl,72740,success,32,0.442
663,rl,72768,collision,28,-0.1925
664,rl,72782,success,14,0.71
665,rl,72829,too_close,47,0.2977
666,rl,72872,success,43,0.3308
667,rl,72876,success,4,0.924
668,rl,72880,success,4,0.924
669,rl,72897,success,17,0.6561
670,rl,72913,collision,16,-0.1684
671,rl,72944,too_close,31,0.4538
672,rl,72971,success,27,0.5042
673,rl,73007,success,36,0.3978
674,rl,73014,collision,7,-0.2348
675,rl,73059,success,45,0.3138
676,rl,73079,too_close,20,0.5937
677,rl,73083,success,4,0.924
678,rl,73091,success,8,0.8082
679,rl,73121,success,30,0.4659
680,rl,73137,collision,16,-0.1684
681,rl,73161,too_close,24,0.5379
682,rl,73195,too_close,34,0.3888
683,rl,73226,success,31,0.4538
684,rl,73250,collision,24,-0.1837
685,rl,73286,success,36,0.3978
686,rl,73297,success,11,0.7684
687,rl,73321,too_close,24,0.5012
688,rl,73324,success,3,0.9487
689,rl,73363,success,39,0.3675
690,rl,73368,collision,5,-0.225
691,rl,73409,success,41,0.3487
692,rl,73444,too_close,35,0.3031
693,rl,73474,success,30,0.4648
694,rl,73507,too_close,33,0.4305
695,rl,73551,collision,44,-0.0922
696,rl,73571,collision,20,-0.1523
697,rl,73654,too_close,83,0.1153
698,rl,73693,too_close,39,0.3462
699,rl,73704,collision,11,-0.1921
700,rl,73708,collision,4,-0.231
701,rl,73741,success,33,0.4305
702,rl,73763,success,22,0.5751
703,rl,73791,too_close,28,0.4911
704,rl,73807,too_close,16,0.639
705,rl,73814,collision,7,-0.2135
706,rl,73835,success,21,0.5905
707,rl,73861,success,26,0.5176
708,rl,73881,success,20,0.6063
709,rl,73937,too_close,56,0.2342
710,rl,73984,collision,47,-0.142
711,rl,74020,too_close,36,0.3711
712,rl,74047,too_close,27,0.4819
713,rl,74050,success,3,0.9487
714,rl,74073,collision,23,-0.14
715,rl,74075,success,2,0.974
716,rl,74106,too_close,31,0.4538
717,rl,74139,success,33,0.4305
718,rl,74151,collision,12,-0.1871
719,rl,74165,too_close,14,0.71
720,rl,74177,collision,12,-0.1871
721,rl,74215,success,38,0.3773
722,rl,74244,success,29,0.4783
723,rl,74278,collision,34,-0.1048
724,rl,74307,success,29,0.4783
725,rl,74350,too_close,43,0.2572
726,rl,74364,success,14,0.71
727,rl,74379,success,15,0.6916
728,rl,74407,success,28,0.4911
729,rl,74427,collision,20,-0.1516
730,rl,74476,too_close,49,0.2759
731,rl,74522,too_close,46,0.2982
732,rl,74555,collision,33,-0.1076
733,rl,74567,success,12,0.7485
734,rl,74579,collision,12,-0.2166
735,rl,74599,too_close,20,0.6063
736,rl,74615,too_close,16,0.6653
737,rl,74627,too_close,12,0.7456
738,rl,74636,collision,9,-0.2025
739,rl,74656,success,20,0.6063
740,rl,74665,success,9,0.81
741,rl,74690,success,25,0.5314
742,rl,74713,too_close,23,0.5268
743,rl,74727,success,14,0.71
744,rl,74734,success,7,0.8538
745,rl,74765,too_close,31,0.4307
746,rl,74775,collision,10,-0.2141
747,rl,74803,success,28,0.4911
748,rl,74830,collision,27,-0.126
749,rl,74870,success,40,0.358
750,rl,74896,success,26,0.5176
751,rl,74907,success,11,0.7684
752,rl,74945,success,38,0.3773
753,rl,74958,success,13,0.729
754,rl,74986,too_close,28,0.4522
755,rl,75012,too_close,26,0.5176
756,rl,75027,success,15,0.6916
757,rl,75047,too_close,20,0.5692
758,rl,75074,collision,27,-0.126
759,rl,75155,too_close,81,0.1108
760,rl,75160,success,5,0.9
761,rl,75185,success,25,0.5314
762,rl,75220,too_close,35,0.4084
763,rl,75244,too_close,24,0.5456
764,rl,75275,collision,31,-0.1216
765,rl,75287,too_close,12,0.7154
766,rl,75320,too_close,33,0.4018
767,rl,75334,success,14,0.71
768,rl,75355,success,21,0.5905
769,rl,75364,success,9,0.81
770,rl,75373,collision,9,-0.2025
771,rl,75395,too_close,22,0.5421
772,rl,75402,success,7,0.8538
773,rl,75429,success,27,0.5042
774,rl,75441,success,12,0.7485
775,rl,75447,success,6,0.8766
776,rl,75462,collision,15,-0.1729
777,rl,75498,too_close,36,0.3772
778,rl,75531,too_close,33,0.4199
779,rl,75570,too_close,39,0.3675
780,rl,75586,too_close,16,-0.1755
781,rl,75626,too_close,40,0.3241
782,rl,75651,too_close,25,0.5314
783,rl,75672,too_close,21,0.5889
784,rl,75680,too_close,8,0.8288
785,rl,75722,too_close,42,0.3396
786,rl,75735,success,13,0.7132
787,rl,75753,collision,18,-0.1862
788,rl,75790,too_close,37,0.3874
789,rl,75800,success,10,0.7889
790,rl,75813,success,13,0.729
791,rl,75884,collision,71,-0.0396
792,rl,75919,too_close,35,0.4084
793,rl,75930,success,11,0.7684
794,rl,75939,collision,9,-0.2225
795,rl,75970,success,31,0.4538
796,rl,75979,collision,9,-0.2035
797,rl,75992,collision,13,-0.1823
798,rl,76012,success,20,0.6063
799,rl,76023,success,11,0.7684
800,rl,76055,too_close,32,0.4388
801,rl,76082,success,27,0.5042
802,rl,76101,too_close,19,0.6094
803,rl,76107,collision,6,-0.2192
804,rl,76123,success,16,0.6736
805,rl,76174,too_close,51,0.2575
806,rl,76190,collision,16,-0.1684
807,rl,76211,too_close,21,0.5802
808,rl,76234,collision,23,-0.14
809,rl,76248,too_close,14,0.7069
810,rl,76271,success,23,0.5602
811,rl,76283,collision,12,-0.1914
812,rl,76304,collision,21,-0.1476
813,rl,76328,success,24,0.5456
814,rl,76357,success,29,0.4783
815,rl,76382,collision,25,-0.1891
816,rl,76425,too_close,43,0.2859
817,rl,76463,success,38,0.3773
818,rl,76518,success,55,0.2411
819,rl,76573,too_close,55,0.2332
820,rl,76615,too_close,42,0.3121
821,rl,76636,collision,21,-0.1476
822,rl,76713,too_close,77,0.1331
823,rl,76781,too_close,68,0.1328
824,rl,76810,too_close,29,0.4783
825,rl,76859,too_close,49,0.2545
826,rl,76866,success,7,0.8538
827,rl,76896,too_close,30,0.4589
828,rl,76905,collision,9,-0.2025
829,rl,76925,too_close,20,0.6034
830,rl,76932,success,7,0.8416
831,rl,76955,success,23,0.5602
832,rl,76994,too_close,39,0.3675
833,rl,77006,success,12,0.7485
834,rl,77023,collision,17,-0.24
835,rl,77052,collision,29,-0.1196
836,rl,77070,collision,18,-0.1637
837,rl,77144,too_close,74,0.1403
838,rl,77169,success,25,0.5314
839,rl,77182,success,13,0.729
840,rl,77207,success,25,0.5314
841,rl,77229,success,22,0.5751
842,rl,77250,too_close,21,0.5905
843,rl,77263,success,13,0.729
844,rl,77284,success,21,0.5905
845,rl,77317,too_close,33,0.4305
846,rl,77329,collision,12,-0.2322
847,rl,77356,too_close,27,0.4992
848,rl,77391,too_close,35,0.3888
849,rl,77408,collision,17,-0.164
850,rl,77441,success,33,0.4305
851,rl,77457,collision,16,-0.1821
852,rl,77478,collision,21,-0.1476
853,rl,77498,success,20,0.6063
854,rl,77557,too_close,59,0.2129
855,rl,77585,too_close,28,0.4911
856,rl,77647,too_close,62,0.2005
857,rl,77693,too_close,46,0.3028
858,rl,77750,too_close,57,0.2288
859,rl,77770,success,20,0.6063
860,rl,77786,collision,16,-0.1684
861,rl,77834,success,48,0.29
862,rl,77847,too_close,13,0.719
863,rl,77864,success,17,0.6561
864,rl,77895,success,31,0.4538
865,rl,77913,too_close,18,0.639
866,rl,77914,collision,1,-0.25
867,rl,77922,success,8,0.8286
868,rl,77937,success,15,0.6916
869,rl,77956,success,19,0.6224
870,rl,77970,too_close,14,0.6944
871,rl,78001,too_close,31,0.4471
872,rl,78027,too_close,26,0.4749
873,rl,78053,too_close,26,0.501
874,rl,78068,success,15,0.6916
875,rl,78075,success,7,0.8538
876,rl,78095,success,20,0.6063
877,rl,78136,collision,41,-0.099
878,rl,78159,collision,23,-0.14
879,rl,78193,too_close,34,0.4193
880,rl,78207,success,14,0.71
881,rl,78212,success,5,0.9
882,rl,78248,too_close,36,0.3978
883,rl,78249,collision,1,-0.25
884,rl,78269,collision,20,-0.1516
885,rl,78335,too_close,66,0.1724
886,rl,78346,success,11,0.7649
887,rl,78380,success,34,0.4193
888,rl,78405,success,25,0.5314
889,rl,78416,too_close,11,0.7684
890,rl,78446,success,30,0.4659
891,rl,78482,too_close,36,0.3824
892,rl,78503,too_close,21,0.5904
893,rl,78523,success,20,0.6063
894,rl,78548,too_close,25,0.5164
895,rl,78574,too_close,26,0.4675
896,rl,78588,success,14,0.71
897,rl,78625,too_close,37,0.3684
898,rl,78646,too_close,21,0.5672
899,rl,78680,success,34,0.4193
900,rl,78687,success,7,0.8538
901,rl,78693,success,6,0.8766
902,rl,78696,success,3,0.9487
903,rl,78734,too_close,38,0.3194
904,rl,78749,success,15,0.6916
905,rl,78783,success,34,0.4193
906,rl,78871,too_close,88,0.1011
907,rl,78887,too_close,16,0.6736
908,rl,78912,too_close,25,0.5314
909,rl,78947,collision,35,-0.1089
910,rl,78985,success,38,0.3773
911,rl,78991,too_close,6,0.8766
912,rl,79019,too_close,28,0.4883
913,rl,79030,collision,11,-0.1921
914,rl,79084,collision,54,-0.1254
915,rl,79123,collision,39,-0.1084
916,rl,79135,success,12,0.7485
917,rl,79141,success,6,0.8766
918,rl,79172,too_close,31,0.4538
919,rl,79212,too_close,40,0.3555
920,rl,79244,too_close,32,0.4385
921,rl,79262,success,18,0.639
922,rl,79291,too_close,29,0.4496
923,rl,79306,success,15,0.6916
924,rl,79366,too_close,60,0.2086
925,rl,79367,collision,1,-0.25
926,rl,79384,success,17,0.6561
927,rl,79410,success,26,0.5176
928,rl,79442,too_close,32,0.4292
929,rl,79485,success,43,0.3308
930,rl,79490,collision,5,-0.225
931,rl,79578,too_close,88,0.0933
932,rl,79636,too_close,58,0.2011
933,rl,79653,success,17,0.6561
934,rl,79665,success,12,0.7485
935,rl,79671,success,6,0.8766
936,rl,79699,success,28,0.4911
937,rl,79766,too_close,67,0.1724
938,rl,79814,success,48,0.29
939,rl,79825,success,11,0.7684
940,rl,79830,collision,5,-0.225
941,rl,79844,collision,14,-0.1945
942,rl,79868,success,24,0.5456
943,rl,79901,too_close,33,0.426
944,rl,79918,too_close,17,0.6474
945,rl,79956,too_close,38,0.3635
946,rl,79984,success,28,0.4911
947,rl,79991,success,7,0.8538
948,rl,80006,collision,15,-0.1729
949,rl,80016,success,10,0.7889
950,rl,80034,collision,18,-0.175
951,rl,80046,success,12,0.7485
952,rl,80079,too_close,33,0.4248
953,rl,80100,success,21,0.5905
954,rl,80105,collision,5,-0.2551
955,rl,80147,too_close,42,0.3347
956,rl,80176,too_close,29,0.4783
957,rl,80198,success,22,0.5751
958,rl,80224,success,26,0.5176
959,rl,80268,too_close,44,0.3141
960,rl,80304,too_close,36,0.3802
961,rl,80331,success,27,0.5042
962,rl,80337,success,6,0.8766
963,rl,80354,success,17,0.6561
964,rl,80392,too_close,38,0.3547
965,rl,80423,collision,31,-0.145
966,rl,80443,success,20,0.6063
967,rl,80465,too_close,22,0.5751
968,rl,80491,too_close,26,0.5176
969,rl,80512,success,21,0.5905
970,rl,80538,collision,26,-0.1947
971,rl,80560,too_close,22,0.5751
972,rl,80564,success,4,0.924
973,rl,80589,too_close,25,0.5314
974,rl,80620,too_close,31,0.4538
975,rl,80643,success,23,0.5602
976,rl,80665,too_close,22,0.5424
977,rl,80735,too_close,70,0.1624
978,rl,80743,success,8,0.8316
979,rl,80783,too_close,40,0.3422
980,rl,80800,success,17,0.6561
981,rl,80822,too_close,22,0.5497
982,rl,80849,success,27,0.5042
983,rl,80869,success,20,0.6063
984,rl,80873,collision,4,-0.231
985,rl,80896,too_close,23,0.5576
986,rl,80950,success,54,0.2469
987,rl,80960,success,10,0.7889
988,rl,80994,collision,34,-0.1153
989,rl,81013,success,19,0.6224
990,rl,81041,collision,28,-0.1383
991,rl,81052,success,11,0.7684
992,rl,81090,too_close,38,0.3681
993,rl,81150,too_close,60,0.1655
994,rl,81158,success,8,0.8316
995,rl,81183,too_close,25,0.4913
996,rl,81226,too_close,43,0.2953
997,rl,81254,success,28,0.4911
998,rl,81268,success,14,0.71
999,rl,81290,too_close,22,0.5751
1000,rl,81348,success,58,0.2228
1001,rl,81422,success,74,0.1462
1002,rl,81440,too_close,18,0.5961
1003,rl,81480,success,40,0.358
1004,rl,81514,collision,34,-0.1213
1005,rl,81540,too_close,26,0.445
1006,rl,81562,success,22,0.5751
1007,rl,81588,success,26,0.5176
1008,rl,81609,collision,21,-0.1598
1009,rl,81618,success,9,0.81
1010,rl,81638,success,20,0.6063
1011,rl,81682,success,44,0.3222
1012,rl,81701,too_close,19,0.6142
1013,rl,81714,collision,13,-0.1834
1014,rl,81757,too_close,43,0.2497
1015,rl,81789,too_close,32,0.4134
1016,rl,81798,too_close,9,0.7945
1017,rl,81827,success,29,0.4783
1018,rl,81853,too_close,26,0.473
1019,rl,81917,collision,64,-0.0476
1020,rl,81928,collision,11,-0.1921
1021,rl,81960,too_close,32,0.442
1022,rl,81973,too_close,13,0.6812
1023,rl,81988,success,15,0.6916
1024,rl,82079,too_close,91,0.0774
1025,rl,82086,success,7,0.8538
1026,rl,82099,collision,13,-0.1823
1027,rl,82141,too_close,42,0.3128
1028,rl,82147,collision,6,-0.2232
1029,rl,82181,success,34,0.4193
1030,rl,82233,collision,52,-0.1001
1031,rl,82271,success,38,0.3773
1032,rl,82280,success,9,0.81
1033,rl,82295,success,15,0.6916
1034,rl,82315,success,20,0.6063
1035,rl,82338,success,23,0.5602
1036,rl,82370,too_close,32,0.4387
1037,rl,82380,success,10,0.7889
1038,rl,82394,success,14,0.71
1039,rl,82430,success,36,0.3978
1040,rl,82461,too_close,31,0.395
1041,rl,82469,too_close,8,0.8316
1042,rl,82516,success,47,0.2977
1043,rl,82535,too_close,19,0.6018
1044,rl,82605,too_close,70,0.144
1045,rl,82622,too_close,17,0.518
1046,rl,82635,success,13,0.729
1047,rl,82650,success,15,0.6916
1048,rl,82663,collision,13,-0.1823
1049,rl,82667,success,4,0.924
1050,rl,82691,too_close,24,0.5456
1051,rl,82708,success,17,0.6561
1052,rl,82729,too_close,21,0.5905
1053,rl,82748,too_close,19,0.6224
1054,rl,82753,success,5,0.9
1055,rl,82779,success,26,0.5176
1056,rl,82796,too_close,17,0.6176
1057,rl,82802,success,6,0.8766
1058,rl,82825,too_close,23,0.5147
1059,rl,82839,success,14,0.71
1060,rl,82859,success,20,0.6063
1061,rl,82876,success,17,0.6561
1062,rl,82885,success,9,0.81
1063,rl,82902,too_close,17,0.647
1064,rl,82934,too_close,32,0.4132
1065,rl,82961,too_close,27,0.4986
1066,rl,82978,success,17,0.6561
1067,rl,83012,collision,34,-0.1048
1068,rl,83019,too_close,7,0.8538
1069,rl,83072,too_close,53,0.2387
1070,rl,83084,success,12,0.7485
1071,rl,83109,success,25,0.5314
1072,rl,83115,success,6,0.8766
1073,rl,83123,too_close,8,0.8292
1074,rl,83154,success,31,0.4538
1075,rl,83162,collision,8,-0.2112
1076,rl,83197,collision,35,-0.1028
1077,rl,83217,too_close,20,0.594
1078,rl,83224,success,7,0.8538
1079,rl,83252,success,28,0.4911
1080,rl,83284,too_close,32,0.3627
1081,rl,83327,success,43,0.3308
1082,rl,83336,success,9,0.81
1083,rl,83346,too_close,10,0.7
1084,rl,83366,too_close,20,0.577
1085,rl,83382,too_close,16,0.6132
1086,rl,83392,success,10,0.7889
1087,rl,83423,collision,31,-0.1631
1088,rl,83439,collision,16,-0.1684
1089,rl,83461,success,22,0.5751
1090,rl,83517,too_close,56,0.2323
1091,rl,83539,success,22,0.5751
1092,rl,83556,success,17,0.6561
1093,rl,83604,success,48,0.29
1094,rl,83632,collision,28,-0.1486
1095,rl,83645,success,13,0.729
1096,rl,83674,success,29,0.4783
1097,rl,83751,too_close,77,0.1344
1098,rl,83782,collision,31,-0.1134
1099,rl,83788,success,6,0.8766
1100,rl,83818,too_close,30,0.4613
1101,rl,83824,success,6,0.8766
1102,rl,83855,too_close,31,0.4538
1103,rl,83891,collision,36,-0.1469
1104,rl,83899,success,8,0.8316
1105,rl,83916,success,17,0.6561
1106,rl,83931,success,15,0.6916
1107,rl,83964,collision,33,-0.1198
1108,rl,83976,collision,12,-0.2059
1109,rl,83996,too_close,20,0.6063
1110,rl,84006,success,10,0.7889
1111,rl,84033,success,27,0.5042
1112,rl,84049,success,16,0.6736
1113,rl,84072,success,23,0.5602
1114,rl,84110,too_close,38,0.3773
1115,rl,84134,too_close,24,0.5212
1116,rl,84159,success,25,0.5314
1117,rl,84168,success,9,0.81
1118,rl,84197,success,29,0.4783
1119,rl,84220,success,23,0.5602
1120,rl,84266,too_close,46,0.2815
1121,rl,84328,too_close,62,0.1629
1122,rl,84355,success,27,0.5042
1123,rl,84426,collision,71,-0.0415
1124,rl,84449,success,23,0.5602
1125,rl,84453,collision,4,-0.231
1126,rl,84484,too_close,31,0.4278
1127,rl,84505,success,21,0.5905
1128,rl,84522,collision,17,-0.164
1129,rl,84550,too_close,28,0.4273
1130,rl,84650,timeout,100,-0.0079
1131,rl,84693,too_close,43,0.3308
1132,rl,84723,collision,30,-0.1653
1133,rl,84748,success,25,0.5314
1134,rl,84758,success,10,0.7889
1135,rl,84765,success,7,0.8538
1136,rl,84792,too_close,27,-0.1351
1137,rl,84824,too_close,32,0.4267
1138,rl,84828,collision,4,-0.231
1139,rl,84839,too_close,11,0.7348
1140,rl,84855,too_close,16,0.6599
1141,rl,84869,collision,14,-0.2398
1142,rl,84896,too_close,27,0.4929
1143,rl,84910,success,14,0.71
1144,rl,84937,success,27,0.5042
1145,rl,84951,success,14,0.71
1146,rl,84980,success,29,0.4783
1147,rl,85013,too_close,33,0.2222
1148,rl,85028,success,15,0.6916
1149,rl,85040,success,12,0.7485
1150,rl,85060,collision,20,-0.1516
1151,rl,85079,success,19,0.6224
1152,rl,85101,success,22,0.5751
1153,rl,85135,success,34,0.4193
1154,rl,85144,collision,9,-0.2025
1155,rl,85161,too_close,17,0.6159
1156,rl,85250,too_close,89,0.0869
1157,rl,85290,success,40,0.358
1158,rl,85311,success,21,0.5905
1159,rl,85316,collision,5,-0.2384
1160,rl,85370,too_close,54,0.2163
1161,rl,85380,collision,10,-0.1999
1162,rl,85391,collision,11,-0.1921
1163,rl,85440,too_close,49,0.2824
1164,rl,85443,success,3,0.9487
1165,rl,85453,too_close,10,0.7879
1166,rl,85495,too_close,42,0.3396
1167,rl,85557,too_close,62,0.2004
1168,rl,85567,success,10,0.7889
1169,rl,85586,too_close,19,0.6061
1170,rl,85643,collision,57,-0.1055
1171,rl,85648,success,5,0.9
1172,rl,85658,too_close,10,0.7829
1173,rl,85661,success,3,0.9487
1174,rl,85678,success,17,0.6561
1175,rl,85717,too_close,39,0.3333
1176,rl,85733,too_close,16,0.6399
1177,rl,85749,success,16,0.6736
1178,rl,85757,success,8,0.8316
1179,rl,85791,success,34,0.4193
1180,rl,85804,success,13,0.729
1181,rl,85874,collision,70,-0.106
1182,rl,85883,success,9,0.81
1183,rl,85913,too_close,30,0.4392
1184,rl,85942,too_close,29,0.4331
1185,rl,85959,success,17,0.6561
1186,rl,85972,too_close,13,0.729
1187,rl,86006,success,34,0.4193
1188,rl,86024,success,18,0.639
1189,rl,86075,too_close,51,0.2419
1190,rl,86123,too_close,48,0.2659
1191,rl,86144,too_close,21,0.5905
1192,rl,86164,success,20,0.6063
1193,rl,86182,collision,18,-0.1598
1194,rl,86184,collision,2,-0.2659
1195,rl,86213,success,29,0.4783
1196,rl,86244,too_close,31,0.4172
1197,rl,86267,success,23,0.5602
1198,rl,86286,success,19,0.6224
1199,rl,86302,too_close,16,0.6379
1200,rl,86367,too_close,65,0.1853
1201,rl,86403,success,36,0.3978
1202,rl,86408,success,5,0.9
1203,rl,86416,collision,8,-0.2094
1204,rl,86448,too_close,32,0.3758
1205,rl,86464,too_close,16,0.6696
1206,rl,86489,collision,25,-0.1329
1207,rl,86509,success,20,0.6063
1208,rl,86540,too_close,31,0.4225
1209,rl,86596,too_close,56,0.2349
1210,rl,86631,success,35,0.4084
1211,rl,86653,success,22,0.5751
1212,rl,86703,too_close,50,0.2751
1213,rl,86713,collision,10,-0.1972
1214,rl,86749,success,36,0.3978
1215,rl,86766,too_close,17,0.6522
1216,rl,86781,success,15,0.6916
1217,rl,86792,success,11,0.7684
1218,rl,86829,too_close,37,0.3874
1219,rl,86868,too_close,39,0.3653
1220,rl,86890,success,22,0.5751
1221,rl,86902,too_close,12,0.7072
1222,rl,86908,collision,6,-0.2192
1223,rl,86947,too_close,39,0.3528
1224,rl,86978,too_close,31,0.4249
1225,rl,87071,too_close,93,0.084
1226,rl,87081,success,10,0.7889
1227,rl,87097,success,16,0.6736
1228,rl,87117,success,20,0.6063
1229,rl,87122,collision,5,-0.2332
1230,rl,87156,success,34,0.4193
1231,rl,87179,success,23,0.5602
1232,rl,87221,too_close,42,0.3183
1233,rl,87249,too_close,28,0.4638
1234,rl,87276,collision,27,-0.126
1235,rl,87305,too_close,29,0.4699
1236,rl,87330,success,25,0.5314
1237,rl,87377,success,47,0.2977
1238,rl,87402,too_close,25,0.499
1239,rl,87417,success,15,0.6916
1240,rl,87423,collision,6,-0.2265
1241,rl,87439,success,16,0.6736
1242,rl,87441,collision,2,-0.2549
1243,rl,87497,too_close,56,0.2132
1244,rl,87507,too_close,10,0.7889
1245,rl,87522,success,15,0.6916
1246,rl,87613,too_close,91,0.0934
1247,rl,87625,success,12,0.7485
1248,rl,87664,success,39,0.3675
1249,rl,87683,success,19,0.6224
1250,rl,87688,success,5,0.9
1251,rl,87709,too_close,21,0.5594
1252,rl,87744,too_close,35,0.4066
1253,rl,87752,success,8,0.8316
1254,rl,87758,success,6,0.8766
1255,rl,87778,collision,20,-0.1516
1256,rl,87826,success,48,0.29
1257,rl,87833,success,7,0.8538
1258,rl,87846,too_close,13,0.6567
1259,rl,87847,collision,1,-0.25
1260,rl,87875,too_close,28,0.4363
1261,rl,87907,too_close,32,0.4116
1262,rl,87934,success,27,0.5042
1263,rl,87967,success,33,0.4305
1264,rl,87978,success,11,0.7684
1265,rl,88012,too_close,34,0.3873
1266,rl,88027,success,15,0.6916
1267,rl,88046,collision,19,-0.1556
1268,rl,88064,success,18,0.639
1269,rl,88091,too_close,27,-0.1465
1270,rl,88183,too_close,92,0.0773
1271,rl,88189,success,6,0.8766
1272,rl,88203,success,14,0.71
1273,rl,88268,success,65,0.1853
1274,rl,88279,collision,11,-0.1921
1275,rl,88302,too_close,23,0.5602
1276,rl,88357,too_close,55,0.2411
1277,rl,88364,success,7,0.8538
1278,rl,88390,success,26,0.5176
1279,rl,88400,success,10,0.7889
1280,rl,88428,too_close,28,0.4879
1281,rl,88455,too_close,27,0.4418
1282,rl,88477,success,22,0.5751
1283,rl,88485,collision,8,-0.2079
1284,rl,88498,success,13,0.729
1285,rl,88529,success,31,0.4538
1286,rl,88545,too_close,16,0.6736
1287,rl,88561,success,16,0.6736
1288,rl,88573,collision,12,-0.2005
1289,rl,88598,collision,25,-0.1329
1290,rl,88611,success,13,0.729
1291,rl,88660,too_close,49,0.2235
1292,rl,88692,too_close,32,0.4349
1293,rl,88724,too_close,32,0.4126
1294,rl,88749,collision,25,-0.1385
1295,rl,88769,success,20,0.6063
1296,rl,88790,too_close,21,0.5905
1297,rl,88803,collision,13,-0.1823
1298,rl,88825,success,22,0.5751
1299,rl,88842,too_close,17,0.6321
1300,rl,88866,too_close,24,0.5456
1301,rl,88906,too_close,40,0.311
1302,rl,88954,success,48,0.29
1303,rl,88965,too_close,11,0.7684
1304,rl,88990,success,25,0.5314
1305,rl,89032,too_close,42,0.3305
1306,rl,89045,too_close,13,0.7134
1307,rl,89054,collision,9,-0.2025
1308,rl,89063,success,9,0.81
1309,rl,89100,too_close,37,0.3859
1310,rl,89102,collision,2,-0.2558
1311,rl,89123,too_close,21,0.5898
1312,rl,89149,success,26,0.5176
1313,rl,89158,success,9,0.81
1314,rl,89167,success,9,0.81
1315,rl,89195,success,28,0.4911
1316,rl,89219,success,24,0.5456
1317,rl,89246,too_close,27,0.5042
1318,rl,89250,success,4,0.924
1319,rl,89279,too_close,29,0.4512
1320,rl,89301,success,22,0.5751
1321,rl,89327,success,26,0.5176
1322,rl,89334,collision,7,-0.2153
1323,rl,89349,success,15,0.6916
1324,rl,89372,too_close,23,0.5597
1325,rl,89380,success,8,0.8316
1326,rl,89398,too_close,18,0.5871
1327,rl,89410,success,12,0.7485
1328,rl,89419,success,9,0.81
1329,rl,89479,success,60,0.2114
1330,rl,89499,success,20,0.6063
1331,rl,89522,collision,23,-0.1512
1332,rl,89557,too_close,35,0.3962
1333,rl,89569,success,12,0.7485
1334,rl,89582,success,13,0.729
1335,rl,89586,collision,4,-0.2799
1336,rl,89613,too_close,27,0.4881
1337,rl,89637,success,24,0.5456
1338,rl,89644,success,7,0.8538
1339,rl,89661,collision,17,-0.2947
1340,rl,89666,success,5,0.9
1341,rl,89704,collision,38,-0.0943
1342,rl,89709,success,5,0.9
1343,rl,89722,success,13,0.729
1344,rl,89749,too_close,27,0.501
1345,rl,89784,collision,35,-0.1021
1346,rl,89810,success,26,0.5176
1347,rl,89846,success,36,0.3978
1348,rl,89852,success,6,0.8766
1349,rl,89865,success,13,0.729
1350,rl,89907,too_close,42,0.3152
1351,rl,89920,collision,13,-0.1847
1352,rl,89931,collision,11,-0.1921
1353,rl,89950,success,19,0.6204
1354,rl,89957,success,7,0.8538
1355,rl,89977,success,20,0.6063
1356,rl,90024,too_close,47,0.296
1357,rl,90026,collision,2,-0.2638
1358,rl,90056,too_close,30,0.4659
1359,rl,90073,too_close,17,0.6046
1360,rl,90078,collision,5,-0.225
1361,rl,90117,too_close,39,0.34
1362,rl,90145,success,28,0.4911
1363,rl,90161,collision,16,-0.1684
1364,rl,90190,collision,29,-0.1869
1365,rl,90198,success,8,0.8316
1366,rl,90244,too_close,46,0.3057
1367,rl,90276,collision,32,-0.1107
1368,rl,90310,success,34,0.4193
1369,rl,90362,success,52,0.261
1370,rl,90406,too_close,44,0.3061
1371,rl,90437,success,31,0.4538
1372,rl,90460,too_close,23,0.5237
1373,rl,90482,collision,22,-0.1438
1374,rl,90504,success,22,0.5751
1375,rl,90513,collision,9,-0.2025
1376,rl,90549,too_close,36,0.3978
1377,rl,90571,success,22,0.5751
1378,rl,90573,success,2,0.974
1379,rl,90600,too_close,27,0.5016
1380,rl,90608,collision,8,-0.2079
1381,rl,90625,collision,17,-0.164
1382,rl,90645,too_close,20,0.6063
1383,rl,90657,collision,12,-0.1871
1384,rl,90680,too_close,23,0.5162
1385,rl,90691,too_close,11,0.7477
1386,rl,90697,success,6,0.8766
1387,rl,90709,too_close,12,0.7318
1388,rl,90712,collision,3,-0.2777
1389,rl,90722,success,10,0.7889
1390,rl,90760,success,38,0.3773
1391,rl,90799,too_close,39,0.3382
1392,rl,90809,too_close,10,0.7889
1393,rl,90884,too_close,75,0.1313
1394,rl,90888,success,4,0.924
1395,rl,90899,success,11,0.7684
1396,rl,90962,too_close,63,0.1649
1397,rl,90984,success,22,0.5751
1398,rl,90995,success,11,0.7684
1399,rl,91028,too_close,33,0.4094
1400,rl,91070,collision,42,-0.1009
1401,rl,91094,too_close,24,0.4865
1402,rl,91113,success,19,0.6224
1403,rl,91181,collision,68,-0.0715
1404,rl,91186,success,5,0.9
1405,rl,91200,too_close,14,0.698
1406,rl,91211,success,11,0.7684
1407,rl,91284,too_close,73,0.1362
1408,rl,91308,too_close,24,0.5128
1409,rl,91371,too_close,63,0.1871
1410,rl,91396,too_close,25,0.4806
1411,rl,91418,collision,22,-0.158
1412,rl,91428,collision,10,-0.1972
1413,rl,91438,too_close,10,0.7855
1414,rl,91459,too_close,21,0.5905
1415,rl,91507,success,48,0.29
1416,rl,91520,collision,13,-0.2023
1417,rl,91541,success,21,0.5905
1418,rl,91608,too_close,67,0.1615
1419,rl,91624,success,16,0.6736
1420,rl,91638,success,14,0.71
1421,rl,91658,collision,20,-0.1535
1422,rl,91675,collision,17,-0.1737
1423,rl,91720,collision,45,-0.0858
1424,rl,91731,collision,11,-0.1921
1425,rl,91735,too_close,4,0.8878
1426,rl,91797,too_close,62,0.2005
1427,rl,91820,too_close,23,0.5602
1428,rl,91826,collision,6,-0.239
1429,rl,91837,too_close,11,0.7684
1430,rl,91848,success,11,0.7684
1431,rl,91855,collision,7,-0.231
1432,rl,91913,too_close,58,0.2178
1433,rl,91915,collision,2,-0.2633
1434,rl,91939,success,24,0.5456
1435,rl,91951,success,12,0.7485
1436,rl,91974,collision,23,-0.14
1437,rl,91983,too_close,9,0.7193
1438,rl,91991,success,8,0.8316
1439,rl,91998,collision,7,-0.2377
1440,rl,92045,success,47,0.2977
1441,rl,92066,success,21,0.5905
1442,rl,92109,too_close,43,0.3218
1443,rl,92129,success,20,0.6063
1444,rl,92159,too_close,30,0.4658
1445,rl,92164,success,5,0.9
1446,rl,92182,success,18,0.639
1447,rl,92223,too_close,41,0.3281
1448,rl,92255,success,32,0.442
1449,rl,92285,success,30,0.4659
1450,rl,92306,too_close,21,0.5756
1451,rl,92323,too_close,17,0.6482
1452,rl,92368,success,45,0.3138
1453,rl,92374,collision,6,-0.268
1454,rl,92419,too_close,45,0.2821
1455,rl,92473,too_close,54,0.2367
1456,rl,92480,too_close,7,0.8292
1457,rl,92513,too_close,33,0.3614
1458,rl,92519,success,6,0.8766
1459,rl,92532,collision,13,-0.2788
1460,rl,92555,too_close,23,0.5245
1461,rl,92571,success,16,0.6736
1462,rl,92578,success,7,0.8538
1463,rl,92594,too_close,16,0.6736
1464,rl,92622,too_close,28,0.4911
1465,rl,92690,success,68,0.1712
1466,rl,92698,success,8,0.8316
1467,rl,92732,success,34,0.4193
1468,rl,92743,collision,11,-0.1921
1469,rl,92753,success,10,0.7889
1470,rl,92787,too_close,34,0.4092
1471,rl,92811,success,24,0.5456
1472,rl,92837,success,26,0.5176
1473,rl,92856,success,19,0.6224
1474,rl,92879,too_close,23,0.4969
1475,rl,92928,collision,49,-0.0706
1476,rl,92936,collision,8,-0.267
1477,rl,92954,collision,18,-0.162
1478,rl,92975,too_close,21,0.5905
1479,rl,92981,success,6,0.8766
1480,rl,93069,too_close,88,0.1011
1481,rl,93077,too_close,8,0.8316
1482,rl,93092,success,15,0.6916
1483,rl,93118,too_close,26,0.4915
1484,rl,93147,success,29,0.4783
1485,rl,93164,success,17,0.6561
1486,rl,93184,too_close,20,0.504
1487,rl,93205,success,21,0.5905
1488,rl,93210,success,5,0.9
1489,rl,93228,too_close,18,0.5695
1490,rl,93241,collision,13,-0.1946
1491,rl,93268,too_close,27,0.4968
1492,rl,93283,success,15,0.6916
1493,rl,93299,success,16,0.6736
1494,rl,93332,too_close,33,0.4076
1495,rl,93360,success,28,0.4911
1496,rl,93367,too_close,7,0.8538
1497,rl,93379,too_close,12,0.7429
1498,rl,93392,success,13,0.729
1499,rl,93397,collision,5,-0.2765
1500,rl,93405,collision,8,-0.2232
1501,rl,93418,success,13,0.729
1502,rl,93434,collision,16,-0.1684
1503,rl,93465,too_close,31,0.4305
1504,rl,93477,too_close,12,0.7064
1505,rl,93521,success,44,0.3222
1506,rl,93554,too_close,33,0.4196
1507,rl,93597,too_close,43,0.3308
1508,rl,93613,too_close,16,0.6682
1509,rl,93665,too_close,52,0.2254
1510,rl,93716,too_close,51,0.2587
1511,rl,93745,success,29,0.4783
1512,rl,93784,too_close,39,0.3628
1513,rl,93804,collision,20,-0.1831
1514,rl,93821,too_close,17,0.6561
1515,rl,93878,too_close,57,0.2276
1516,rl,93907,collision,29,-0.239
1517,rl,93931,too_close,24,0.5389
1518,rl,93938,success,7,0.8538
1519,rl,93979,collision,41,-0.123
1520,rl,94004,too_close,25,0.5314
1521,rl,94035,success,31,0.4538
1522,rl,94049,success,14,0.71
1523,rl,94069,too_close,20,0.5959
1524,rl,94094,too_close,25,0.5228
1525,rl,94128,too_close,34,0.4114
1526,rl,94152,too_close,24,0.5456
1527,rl,94181,too_close,29,0.4773
1528,rl,94192,success,11,0.7684
1529,rl,94233,success,41,0.3487
1530,rl,94250,too_close,17,0.6252
1531,rl,94256,too_close,6,0.816
1532,rl,94282,too_close,26,0.4708
1533,rl,94296,success,14,0.71
1534,rl,94314,too_close,18,0.639
1535,rl,94346,collision,32,-0.1105
1536,rl,94371,too_close,25,0.5055
1537,rl,94388,success,17,0.6561
1538,rl,94418,success,30,0.4659
1539,rl,94431,success,13,0.729
1540,rl,94452,too_close,21,0.5897
1541,rl,94465,success,13,0.729
1542,rl,94473,collision,8,-0.2272
1543,rl,94482,success,9,0.81
1544,rl,94499,success,17,0.6561
1545,rl,94522,too_close,23,0.5602
1546,rl,94532,success,10,0.7889
1547,rl,94543,success,11,0.7684
1548,rl,94580,too_close,37,0.3694
1549,rl,94588,success,8,0.8316
1550,rl,94601,success,13,0.729
1551,rl,94653,collision,52,-0.0807
1552,rl,94667,collision,14,-0.1775
1553,rl,94686,collision,19,-0.1556
1554,rl,94690,collision,4,-0.2503
1555,rl,94694,too_close,4,0.924
1556,rl,94709,success,15,0.6916
1557,rl,94723,too_close,14,0.7088
1558,rl,94731,success,8,0.8316
1559,rl,94764,too_close,33,0.3972
1560,rl,94787,collision,23,-0.164
1561,rl,94797,success,10,0.7889
1562,rl,94820,too_close,23,0.492
1563,rl,94835,too_close,15,0.6797
1564,rl,94842,collision,7,-0.2135
1565,rl,94874,success,32,0.442
1566,rl,94932,success,58,0.2228
1567,rl,94945,success,13,0.729
1568,rl,94975,too_close,30,0.4308
1569,rl,94980,collision,5,-0.225
1570,rl,94997,success,17,0.6561
1571,rl,95013,too_close,16,0.6736
1572,rl,95036,success,23,0.5602
1573,rl,95039,collision,3,-0.2372
1574,rl,95046,collision,7,-0.2135
1575,rl,95077,success,31,0.4538
1576,rl,95106,success,29,0.4783
1577,rl,95130,too_close,24,0.5123
1578,rl,95147,success,17,0.6561
1579,rl,95176,collision,29,-0.1733
1580,rl,95216,too_close,40,0.3142
1581,rl,95245,collision,29,-0.1398
1582,rl,95272,too_close,27,0.5011
1583,rl,95309,too_close,37,0.3874
1584,rl,95338,success,29,0.4783
1585,rl,95352,success,14,0.71
1586,rl,95378,too_close,26,0.5113
1587,rl,95389,success,11,0.7684
1588,rl,95400,success,11,0.7684
1589,rl,95420,collision,20,-0.1516
1590,rl,95436,success,16,0.6736
1591,rl,95450,success,14,0.71
1592,rl,95461,success,11,0.7684
1593,rl,95511,too_close,50,0.2435
1594,rl,95515,success,4,0.924
1595,rl,95552,too_close,37,0.3833
1596,rl,95555,success,3,0.9487
1597,rl,95626,too_close,71,0.135
1598,rl,95650,success,24,0.5456
1599,rl,95718,success,68,0.1712
1600,rl,95756,too_close,38,0.353
1601,rl,95826,too_close,70,0.1609
1602,rl,95845,success,19,0.6224
1603,rl,95871,success,26,0.5176
1604,rl,95915,success,44,0.3222
1605,rl,95935,success,20,0.6063
1606,rl,95968,too_close,33,0.4036
1607,rl,95972,success,4,0.924
1608,rl,96032,success,60,0.2114
1609,rl,96060,success,28,0.4911
1610,rl,96095,success,35,0.4084
1611,rl,96108,success,13,0.729
1612,rl,96120,success,12,0.7485
1613,rl,96164,too_close,44,0.321
1614,rl,96181,success,17,0.6561
1615,rl,96206,success,25,0.5314
1616,rl,96276,too_close,70,0.1624
1617,rl,96301,too_close,25,0.5306
1618,rl,96337,too_close,36,0.3978
1619,rl,96347,too_close,10,0.7889
1620,rl,96364,success,17,0.6561
1621,rl,96400,too_close,36,0.3962
1622,rl,96402,success,2,0.974
1623,rl,96407,too_close,5,-0.2385
1624,rl,96411,success,4,0.924
1625,rl,96441,success,30,0.4527
1626,rl,96465,success,24,0.5456
1627,rl,96489,collision,24,-0.1427
1628,rl,96526,too_close,37,0.3507
1629,rl,96559,collision,33,-0.1228
1630,rl,96577,success,18,0.639
1631,rl,96613,too_close,36,0.3978
1632,rl,96636,success,23,0.5602
1633,rl,96647,success,11,0.7684
1634,rl,96715,success,68,0.1712
1635,rl,96726,success,11,0.7684
1636,rl,96746,too_close,20,0.6063
1637,rl,96771,too_close,25,0.5101
1638,rl,96819,success,48,0.29
1639,rl,96919,timeout,100,-0.0587
1640,rl,96944,success,25,0.5314
1641,rl,96958,success,14,0.71
1642,rl,96961,collision,3,-0.2578
1643,rl,96980,too_close,19,0.6224
1644,rl,96999,success,19,0.6224
1645,rl,97007,success,8,0.8316
1646,rl,97030,too_close,23,0.5602
1647,rl,97041,collision,11,-0.2115
1648,rl,97042,collision,1,-0.25
1649,rl,97091,too_close,49,0.2762
1650,rl,97111,too_close,20,0.6039
1651,rl,97132,too_close,21,0.5607
1652,rl,97169,success,37,0.3874
1653,rl,97181,success,12,0.7485
1654,rl,97198,success,17,0.6561
1655,rl,97207,collision,9,-0.2025
1656,rl,97229,success,22,0.5751
1657,rl,97244,collision,15,-0.1729
1658,rl,97267,too_close,23,0.5602
1659,rl,97271,collision,4,-0.231
1660,rl,97279,success,8,0.8316
1661,rl,97297,success,18,0.639
1662,rl,97375,too_close,78,0.1273
1663,rl,97400,too_close,25,0.4786
1664,rl,97428,too_close,28,0.476
1665,rl,97436,success,8,0.8316
1666,rl,97459,too_close,23,0.547
1667,rl,97485,too_close,26,0.5176
1668,rl,97501,collision,16,-0.1684
1669,rl,97503,collision,2,-0.2496
1670,rl,97509,collision,6,-0.3317
1671,rl,97524,too_close,15,0.6916
1672,rl,97552,too_close,28,0.4826
1673,rl,97569,success,17,0.6561
1674,rl,97626,too_close,57,0.2288
1675,rl,97654,success,28,0.4911
1676,rl,97691,too_close,37,0.3723
1677,rl,97702,success,11,0.7684
1678,rl,97733,too_close,31,0.4538
1679,rl,97746,too_close,13,0.6842
1680,rl,97747,collision,1,-0.25
1681,rl,97774,collision,27,-0.2522
1682,rl,97793,success,19,0.6224
1683,rl,97834,too_close,41,0.3403
1684,rl,97882,too_close,48,0.2871
1685,rl,97910,success,28,0.4911
1686,rl,97946,success,36,0.3978
1687,rl,97973,too_close,27,0.4906
1688,rl,97996,success,23,0.5602
1689,rl,98033,too_close,37,0.3599
1690,rl,98058,collision,25,-0.1653
1691,rl,98094,success,36,0.3978
1692,rl,98115,success,21,0.5905
1693,rl,98134,success,19,0.6224
1694,rl,98152,success,18,0.639
1695,rl,98181,too_close,29,0.456
1696,rl,98189,collision,8,-0.228
1697,rl,98198,collision,9,-0.2025
1698,rl,98228,too_close,30,0.4584
1699,rl,98246,success,18,0.639
1700,rl,98252,success,6,0.8766
1701,rl,98262,collision,10,-0.2213
1702,rl,98278,too_close,16,0.6541
1703,rl,98288,success,10,0.7889
1704,rl,98325,too_close,37,0.3655
1705,rl,98379,success,54,0.2476
1706,rl,98392,success,13,0.729
1707,rl,98406,success,14,0.71
1708,rl,98433,success,27,0.5042
1709,rl,98449,too_close,16,0.6431
1710,rl,98476,collision,27,-0.126
1711,rl,98482,success,6,0.8766
1712,rl,98483,collision,1,-0.25
1713,rl,98525,too_close,42,0.3396
1714,rl,98584,too_close,59,0.2099
1715,rl,98615,success,31,0.4538
1716,rl,98654,too_close,39,0.3668
1717,rl,98721,too_close,67,0.1751
1718,rl,98747,success,26,0.5176
1719,rl,98770,too_close,23,0.5602
1720,rl,98794,success,24,0.5456
1721,rl,98838,collision,44,-0.0881
1722,rl,98845,success,7,0.8538
1723,rl,98880,too_close,35,0.4084
1724,rl,98884,collision,4,-0.231
1725,rl,98899,collision,15,-0.1729
1726,rl,98912,too_close,13,0.7141
1727,rl,98935,success,23,0.5602
1728,rl,98978,too_close,43,0.3202
1729,rl,99004,success,26,0.5176
1730,rl,99026,success,22,0.5751
1731,rl,99054,collision,28,-0.1228
1732,rl,99084,collision,30,-0.1165
1733,rl,99093,too_close,9,0.7223
1734,rl,99137,too_close,44,0.3039
1735,rl,99143,success,6,0.8766
1736,rl,99156,success,13,0.729
1737,rl,99184,too_close,28,0.4882
1738,rl,99256,collision,72,-0.0385
1739,rl,99288,too_close,32,0.4323
1740,rl,99343,too_close,55,0.2188
1741,rl,99380,too_close,37,0.3624
1742,rl,99391,success,11,0.7684
1743,rl,99399,success,8,0.8316
1744,rl,99406,collision,7,-0.2139
1745,rl,99416,collision,10,-0.1972
1746,rl,99441,too_close,25,0.5306
1747,rl,99467,too_close,26,0.5047
1748,rl,99484,too_close,17,0.6561
1749,rl,99488,success,4,0.924
1750,rl,99530,success,42,0.3396
1751,rl,99546,success,16,0.6736
1752,rl,99580,too_close,34,0.3891
1753,rl,99603,success,23,0.5602
1754,rl,99623,success,20,0.6063
1755,rl,99634,collision,11,-0.1921
1756,rl,99640,success,6,0.8766
1757,rl,99679,success,39,0.3675
1758,rl,99688,success,9,0.81
1759,rl,99697,success,9,0.81
1760,rl,99720,too_close,23,0.5602
1761,rl,99749,too_close,29,0.4522
1762,rl,99759,success,10,0.7889
1763,rl,99782,collision,23,-0.14
1764,rl,99797,too_close,15,0.6916
1765,rl,99827,too_close,30,0.4588
1766,rl,99862,too_close,35,0.3878
1767,rl,99884,success,22,0.5751
1768,rl,99885,collision,1,-0.25
1769,rl,99921,too_close,36,0.397
1770,rl,99931,success,10,0.7889
1771,rl,99956,success,25,0.5314
1772,rl,99957,collision,1,-0.25
1773,rl,99979,collision,22,-0.1598
1774,rl,100022,too_close,43,0.3275
1775,rl,100071,too_close,49,0.267
1776,rl,100104,too_close,33,0.369
1777,rl,100174,too_close,70,0.1555
1778,rl,100195,collision,21,-0.2031
1779,rl,100234,collision,39,-0.1037
1780,rl,100257,success,23,0.5602
1781,rl,100270,success,13,0.729
1782,rl,100294,collision,24,-0.163
1783,rl,100314,too_close,20,0.6063
1784,rl,100318,too_close,4,0.9076
1785,rl,100354,collision,36,-0.0994
1786,rl,100403,too_close,49,0.2679
1787,rl,100468,too_close,65,0.1149
1788,rl,100489,success,21,0.5905
1789,rl,100506,too_close,17,0.6561
1790,rl,100549,success,43,0.3308
1791,rl,100574,success,25,0.5314
1792,rl,100598,collision,24,-0.1433
1793,rl,100626,success,28,0.4911
1794,rl,100630,collision,4,-0.231
1795,rl,100656,too_close,26,0.4912
1796,rl,100665,collision,9,-0.2025
1797,rl,100703,success,38,0.3773
1798,rl,100718,success,15,0.6916
1799,rl,100733,too_close,15,0.6916
1800,rl,100762,too_close,29,0.4477
1801,rl,100805,success,43,0.3308
1802,rl,100818,success,13,0.729
1803,rl,100830,success,12,0.7485
1804,rl,100844,collision,14,-0.2226
1805,rl,100883,too_close,39,0.3675
1806,rl,100888,collision,5,-0.2304
1807,rl,100914,success,26,0.5176
1808,rl,100939,too_close,25,0.5314
1809,rl,100942,success,3,0.9487
1810,rl,100988,too_close,46,0.3016
1811,rl,101004,success,16,0.6736
1812,rl,101013,collision,9,-0.2312
1813,rl,101113,timeout,100,0.0
1814,rl,101126,success,13,0.729
1815,rl,101149,too_close,23,0.5602
1816,rl,101236,too_close,87,-0.0302
1817,rl,101245,too_close,9,0.81
1818,rl,101272,success,27,0.5042
1819,rl,101339,too_close,67,0.0036
1820,rl,101365,too_close,26,0.5131
1821,rl,101370,success,5,0.9
1822,rl,101393,collision,23,-0.1475
1823,rl,101415,success,22,0.5751
1824,rl,101437,success,22,0.5751
1825,rl,101485,collision,48,-0.0725
1826,rl,101498,too_close,13,0.7099
1827,rl,101512,success,14,0.71
1828,rl,101535,too_close,23,0.5504
1829,rl,101568,collision,33,-0.1156
1830,rl,101592,too_close,24,0.5456
1831,rl,101611,success,19,0.6224
1832,rl,101629,too_close,18,0.639
1833,rl,101644,too_close,15,0.6688
1834,rl,101650,success,6,0.8766
1835,rl,101695,too_close,45,0.3138
1836,rl,101711,success,16,0.6736
1837,rl,101723,success,12,0.7485
1838,rl,101744,success,21,0.5905
1839,rl,101754,success,10,0.7889
1840,rl,101826,collision,72,-0.0541
1841,rl,101837,success,11,0.7684
1842,rl,101878,too_close,41,0.3487
1843,rl,101893,success,15,0.6916
1844,rl,101902,success,9,0.81
1845,rl,101929,success,27,0.5042
1846,rl,101954,success,25,0.5314
1847,rl,101993,success,39,0.3675
1848,rl,102029,too_close,36,0.3978
1849,rl,102080,too_close,51,0.2403
1850,rl,102104,success,24,0.5456
1851,rl,102135,success,31,0.4538
1852,rl,102145,success,10,0.786
1853,rl,102176,collision,31,-0.1134
1854,rl,102211,collision,35,-0.1144
1855,rl,102242,too_close,31,0.4443
1856,rl,102273,too_close,31,0.4416
1857,rl,102282,too_close,9,0.7968
1858,rl,102309,success,27,0.5042
1859,rl,102324,success,15,0.6916
1860,rl,102353,collision,29,-0.1441
1861,rl,102367,success,14,0.71
1862,rl,102395,too_close,28,0.4911
1863,rl,102397,success,2,0.974
1864,rl,102410,success,13,0.729
1865,rl,102415,success,5,0.9
1866,rl,102432,too_close,17,0.6058
1867,rl,102455,too_close,23,0.542
1868,rl,102481,too_close,26,0.5176
1869,rl,102498,too_close,17,0.6316
1870,rl,102516,too_close,18,0.6388
1871,rl,102534,success,18,0.639
1872,rl,102566,too_close,32,0.4399
1873,rl,102642,too_close,76,0.1191
1874,rl,102700,too_close,58,0.2228
1875,rl,102720,collision,20,-0.1516
1876,rl,102740,too_close,20,0.6057
1877,rl,102750,success,10,0.7889
1878,rl,102772,collision,22,-0.1467
1879,rl,102796,too_close,24,0.5377
1880,rl,102828,too_close,32,0.4071
1881,rl,102895,too_close,67,0.1437
1882,rl,102916,success,21,0.5905
1883,rl,102926,success,10,0.7889
1884,rl,102956,success,30,0.4659
1885,rl,102996,success,40,0.358
1886,rl,103041,too_close,45,0.2032
1887,rl,103076,success,35,0.4084
1888,rl,103106,success,30,0.4659
1889,rl,103113,success,7,0.8538
1890,rl,103144,too_close,31,0.4502
1891,rl,103179,too_close,35,0.3833
1892,rl,103212,too_close,33,0.4036
1893,rl,103244,too_close,32,0.4319
1894,rl,103287,collision,43,-0.1151
1895,rl,103317,success,30,0.4659
1896,rl,103321,success,4,0.924
1897,rl,103350,success,29,0.4783
1898,rl,103372,success,22,0.5751
1899,rl,103380,collision,8,-0.2079
1900,rl,103397,success,17,0.6561
1901,rl,103409,success,12,0.7485
1902,rl,103425,too_close,16,0.6572
1903,rl,103437,success,12,0.7485
1904,rl,103453,collision,16,-0.2214
1905,rl,103472,success,19,0.6224
1906,rl,103506,too_close,34,0.3633
1907,rl,103521,success,15,0.6916
1908,rl,103546,too_close,25,0.5306
1909,rl,103572,too_close,26,0.4941
1910,rl,103618,too_close,46,0.3057
1911,rl,103635,success,17,0.6561
1912,rl,103668,too_close,33,0.4092
1913,rl,103674,success,6,0.8766
1914,rl,103691,success,17,0.6561
1915,rl,103710,too_close,19,0.5977
1916,rl,103725,too_close,15,0.6916
1917,rl,103772,too_close,47,0.2774
1918,rl,103802,too_close,30,0.4482
1919,rl,103807,success,5,0.9
1920,rl,103815,success,8,0.8316
1921,rl,103853,too_close,38,0.3741
1922,rl,103863,success,10,0.7889
1923,rl,103880,too_close,17,0.5762
1924,rl,103939,too_close,59,0.1995
1925,rl,103948,success,9,0.81
1926,rl,103966,success,18,0.639
1927,rl,103995,success,29,0.4783
1928,rl,104020,success,25,0.5314
1929,rl,104048,too_close,28,0.4673
1930,rl,104057,success,9,0.81
1931,rl,104070,success,13,0.729
1932,rl,104103,too_close,33,0.4305
1933,rl,104137,too_close,34,0.4193
1934,rl,104173,success,36,0.3978
1935,rl,104197,success,24,0.5456
1936,rl,104210,collision,13,-0.186
1937,rl,104256,success,46,0.3057
1938,rl,104276,success,20,0.6063
1939,rl,104338,too_close,62,0.1625
1940,rl,104419,success,81,0.1216
1941,rl,104427,success,8,0.8316
1942,rl,104430,collision,3,-0.2372
1943,rl,104437,collision,7,-0.3091
1944,rl,104441,success,4,0.924
1945,rl,104460,success,19,0.6224
1946,rl,104490,success,30,0.4659
1947,rl,104502,success,12,0.7485
1948,rl,104542,success,40,0.358
1949,rl,104604,success,62,0.2005
1950,rl,104640,too_close,36,0.3375
1951,rl,104654,success,14,0.71
1952,rl,104673,collision,19,-0.1697
1953,rl,104689,collision,16,-0.1684
1954,rl,104702,success,13,0.729
1955,rl,104715,success,13,0.729
1956,rl,104720,collision,5,-0.225
1957,rl,104763,too_close,43,0.3308
1958,rl,104790,success,27,0.5042
1959,rl,104798,success,8,0.8316
1960,rl,104821,success,23,0.5602
1961,rl,104849,success,28,0.4911
1962,rl,104854,success,5,0.9
1963,rl,104872,too_close,18,0.61
1964,rl,104905,success,33,0.4305
1965,rl,104925,success,20,0.6063
1966,rl,104942,success,17,0.6561
1967,rl,104967,success,25,0.5314
1968,rl,104978,success,11,0.7684
1969,rl,105006,success,28,0.4911
1970,rl,105025,success,19,0.6224
1971,rl,105042,success,17,0.6561
1972,rl,105059,too_close,17,0.593
1973,rl,105062,success,3,0.9487
1974,rl,105076,too_close,14,0.71
1975,rl,105104,success,28,0.4867
1976,rl,105126,too_close,22,0.5717
1977,rl,105177,too_close,51,0.2516
1978,rl,105186,success,9,0.81
1979,rl,105212,success,26,0.5176
1980,rl,105240,success,28,0.4911
1981,rl,105262,too_close,22,0.5627
1982,rl,105264,success,2,0.974
1983,rl,105288,success,24,0.5456
1984,rl,105325,too_close,37,0.3689
1985,rl,105334,too_close,9,0.7588
1986,rl,105348,collision,14,-0.1892
1987,rl,105365,success,17,0.6561
1988,rl,105386,collision,21,-0.1554
1989,rl,105408,success,22,0.5751
1990,rl,105428,success,20,0.6063
1991,rl,105488,too_close,60,0.2054
1992,rl,105493,success,5,0.9
1993,rl,105497,success,4,0.924
1994,rl,105533,too_close,36,0.3809
1995,rl,105543,success,10,0.7889
1996,rl,105553,success,10,0.7889
1997,rl,105572,success,19,0.6224
1998,rl,105591,too_close,19,0.6163
1999,rl,105606,success,15,0.6916
2000,rl,105655,too_close,49,0.2823
2001,rl,105676,too_close,21,0.5359
2002,rl,105707,too_close,31,0.402
2003,rl,105736,collision,29,-0.1265
2004,rl,105751,collision,15,-0.2873
2005,rl,105771,too_close,20,0.6063
2006,rl,105797,success,26,0.5176
2007,rl,105816,collision,19,-0.1768
2008,rl,105826,collision,10,-0.2603
2009,rl,105869,collision,43,-0.0827
2010,rl,105887,too_close,18,0.6274
2011,rl,105929,too_close,42,0.2942
2012,rl,105949,too_close,20,0.5793
2013,rl,105958,success,9,0.81
2014,rl,106002,too_close,44,0.2693
2015,rl,106054,too_close,52,0.2384
2016,rl,106064,too_close,10,0.6784
2017,rl,106080,too_close,16,0.6129
2018,rl,106094,too_close,14,0.6713
2019,rl,106124,success,30,0.4659
2020,rl,106141,success,17,0.6561
2021,rl,106202,too_close,61,0.2059
2022,rl,106210,success,8,0.8316
2023,rl,106225,success,15,0.6916
2024,rl,106271,collision,46,-0.0946
2025,rl,106351,collision,80,-0.0992
2026,rl,106390,collision,39,-0.2341
2027,rl,106419,too_close,29,0.4318
2028,rl,106465,too_close,46,0.2916
2029,rl,106490,too_close,25,0.4952
2030,rl,106503,success,13,0.729
2031,rl,106522,collision,19,-0.1556
2032,rl,106534,collision,12,-0.1871
2033,rl,106578,success,44,0.3222
2034,rl,106609,too_close,31,0.4408
2035,rl,106659,too_close,50,0.1927
2036,rl,106695,success,36,0.3978
2037,rl,106715,collision,20,-0.1677
2038,rl,106729,success,14,0.71
2039,rl,106737,collision,8,-0.2079
2040,rl,106758,too_close,21,0.5627
2041,rl,106780,success,22,0.5751
2042,rl,106795,success,15,0.6916
2043,rl,106828,collision,33,-0.1162
2044,rl,106866,success,38,0.3773
2045,rl,106885,too_close,19,0.6224
2046,rl,106891,success,6,0.8766
2047,rl,106957,too_close,66,0.1774
2048,rl,106986,success,29,0.4783
2049,rl,107011,success,25,0.5314
2050,rl,107036,too_close,25,0.5314
2051,rl,107039,success,3,0.9487
2052,rl,107056,collision,17,-0.18
2053,rl,107072,success,16,0.6736
2054,rl,107078,success,6,0.8766
2055,rl,107102,success,24,0.5456
2056,rl,107124,too_close,22,0.5594
2057,rl,107189,success,65,0.1853
2058,rl,107220,too_close,31,0.4249
2059,rl,107236,success,16,0.6736
2060,rl,107241,success,5,0.9
2061,rl,107272,too_close,31,0.4538
2062,rl,107286,success,14,0.71
2063,rl,107305,too_close,19,0.622
2064,rl,107337,too_close,32,0.4418
2065,rl,107349,success,12,0.7485
2066,rl,107370,success,21,0.5905
2067,rl,107426,success,56,0.2349
2068,rl,107444,success,18,0.639
2069,rl,107495,success,51,0.2679
2070,rl,107499,collision,4,-0.2452
2071,rl,107507,success,8,0.8316
2072,rl,107546,too_close,39,0.3675
2073,rl,107581,too_close,35,0.3746
2074,rl,107596,success,15,0.6916
2075,rl,107615,collision,19,-0.1842
2076,rl,107639,too_close,24,0.5416
2077,rl,107686,collision,47,-0.0759
2078,rl,107695,success,9,0.81
2079,rl,107707,collision,12,-0.1883
2080,rl,107722,success,15,0.6916
2081,rl,107760,too_close,38,0.3455
2082,rl,107788,success,28,0.4911
2083,rl,107811,too_close,23,0.5362
2084,rl,107826,success,15,0.6916
2085,rl,107834,success,8,0.8316
2086,rl,107853,success,19,0.6224
2087,rl,107884,too_close,31,0.4538
2088,rl,107921,success,37,0.3874
2089,rl,107979,too_close,58,0.139
2090,rl,108019,collision,40,-0.1043
2091,rl,108043,success,24,0.5456
2092,rl,108060,too_close,17,0.6313
2093,rl,108098,success,38,0.3773
2094,rl,108113,success,15,0.6916
2095,rl,108139,too_close,26,0.5152
2096,rl,108174,success,35,0.4084
2097,rl,108184,collision,10,-0.1972
2098,rl,108213,too_close,29,0.4783
2099,rl,108217,success,4,0.9235
2100,rl,108234,success,17,0.6561
2101,rl,108253,too_close,19,0.6076
2102,rl,108294,too_close,41,0.337
2103,rl,108311,collision,17,-0.164
2104,rl,108329,too_close,18,0.593
2105,rl,108348,success,19,0.6224
2106,rl,108374,success,26,0.5176
2107,rl,108410,too_close,36,0.3792
2108,rl,108429,collision,19,-0.1667
2109,rl,108441,collision,12,-0.1871
2110,rl,108453,success,12,0.7485
2111,rl,108470,collision,17,-0.164
2112,rl,108526,too_close,56,0.2295
2113,rl,108561,too_close,35,0.4001
2114,rl,108590,success,29,0.4783
2115,rl,108597,success,7,0.8538
2116,rl,108616,too_close,19,0.6024
2117,rl,108635,too_close,19,0.6224
2118,rl,108690,collision,55,-0.0647
2119,rl,108699,collision,9,-0.2227
2120,rl,108731,too_close,32,0.4344
2121,rl,108743,success,12,0.7485
2122,rl,108767,too_close,24,0.5021
2123,rl,108774,collision,7,-0.2135
2124,rl,108804,success,30,0.4659
2125,rl,108827,success,23,0.5602
2126,rl,108876,too_close,49,0.2824
2127,rl,108885,collision,9,-0.2194
2128,rl,108910,success,25,0.5314
2129,rl,108931,success,21,0.5905
2130,rl,108949,collision,18,-0.1598
2131,rl,108994,too_close,45,0.2916
2132,rl,109010,success,16,0.6736
2133,rl,109044,too_close,34,0.3939
2134,rl,109073,success,29,0.4783
2135,rl,109078,success,5,0.9
2136,rl,109139,too_close,61,0.2036
2137,rl,109150,too_close,11,0.7336
2138,rl,109176,too_close,26,0.5086
2139,rl,109182,success,6,0.8766
2140,rl,109188,collision,6,-0.2192
2141,rl,109239,too_close,51,0.2371
2142,rl,109260,collision,21,-0.1573
2143,rl,109269,collision,9,-0.2436
2144,rl,109274,success,5,0.9
2145,rl,109312,too_close,38,0.2803
2146,rl,109333,success,21,0.5905
2147,rl,109342,success,9,0.81
2148,rl,109358,collision,16,-0.201
2149,rl,109376,success,18,0.639
2150,rl,109384,success,8,0.8316
2151,rl,109429,too_close,45,0.3138
2152,rl,109438,collision,9,-0.2813
2153,rl,109453,collision,15,-0.1829
2154,rl,109477,success,24,0.5456
2155,rl,109488,too_close,11,0.6864
2156,rl,109493,success,5,0.9
2157,rl,109525,success,32,0.442
2158,rl,109554,too_close,29,0.4554
2159,rl,109571,success,17,0.6561
2160,rl,109601,too_close,30,0.4387
2161,rl,109615,success,14,0.71
2162,rl,109637,too_close,22,0.5497
2163,rl,109671,collision,34,-0.1048
2164,rl,109690,collision,19,-0.2286
2165,rl,109703,collision,13,-0.1823
2166,rl,109712,success,9,0.81
2167,rl,109752,too_close,40,0.3297
2168,rl,109775,too_close,23,0.5602
2169,rl,109810,too_close,35,0.4084
2170,rl,109829,too_close,19,0.6131
2171,rl,109849,success,20,0.6063
2172,rl,109884,too_close,35,0.3595
2173,rl,109922,success,38,0.3773
2174,rl,109945,too_close,23,0.5585
2175,rl,109964,too_close,19,0.618
2176,rl,109991,too_close,27,0.4448
2177,rl,110016,success,25,0.5314
2178,rl,110017,collision,1,-0.25
2179,rl,110037,too_close,20,0.6037
2180,rl,110087,success,50,0.2751
2181,rl,110094,success,7,0.8538
2182,rl,110106,collision,12,-0.2044
2183,rl,110112,too_close,6,0.8547
2184,rl,110136,success,24,0.5456
2185,rl,110145,success,9,0.81
2186,rl,110171,too_close,26,0.5145
2187,rl,110199,too_close,28,0.4911
2188,rl,110235,too_close,36,0.3728
2189,rl,110281,too_close,46,0.284
2190,rl,110316,too_close,35,0.4073
2191,rl,110331,too_close,15,0.6297
2192,rl,110341,too_close,10,0.7799
2193,rl,110368,too_close,27,0.5039
2194,rl,110382,success,14,0.71
2195,rl,110408,too_close,26,0.5176
2196,rl,110426,too_close,18,0.639
2197,rl,110439,success,13,0.729
2198,rl,110458,success,19,0.6224
2199,rl,110490,too_close,32,0.442
2200,rl,110515,too_close,25,0.4888
2201,rl,110533,success,18,0.639
2202,rl,110563,collision,30,-0.1962
2203,rl,110567,success,4,0.924
2204,rl,110580,success,13,0.729
2205,rl,110583,too_close,3,0.9375
2206,rl,110610,too_close,27,0.5037
2207,rl,110625,success,15,0.6916
2208,rl,110645,too_close,20,0.5821
2209,rl,110654,collision,9,-0.2167
2210,rl,110687,success,33,0.4305
2211,rl,110711,success,24,0.5456
2212,rl,110722,success,11,0.7684
2213,rl,110747,too_close,25,0.4976
2214,rl,110758,success,11,0.7684
2215,rl,110793,success,35,0.4084
2216,rl,110804,success,11,0.7684
2217,rl,110843,too_close,39,0.3328
2218,rl,110857,success,14,0.71
2219,rl,110874,too_close,17,0.4983
2220,rl,110906,too_close,32,0.4183
2221,rl,110936,too_close,30,0.4514
2222,rl,110943,success,7,0.8538
2223,rl,110951,too_close,8,0.8053
2224,rl,110956,success,5,0.9
2225,rl,110998,too_close,42,0.3379
2226,rl,111014,too_close,16,0.6637
2227,rl,111023,success,9,0.81
2228,rl,111034,success,11,0.7684
2229,rl,111075,too_close,41,0.3016
2230,rl,111093,success,18,0.639
2231,rl,111098,success,5,0.9
2232,rl,111142,too_close,44,0.3175
2233,rl,111165,success,23,0.5602
2234,rl,111209,too_close,44,0.3072
2235,rl,111242,collision,33,-0.111
2236,rl,111246,success,4,0.924
2237,rl,111299,too_close,53,0.2315
2238,rl,111300,collision,1,-0.25
2239,rl,111314,success,14,0.71
2240,rl,111321,success,7,0.8538
2241,rl,111325,collision,4,-0.231
2242,rl,111346,success,21,0.5905
2243,rl,111351,collision,5,-0.225
2244,rl,111374,success,23,0.5602
2245,rl,111383,success,9,0.81
2246,rl,111404,collision,21,-0.2175
2247,rl,111425,too_close,21,0.5905
2248,rl,111431,success,6,0.8766
2249,rl,111482,success,51,0.2679
2250,rl,111497,success,15,0.6916
2251,rl,111515,collision,18,-0.1845
2252,rl,111581,too_close,66,0.172
2253,rl,111601,success,20,0.6063
2254,rl,111628,success,27,0.5042
2255,rl,111643,collision,15,-0.1752
2256,rl,111682,too_close,39,0.3267
2257,rl,111694,success,12,0.7485
2258,rl,111709,success,15,0.6916
2259,rl,111766,too_close,57,0.198
2260,rl,111799,success,33,0.4305
2261,rl,111857,success,58,0.2228
2262,rl,111879,success,22,0.5751
2263,rl,111913,success,34,0.4193
2264,rl,111917,success,4,0.924
2265,rl,111929,success,12,0.7485
2266,rl,111939,success,10,0.7889
2267,rl,111978,too_close,39,0.3675
2268,rl,112009,too_close,31,0.4527
2269,rl,112056,too_close,47,-0.0998
2270,rl,112071,collision,15,-0.1826
2271,rl,112081,success,10,0.7889
2272,rl,112092,success,11,0.7684
2273,rl,112103,success,11,0.7684
2274,rl,112128,success,25,0.5314
2275,rl,112140,success,12,0.7485
2276,rl,112145,success,5,0.9
2277,rl,112168,success,23,0.5602
2278,rl,112185,success,17,0.6561
2279,rl,112202,success,17,0.6561
2280,rl,112250,too_close,48,0.2644
2281,rl,112255,collision,5,-0.256
2282,rl,112270,success,15,0.6916
2283,rl,112306,too_close,36,0.3978
2284,rl,112314,collision,8,-0.2113
2285,rl,112358,too_close,44,0.2979
2286,rl,112366,success,8,0.8316
2287,rl,112412,collision,46,-0.0916
2288,rl,112428,success,16,0.6736
2289,rl,112519,success,91,0.0934
2290,rl,112584,too_close,65,0.1853
2291,rl,112606,success,22,0.5751
2292,rl,112615,collision,9,-0.2494
2293,rl,112630,success,15,0.6745
2294,rl,112662,too_close,32,0.411
2295,rl,112675,too_close,13,0.7262
2296,rl,112699,too_close,24,0.5258
2297,rl,112731,collision,32,-0.145
2298,rl,112767,too_close,36,0.3978
2299,rl,112805,too_close,38,0.3546
2300,rl,112826,too_close,21,0.5821
2301,rl,112863,too_close,37,0.3874
2302,rl,112900,success,37,0.3874
2303,rl,112932,too_close,32,0.4362
2304,rl,112949,too_close,17,0.6124
2305,rl,112974,collision,25,-0.1599
2306,rl,112990,success,16,0.6736
2307,rl,113000,collision,10,-0.2358
2308,rl,113034,too_close,34,0.4193
2309,rl,113056,success,22,0.5751
2310,rl,113088,success,32,0.442
2311,rl,113096,collision,8,-0.2307
2312,rl,113103,success,7,0.8538
2313,rl,113104,collision,1,-0.25
2314,rl,113108,success,4,0.924
2315,rl,113126,too_close,18,0.639
2316,rl,113188,too_close,62,0.1863
2317,rl,113207,collision,19,-0.2203
2318,rl,113218,success,11,0.7684
2319,rl,113221,success,3,0.9487
2320,rl,113239,success,18,0.639
2321,rl,113247,collision,8,-0.2327
2322,rl,113250,success,3,0.9487
2323,rl,113273,too_close,23,0.5602
2324,rl,113317,too_close,44,0.3222
2325,rl,113327,collision,10,-0.1972
2326,rl,113339,collision,12,-0.2077
2327,rl,113353,too_close,14,0.71
2328,rl,113377,too_close,24,0.5018
2329,rl,113384,success,7,0.8538
2330,rl,113404,success,20,0.6063
2331,rl,113447,too_close,43,0.2703
2332,rl,113477,collision,30,-0.1536
2333,rl,113492,success,15,0.6916
2334,rl,113540,collision,48,-0.1063
2335,rl,113552,success,12,0.7485
2336,rl,113563,collision,11,-0.2042
2337,rl,113580,too_close,17,0.6561
2338,rl,113607,success,27,0.5042
2339,rl,113635,too_close,28,0.4831
2340,rl,113641,success,6,0.8766
2341,rl,113668,too_close,27,0.4496
2342,rl,113683,too_close,15,0.6916
2343,rl,113711,too_close,28,0.4911
2344,rl,113755,too_close,44,0.3037
2345,rl,113778,too_close,23,0.56
2346,rl,113798,success,20,0.6063
2347,rl,113806,success,8,0.8316
2348,rl,113815,too_close,9,0.8092
2349,rl,113829,too_close,14,0.71
2350,rl,113840,too_close,11,0.7249
2351,rl,113862,collision,22,-0.1438
2352,rl,113873,too_close,11,0.7684
2353,rl,113925,success,52,0.261
2354,rl,113938,collision,13,-0.2294
2355,rl,113956,too_close,18,0.6384
2356,rl,113970,success,14,0.71
2357,rl,113980,success,10,0.7889
2358,rl,114003,success,23,0.5602
2359,rl,114066,too_close,63,0.1714
2360,rl,114100,too_close,34,0.4017
2361,rl,114107,success,7,0.8538
2362,rl,114162,too_close,55,0.2093
2363,rl,114199,success,37,0.3874
2364,rl,114226,too_close,27,0.5042
2365,rl,114270,too_close,44,0.3222
2366,rl,114284,collision,14,-0.1775
2367,rl,114309,success,25,0.5314
2368,rl,114329,success,20,0.6063
2369,rl,114358,too_close,29,0.46
2370,rl,114402,too_close,44,0.3089
2371,rl,114407,collision,5,-0.225
2372,rl,114414,collision,7,-0.2234
2373,rl,114457,too_close,43,0.2951
2374,rl,114489,success,32,0.442
2375,rl,114504,success,15,0.6916
2376,rl,114527,success,23,0.5602
2377,rl,114537,success,10,0.7889
2378,rl,114591,success,54,0.2476
2379,rl,114597,success,6,0.8766
2380,rl,114618,too_close,21,0.5905
2381,rl,114651,success,33,0.4305
2382,rl,114691,too_close,40,0.3534
2383,rl,114713,collision,22,-0.1685
2384,rl,114750,too_close,37,0.3782
2385,rl,114785,collision,35,-0.1067
2386,rl,114789,collision,4,-0.231
2387,rl,114807,too_close,18,0.6332
2388,rl,114817,success,10,0.7889
2389,rl,114838,success,21,0.5905
2390,rl,114846,success,8,0.8316
2391,rl,114905,success,59,0.217
2392,rl,114917,success,12,0.7485
2393,rl,114922,collision,5,-0.225
2394,rl,114943,success,21,0.5905
2395,rl,114993,too_close,50,0.2416
2396,rl,115015,success,22,0.5751
2397,rl,115035,success,20,0.6063
2398,rl,115062,too_close,27,0.5042
2399,rl,115094,collision,32,-0.1203
2400,rl,115106,success,12,0.7485
2401,rl,115152,success,46,0.3057
2402,rl,115161,success,9,0.81
2403,rl,115166,collision,5,-0.225
2404,rl,115180,collision,14,-0.1775
2405,rl,115222,too_close,42,0.3145
2406,rl,115262,success,40,0.358
2407,rl,115298,success,36,0.3978
2408,rl,115358,too_close,60,0.2114
2409,rl,115403,success,45,0.3138
2410,rl,115421,success,18,0.639
2411,rl,115448,success,27,0.5042
2412,rl,115481,success,33,0.429
2413,rl,115516,success,35,0.4084
2414,rl,115551,success,35,0.4084
2415,rl,115561,collision,10,-0.2377
2416,rl,115585,too_close,24,0.4295
2417,rl,115655,too_close,70,0.1624
2418,rl,115659,success,4,0.924
2419,rl,115703,too_close,44,0.3183
2420,rl,115757,too_close,54,0.2476
2421,rl,115781,collision,24,-0.1364
2422,rl,115803,success,22,0.5751
2423,rl,115838,too_close,35,0.3314
2424,rl,115847,collision,9,-0.21
2425,rl,115872,success,25,0.5314
2426,rl,115893,collision,21,-0.1476
2427,rl,115922,too_close,29,0.4103
2428,rl,115939,collision,17,-0.1652
2429,rl,115946,too_close,7,0.8538
2430,rl,115951,too_close,5,0.899
2431,rl,115956,success,5,0.9
2432,rl,115963,success,7,0.8538
2433,rl,115975,too_close,12,0.7485
2434,rl,115978,success,3,0.9487
2435,rl,115992,success,14,0.71
2436,rl,116011,too_close,19,0.5609
2437,rl,116051,too_close,40,0.3408
2438,rl,116065,success,14,0.71
2439,rl,116106,success,41,0.3487
2440,rl,116120,too_close,14,0.71
2441,rl,116159,too_close,39,0.3653
2442,rl,116168,success,9,0.81
2443,rl,116204,too_close,36,0.3663
2444,rl,116208,success,4,0.924
2445,rl,116219,success,11,0.7684
2446,rl,116234,collision,15,-0.1851
2447,rl,116262,success,28,0.4911
2448,rl,116306,collision,44,-0.0805
2449,rl,116336,success,30,0.4659
2450,rl,116343,success,7,0.8538
2451,rl,116353,success,10,0.7889
2452,rl,116390,too_close,37,0.3692
2453,rl,116445,too_close,55,0.2363
2454,rl,116473,success,28,0.4831
2455,rl,116520,too_close,47,0.2975
2456,rl,116542,success,22,0.5751
2457,rl,116565,too_close,23,0.5593
2458,rl,116578,success,13,0.729
2459,rl,116590,success,12,0.7485
2460,rl,116603,success,13,0.729
2461,rl,116647,too_close,44,0.209
2462,rl,116687,too_close,40,0.3576
2463,rl,116703,success,16,0.6736
2464,rl,116738,success,35,0.4084
2465,rl,116742,success,4,0.924
2466,rl,116755,success,13,0.729
2467,rl,116773,too_close,18,0.6163
2468,rl,116794,success,21,0.5905
2469,rl,116817,success,23,0.5602
2470,rl,116835,collision,18,-0.1598
2471,rl,116871,too_close,36,0.3819
2472,rl,116908,success,37,0.3874
2473,rl,116966,too_close,58,0.2215
2474,rl,116989,too_close,23,0.5602
2475,rl,117008,success,19,0.6224
2476,rl,117027,success,19,0.6224
2477,rl,117092,too_close,65,0.1834
2478,rl,117134,too_close,42,0.3052
2479,rl,117155,collision,21,-0.1476
2480,rl,117166,collision,11,-0.2015
2481,rl,117176,collision,10,-0.2157
2482,rl,117211,success,35,0.4084
2483,rl,117212,collision,1,-0.25
2484,rl,117222,success,10,0.7889
2485,rl,117237,too_close,15,0.6916
2486,rl,117294,collision,57,-0.0646
2487,rl,117334,too_close,40,0.3505
2488,rl,117343,success,9,0.81
2489,rl,117352,too_close,9,0.7819
2490,rl,117398,success,46,0.3057
2491,rl,117424,too_close,26,0.5146
2492,rl,117439,success,15,0.6916
2493,rl,117487,too_close,48,0.29
2494,rl,117501,success,14,0.71
2495,rl,117519,success,18,0.639
2496,rl,117546,success,27,0.5042
2497,rl,117568,success,22,0.5751
2498,rl,117581,success,13,0.729
2499,rl,117627,too_close,46,0.295
2500,rl,117660,too_close,33,0.4305
2501,rl,117691,success,31,0.4538
2502,rl,117707,success,16,0.6736
2503,rl,117735,collision,28,-0.1425
2504,rl,117749,too_close,14,0.6751
2505,rl,117778,too_close,29,0.4507
2506,rl,117790,success,12,0.7485
2507,rl,117802,success,12,0.7485
2508,rl,117827,too_close,25,0.5314
2509,rl,117833,success,6,0.8766
2510,rl,117853,too_close,20,0.5604
2511,rl,117872,success,19,0.6224
2512,rl,117911,too_close,39,0.3406
2513,rl,117963,too_close,52,0.2543
2514,rl,117979,success,16,0.6736
2515,rl,118015,collision,36,-0.1076
2516,rl,118048,too_close,33,0.3843
2517,rl,118058,success,10,0.7889
2518,rl,118090,too_close,32,0.4272
2519,rl,118103,success,13,0.729
2520,rl,118126,too_close,23,0.5602
2521,rl,118158,too_close,32,0.4361
2522,rl,118194,too_close,36,0.3886
2523,rl,118212,too_close,18,0.6319
2524,rl,118228,success,16,0.6736
2525,rl,118247,success,19,0.6224
2526,rl,118337,too_close,90,0.073
2527,rl,118359,too_close,22,0.5729
2528,rl,118372,collision,13,-0.1823
2529,rl,118399,too_close,27,0.5026
2530,rl,118421,success,22,0.5751
2531,rl,118453,too_close,32,0.442
2532,rl,118494,too_close,41,0.331
2533,rl,118512,too_close,18,0.6254
2534,rl,118539,too_close,27,0.4894
2535,rl,118586,too_close,47,0.266
2536,rl,118598,too_close,12,0.7485
2537,rl,118612,success,14,0.71
2538,rl,118632,success,20,0.6063
2539,rl,118640,collision,8,-0.2079
2540,rl,118654,too_close,14,0.71
2541,rl,118672,too_close,18,0.639
2542,rl,118679,collision,7,-0.2135
2543,rl,118713,too_close,34,0.4158
2544,rl,118735,success,22,0.5751
2545,rl,118758,too_close,23,0.5395
2546,rl,118761,collision,3,-0.2372
2547,rl,118779,too_close,18,0.639
2548,rl,118785,success,6,0.8766
2549,rl,118842,too_close,57,0.2288
2550,rl,118851,success,9,0.81
2551,rl,118885,too_close,34,0.3899
2552,rl,118906,too_close,21,0.5898
2553,rl,118927,too_close,21,0.585
2554,rl,118928,collision,1,-0.25
2555,rl,118960,too_close,32,0.379
2556,rl,118961,collision,1,-0.25
2557,rl,119005,success,44,0.3222
2558,rl,119011,success,6,0.8766
2559,rl,119015,collision,4,-0.231
2560,rl,119029,collision,14,-0.1775
2561,rl,119044,too_close,15,0.681
2562,rl,119066,collision,22,-0.1819
2563,rl,119086,success,20,0.6063
2564,rl,119100,success,14,0.71
2565,rl,119147,success,47,0.2977
2566,rl,119182,too_close,35,0.3847
2567,rl,119198,success,16,0.6736
2568,rl,119212,too_close,14,0.6635
2569,rl,119218,success,6,0.8766
2570,rl,119250,too_close,32,0.4136
2571,rl,119320,too_close,70,0.1057
2572,rl,119347,too_close,27,0.5042
2573,rl,119404,too_close,57,0.2288
2574,rl,119410,success,6,0.8766
2575,rl,119469,success,59,0.217
2576,rl,119502,too_close,33,0.4027
2577,rl,119511,collision,9,-0.2624
2578,rl,119525,collision,14,-0.1792
2579,rl,119552,too_close,27,0.5042
2580,rl,119573,success,21,0.5905
2581,rl,119591,too_close,18,0.6242
2582,rl,119599,success,8,0.8316
2583,rl,119626,too_close,27,0.5042
2584,rl,119651,success,25,0.5314
2585,rl,119659,too_close,8,0.8191
2586,rl,119665,success,6,0.8766
2587,rl,119688,too_close,23,0.5195
2588,rl,119714,too_close,26,0.5176
2589,rl,119726,success,12,0.7485
2590,rl,119741,success,15,0.6916
2591,rl,119764,collision,23,-0.1759
2592,rl,119770,success,6,0.8766
2593,rl,119785,too_close,15,0.6872
2594,rl,119796,success,11,0.7684
2595,rl,119878,too_close,82,0.102
2596,rl,119891,success,13,0.729
2597,rl,119912,success,21,0.5905
2598,rl,119922,success,10,0.7889
2599,rl,119926,success,4,0.924
2600,rl,119957,too_close,31,0.4442
2601,rl,119982,collision,25,-0.192
2602,rl,120007,success,25,0.5314
2603,rl,120026,too_close,19,0.6224
2604,rl,120059,too_close,33,0.4153
2605,rl,120137,collision,78,-0.0329
2606,rl,120146,collision,9,-0.2124
2607,rl,120150,success,4,0.924
2608,rl,120202,too_close,52,0.2577
2609,rl,120208,success,6,0.8766
2610,rl,120213,success,5,0.9
2611,rl,120227,success,14,0.71
2612,rl,120237,success,10,0.7889
2613,rl,120273,too_close,36,0.3386
2614,rl,120302,too_close,29,0.4783
2615,rl,120339,too_close,37,0.3396
2616,rl,120349,success,10,0.7889
2617,rl,120421,too_close,72,0.1464
2618,rl,120488,too_close,67,0.1707
2619,rl,120500,collision,12,-0.1871
2620,rl,120516,success,16,0.6736
2621,rl,120524,too_close,8,0.8316
2622,rl,120573,too_close,49,0.2809
2623,rl,120607,success,34,0.4193
2624,rl,120612,success,5,0.9
2625,rl,120635,success,23,0.5602
2626,rl,120657,success,22,0.5751
2627,rl,120726,collision,69,-0.0771
2628,rl,120757,success,31,0.4538
2629,rl,120776,success,19,0.6224
2630,rl,120811,success,35,0.4084
2631,rl,120840,too_close,29,0.4779
2632,rl,120861,success,21,0.5905
2633,rl,120891,too_close,30,-0.1257
2634,rl,120922,success,31,0.4538
2635,rl,120947,success,25,0.5314
2636,rl,120950,collision,3,-0.2372
2637,rl,120968,success,18,0.639
2638,rl,121001,success,33,0.4305
2639,rl,121005,success,4,0.924
2640,rl,121062,too_close,57,0.2256
2641,rl,121090,success,28,0.4911
2642,rl,121111,success,21,0.5905
2643,rl,121135,too_close,24,0.5453
2644,rl,121184,too_close,49,0.2789
2645,rl,121244,success,60,0.2114
2646,rl,121252,success,8,0.8316
2647,rl,121283,too_close,31,0.4538
2648,rl,121296,success,13,0.729
2649,rl,121306,success,10,0.7889
2650,rl,121351,too_close,45,0.3097
2651,rl,121364,success,13,0.729
2652,rl,121369,success,5,0.9
2653,rl,121405,success,36,0.3978
2654,rl,121413,success,8,0.8316
2655,rl,121472,too_close,59,0.2025
2656,rl,121492,too_close,20,0.598
2657,rl,121503,too_close,11,0.7684
2658,rl,121533,success,30,0.4659
2659,rl,121561,collision,28,-0.1228
2660,rl,121573,collision,12,-0.1871
2661,rl,121590,success,17,0.6561
2662,rl,121602,collision,12,-0.1871
2663,rl,121629,too_close,27,0.5038
2664,rl,121663,too_close,34,0.4035
2665,rl,121697,too_close,34,0.4193
2666,rl,121699,success,2,0.974
2667,rl,121713,success,14,0.71
2668,rl,121760,too_close,47,0.2977
2669,rl,121767,success,7,0.8538
2670,rl,121844,too_close,77,0.1346
2671,rl,121866,success,22,0.5751
2672,rl,121937,too_close,71,0.153
2673,rl,121975,collision,38,-0.1565
2674,rl,121992,success,17,0.6561
2675,rl,122019,too_close,27,0.3974
2676,rl,122072,too_close,53,0.2537
2677,rl,122117,too_close,45,0.2897
2678,rl,122118,collision,1,-0.25
2679,rl,122127,too_close,9,0.81
2680,rl,122162,too_close,35,0.3928
2681,rl,122182,too_close,20,0.6063
2682,rl,122217,success,35,0.4084
2683,rl,122238,success,21,0.5905
2684,rl,122249,success,11,0.7684
2685,rl,122264,too_close,15,0.6806
2686,rl,122292,success,28,0.4911
2687,rl,122319,success,27,0.5042
2688,rl,122349,success,30,0.4659
2689,rl,122371,too_close,22,0.5751
2690,rl,122388,success,17,0.6561
2691,rl,122404,success,16,0.6736
2692,rl,122420,success,16,0.6736
2693,rl,122434,success,14,0.71
2694,rl,122465,success,31,0.4538
2695,rl,122495,too_close,30,0.4364
2696,rl,122517,too_close,22,0.5082
2697,rl,122520,success,3,0.9487
2698,rl,122533,success,13,0.729
2699,rl,122553,success,20,0.6063
2700,rl,122585,too_close,32,0.4362
2701,rl,122591,success,6,0.8766
2702,rl,122624,too_close,33,0.3695
2703,rl,122652,too_close,28,0.4911
2704,rl,122692,collision,40,-0.1647
2705,rl,122717,success,25,0.5314
2706,rl,122739,collision,22,-0.1581
2707,rl,122814,too_close,75,0.1378
2708,rl,122822,success,8,0.8316
2709,rl,122898,too_close,76,0.1308
2710,rl,122943,too_close,45,0.3078
2711,rl,122947,collision,4,-0.2344
2712,rl,122989,success,42,0.3396
2713,rl,123019,success,30,0.4659
2714,rl,123056,too_close,37,0.296
2715,rl,123075,success,19,0.6224
2716,rl,123153,too_close,78,-0.0329
2717,rl,123170,success,17,0.6561
2718,rl,123180,too_close,10,0.7889
2719,rl,123216,too_close,36,0.3925
2720,rl,123236,collision,20,-0.1516
2721,rl,123253,too_close,17,0.6201
2722,rl,123291,too_close,38,-0.1401
2723,rl,123303,collision,12,-0.2409
2724,rl,123320,collision,17,-0.1784
2725,rl,123354,too_close,34,0.3837
2726,rl,123376,too_close,22,0.5386
2727,rl,123395,success,19,0.6224
2728,rl,123423,collision,28,-0.1228
2729,rl,123439,success,16,0.6736
2730,rl,123456,too_close,17,0.6561
2731,rl,123465,success,9,0.81
2732,rl,123521,too_close,56,0.2321
2733,rl,123545,too_close,24,0.5163
2734,rl,123554,collision,9,-0.2214
2735,rl,123607,too_close,53,0.2469
2736,rl,123638,too_close,31,0.4076
2737,rl,123650,success,12,0.7485
2738,rl,123656,success,6,0.8766
2739,rl,123667,success,11,0.7684
2740,rl,123689,success,22,0.5751
2741,rl,123712,success,23,0.5602
2742,rl,123745,too_close,33,0.4305
2743,rl,123761,collision,16,-0.1684
2744,rl,123773,success,12,0.7485
2745,rl,123823,too_close,50,0.2289
2746,rl,123862,too_close,39,0.3675
2747,rl,123874,success,12,0.7485
2748,rl,123954,too_close,80,0.1218
2749,rl,123977,success,23,0.5602
2750,rl,124006,too_close,29,0.4783
2751,rl,124060,too_close,54,0.2087
2752,rl,124114,too_close,54,0.2182
2753,rl,124145,too_close,31,0.4538
2754,rl,124173,success,28,0.4911
2755,rl,124186,success,13,0.729
2756,rl,124221,success,35,0.4084
2757,rl,124296,too_close,75,0.1409
2758,rl,124303,success,7,0.8538
2759,rl,124341,collision,38,-0.121
2760,rl,124381,success,40,0.358
2761,rl,124394,success,13,0.729
2762,rl,124427,too_close,33,0.365
2763,rl,124456,success,29,0.4783
2764,rl,124462,collision,6,-0.2211
2765,rl,124477,too_close,15,0.6861
2766,rl,124484,success,7,0.8538
2767,rl,124506,success,22,0.5751
2768,rl,124529,too_close,23,0.5193
2769,rl,124542,success,13,0.729
2770,rl,124549,collision,7,-0.2294
2771,rl,124571,collision,22,-0.1443
2772,rl,124577,success,6,0.8766
2773,rl,124598,success,21,0.5905
2774,rl,124634,success,36,0.3978
2775,rl,124664,too_close,30,0.4207
2776,rl,124674,collision,10,-0.1972
2777,rl,124682,collision,8,-0.2079
2778,rl,124706,too_close,24,0.5453
2779,rl,124772,too_close,66,0.1755
2780,rl,124775,success,3,0.9487
2781,rl,124791,too_close,16,0.6704
2782,rl,124810,success,19,0.6224
2783,rl,124878,too_close,68,0.1666
2784,rl,124909,success,31,0.4538
2785,rl,124916,collision,7,-0.2135
2786,rl,124928,success,12,0.7485
2787,rl,124940,success,12,0.7485
2788,rl,124944,success,4,0.924
2789,rl,124953,success,9,0.81
2790,rl,124971,success,18,0.639
2791,rl,125021,collision,50,-0.0823
2792,rl,125040,too_close,19,0.5892
2793,rl,125073,too_close,33,0.4305
2794,rl,125085,collision,12,-0.1871
2795,rl,125138,too_close,53,0.2542
2796,rl,125148,too_close,10,0.7349
2797,rl,125173,too_close,25,0.5314
2798,rl,125208,too_close,35,0.3167
2799,rl,125232,too_close,24,0.5376
2800,rl,125253,success,21,0.5905
2801,rl,125282,too_close,29,0.4312
2802,rl,125285,success,3,0.9487
2803,rl,125314,too_close,29,0.4748
2804,rl,125321,success,7,0.8538
2805,rl,125344,success,23,0.5602
2806,rl,125356,success,12,0.7485
2807,rl,125381,too_close,25,0.5314
2808,rl,125384,success,3,0.9487
2809,rl,125432,success,48,0.29
2810,rl,125448,success,16,0.6736
2811,rl,125472,collision,24,-0.1423
2812,rl,125487,success,15,0.6881
2813,rl,125501,success,14,0.71
2814,rl,125526,too_close,25,0.5314
2815,rl,125558,success,32,0.442
2816,rl,125571,success,13,0.729
2817,rl,125588,too_close,17,0.656
2818,rl,125615,too_close,27,0.4966
2819,rl,125642,too_close,27,0.485
2820,rl,125684,too_close,42,0.3339
2821,rl,125723,collision,39,-0.1152
2822,rl,125781,too_close,58,0.2227
2823,rl,125790,too_close,9,0.81
2824,rl,125825,success,35,0.4084
2825,rl,125843,collision,18,-0.173
2826,rl,125853,too_close,10,-0.2572
2827,rl,125861,too_close,8,0.8288
2828,rl,125893,too_close,32,0.4253
2829,rl,125919,success,26,0.5176
2830,rl,125946,too_close,27,0.4718
2831,rl,125958,success,12,0.7485
2832,rl,125967,success,9,0.81
2833,rl,125979,success,12,0.7485
2834,rl,126004,success,25,0.5314
2835,rl,126010,success,6,0.8766
2836,rl,126052,success,42,0.3396
2837,rl,126077,success,25,0.5314
2838,rl,126101,success,24,0.5456
2839,rl,126155,too_close,54,0.241
2840,rl,126172,success,17,0.6561
2841,rl,126192,success,20,0.6063
2842,rl,126214,too_close,22,0.5459
2843,rl,126231,collision,17,-0.1802
2844,rl,126260,success,29,0.4783
2845,rl,126274,too_close,14,0.71
2846,rl,126293,too_close,19,-0.1976
2847,rl,126316,success,23,0.5602
2848,rl,126331,success,15,0.6916
2849,rl,126386,too_close,55,0.2183
2850,rl,126424,collision,38,-0.1317
2851,rl,126456,collision,32,-0.1105
2852,rl,126467,collision,11,-0.2107
2853,rl,126482,success,15,0.6916
2854,rl,126512,too_close,30,0.4088
2855,rl,126534,too_close,22,0.57
2856,rl,126572,too_close,38,0.361
2857,rl,126599,too_close,27,0.4962
2858,rl,126627,too_close,28,0.4911
2859,rl,126658,too_close,31,0.4251
2860,rl,126666,collision,8,-0.2131
2861,rl,126707,too_close,41,0.3472
2862,rl,126730,collision,23,-0.2009
2863,rl,126737,collision,7,-0.2135
2864,rl,126777,too_close,40,0.358
2865,rl,126792,too_close,15,0.6916
2866,rl,126851,too_close,59,0.1973
2867,rl,126877,success,26,0.5176
2868,rl,126910,success,33,0.4305
2869,rl,126977,too_close,67,0.1657
2870,rl,127005,collision,28,-0.129
2871,rl,127056,too_close,51,0.2679
2872,rl,127095,success,39,0.3675
2873,rl,127151,too_close,56,0.2348
2874,rl,127162,too_close,11,0.7304
2875,rl,127191,too_close,29,0.4783
2876,rl,127203,too_close,12,0.7471
2877,rl,127232,too_close,29,0.4783
2878,rl,127268,success,36,0.3978
2879,rl,127294,too_close,26,0.5058
2880,rl,127313,success,19,0.6224
2881,rl,127320,success,7,0.8538
2882,rl,127331,too_close,11,0.7677
2883,rl,127361,success,30,0.4659
2884,rl,127394,too_close,33,0.401
2885,rl,127437,too_close,43,0.3056
2886,rl,127460,too_close,23,0.5475
2887,rl,127490,too_close,30,0.4375
2888,rl,127508,too_close,18,0.6129
2889,rl,127540,success,32,0.442
2890,rl,127557,success,17,0.6561
2891,rl,127617,success,60,0.2114
2892,rl,127640,too_close,23,0.5535
2893,rl,127667,too_close,27,0.5042
2894,rl,127703,too_close,36,0.3924
2895,rl,127709,collision,6,-0.2328
2896,rl,127736,success,27,0.5042
2897,rl,127762,success,26,0.5176
2898,rl,127773,success,11,0.7684
2899,rl,127784,success,11,0.7684
2900,rl,127807,too_close,23,0.533
2901,rl,127818,too_close,11,0.7571
2902,rl,127819,collision,1,-0.25
2903,rl,127858,success,39,0.3675
2904,rl,127903,success,45,0.3138
2905,rl,127945,too_close,42,0.2763
2906,rl,127960,success,15,0.6916
2907,rl,127975,collision,15,-0.1877
2908,rl,128031,success,56,0.2349
2909,rl,128055,too_close,24,0.5078
2910,rl,128077,success,22,0.5751
2911,rl,128137,success,60,0.2114
2912,rl,128161,collision,24,-0.1364
2913,rl,128206,too_close,45,0.3095
2914,rl,128263,too_close,57,0.223
2915,rl,128271,success,8,0.8316
2916,rl,128296,success,25,0.5314
2917,rl,128343,too_close,47,0.2198
2918,rl,128396,too_close,53,0.1431
2919,rl,128421,too_close,25,0.5314
2920,rl,128444,too_close,23,0.5602
2921,rl,128446,success,2,0.974
2922,rl,128462,success,16,0.6736
2923,rl,128468,success,6,0.8766
2924,rl,128517,too_close,49,0.2818
2925,rl,128534,success,17,0.6561
2926,rl,128605,collision,71,-0.0824
2927,rl,128635,success,30,0.4659
2928,rl,128646,success,11,0.7684
2929,rl,128648,collision,2,-0.259
2930,rl,128685,success,37,0.3874
2931,rl,128712,too_close,27,0.5042
2932,rl,128723,too_close,11,0.7684
2933,rl,128732,collision,9,-0.2025
2934,rl,128781,too_close,49,0.2668
2935,rl,128784,success,3,0.9487
2936,rl,128794,too_close,10,0.7862
2937,rl,128807,success,13,0.729
2938,rl,128838,collision,31,-0.1134
2939,rl,128882,too_close,44,0.3222
2940,rl,128921,success,39,0.3675
2941,rl,128970,too_close,49,0.2824
2942,rl,129007,too_close,37,0.3871
2943,rl,129046,too_close,39,0.362
2944,rl,129083,too_close,37,0.3682
2945,rl,129095,too_close,12,0.7267
2946,rl,129117,too_close,22,0.5608
2947,rl,129151,success,34,0.4193
2948,rl,129171,success,20,0.6063
2949,rl,129201,too_close,30,0.4265
2950,rl,129247,collision,46,-0.1059
2951,rl,129268,success,21,0.5905
2952,rl,129290,success,22,0.5751
2953,rl,129309,collision,19,-0.1694
2954,rl,129322,collision,13,-0.2125
2955,rl,129341,too_close,19,0.6224
2956,rl,129364,too_close,23,0.556
2957,rl,129365,collision,1,-0.25
2958,rl,129404,too_close,39,0.3265
2959,rl,129470,too_close,66,0.1495
2960,rl,129507,too_close,37,0.3874
2961,rl,129524,collision,17,-0.164
2962,rl,129529,success,5,0.9
2963,rl,129557,collision,28,-0.13
2964,rl,129566,success,9,0.81
2965,rl,129579,success,13,0.729
2966,rl,129614,too_close,35,0.4047
2967,rl,129673,too_close,59,0.1896
2968,rl,129683,too_close,10,0.7862
2969,rl,129721,too_close,38,0.3659
2970,rl,129757,too_close,36,0.378
2971,rl,129776,too_close,19,0.6022
2972,rl,129788,collision,12,-0.2219
2973,rl,129804,success,16,0.6736
2974,rl,129846,success,42,0.3396
2975,rl,129902,too_close,56,0.2349
2976,rl,129930,too_close,28,0.4734
2977,rl,129944,success,14,0.71
2978,rl,129976,success,32,0.442
2979,rl,130002,too_close,26,0.5176
2980,rl,130024,success,22,0.5751
2981,rl,130049,success,25,0.5314
2982,rl,130085,collision,36,-0.1113
2983,rl,130103,too_close,18,0.556
2984,rl,130132,success,29,0.4783
2985,rl,130147,too_close,15,0.6916
2986,rl,130175,too_close,28,0.4911
2987,rl,130204,success,29,0.4783
2988,rl,130205,collision,1,-0.25
2989,rl,130212,collision,7,-0.2135
2990,rl,130219,success,7,0.8538
2991,rl,130248,success,29,0.4783
2992,rl,130287,success,39,0.3675
2993,rl,130307,too_close,20,0.5678
2994,rl,130345,too_close,38,0.2695
2995,rl,130384,too_close,39,0.35
2996,rl,130439,too_close,55,0.229
2997,rl,130451,success,12,0.7485
2998,rl,130452,collision,1,-0.25
2999,rl,130475,success,23,0.5602
3000,rl,130507,too_close,32,0.4279
3001,rl,130523,success,16,0.6736
3002,rl,130550,too_close,27,0.4721
3003,rl,130567,too_close,17,0.6135
3004,rl,130570,collision,3,-0.2512
3005,rl,130613,success,43,0.3308
3006,rl,130653,too_close,40,0.3466
3007,rl,130711,too_close,58,0.2228
3008,rl,130720,success,9,0.81
3009,rl,130765,too_close,45,0.2713
3010,rl,130792,success,27,0.5042
3011,rl,130852,too_close,60,0.1988
3012,rl,130864,success,12,0.7485
3013,rl,130886,too_close,22,0.562
3014,rl,130917,too_close,31,0.4397
3015,rl,130929,success,12,0.7485
3016,rl,130938,success,9,0.81
3017,rl,130950,success,12,0.7485
3018,rl,130977,success,27,0.5042
3019,rl,131004,success,27,0.5042
3020,rl,131018,too_close,14,0.71
3021,rl,131042,collision,24,-0.1395
3022,rl,131071,success,29,0.4783
3023,rl,131082,too_close,11,0.7608
3024,rl,131127,success,45,0.3138
3025,rl,131189,too_close,62,0.1958
3026,rl,131240,too_close,51,0.2598
3027,rl,131255,too_close,15,0.6912
3028,rl,131296,success,41,0.3487
3029,rl,131321,collision,25,-0.1471
3030,rl,131392,success,71,0.1582
3031,rl,131412,too_close,20,0.6063
3032,rl,131450,too_close,38,0.3773
3033,rl,131457,success,7,0.8538
3034,rl,131461,success,4,0.924
3035,rl,131485,too_close,24,0.5456
3036,rl,131527,too_close,42,0.2992
3037,rl,131555,success,28,0.4911
3038,rl,131582,success,27,0.5042
3039,rl,131601,success,19,0.6224
3040,rl,131618,success,17,0.6561
3041,rl,131645,too_close,27,0.472
3042,rl,131659,too_close,14,0.71
3043,rl,131685,success,26,0.5176
3044,rl,131696,success,11,0.7684
3045,rl,131723,success,27,0.5042
3046,rl,131728,collision,5,-0.2429
3047,rl,131736,success,8,0.8316
3048,rl,131749,success,13,0.729
3049,rl,131775,success,26,0.5176
3050,rl,131789,too_close,14,0.7013
3051,rl,131857,too_close,68,0.1568
3052,rl,131865,collision,8,-0.2121
3053,rl,131874,collision,9,-0.2428
3054,rl,131882,collision,8,-0.2079
3055,rl,131898,success,16,0.6736
3056,rl,131919,too_close,21,0.5905
3057,rl,131940,too_close,21,-0.1656
3058,rl,131958,success,18,0.639
3059,rl,131972,success,14,0.71
3060,rl,131982,success,10,0.7889
3061,rl,131992,success,10,0.7889
3062,rl,132001,success,9,0.81
3063,rl,132037,too_close,36,0.3548
3064,rl,132100,collision,63,-0.0488
3065,rl,132113,success,13,0.729
3066,rl,132143,success,30,0.4659
3067,rl,132150,success,7,0.8538
3068,rl,132164,success,14,0.71
3069,rl,132183,success,19,0.6224
3070,rl,132191,success,8,0.8316
3071,rl,132202,success,11,0.7684
3072,rl,132238,success,36,0.3978
3073,rl,132307,too_close,69,0.1668
3074,rl,132333,too_close,26,0.4959
3075,rl,132341,success,8,0.8316
3076,rl,132348,success,7,0.8538
3077,rl,132376,success,28,0.4911
3078,rl,132377,collision,1,-0.25
3079,rl,132385,collision,8,-0.2079
3080,rl,132422,success,37,0.3874
3081,rl,132426,success,4,0.924
3082,rl,132453,success,27,0.5042
3083,rl,132481,success,28,0.4911
3084,rl,132510,too_close,29,0.4783
3085,rl,132541,too_close,31,0.4281
3086,rl,132560,success,19,0.6224
3087,rl,132634,too_close,74,0.1248
3088,rl,132639,collision,5,-0.225
3089,rl,132641,success,2,0.974
3090,rl,132647,collision,6,-0.3021
3091,rl,132665,too_close,18,0.6237
3092,rl,132689,success,24,0.5456
3093,rl,132710,too_close,21,0.5523
3094,rl,132724,too_close,14,0.71
3095,rl,132749,too_close,25,0.5314
3096,rl,132795,too_close,46,0.2754
3097,rl,132847,too_close,52,0.231
3098,rl,132864,success,17,0.6561
3099,rl,132915,too_close,51,0.2674
3100,rl,132953,too_close,38,0.3773
3101,rl,132963,success,10,0.7889
3102,rl,132972,success,9,0.81
3103,rl,132993,too_close,21,0.5905
3104,rl,133000,collision,7,-0.2287
3105,rl,133023,success,23,0.5602
3106,rl,133035,too_close,12,0.7485
3107,rl,133071,success,36,0.3978
3108,rl,133099,too_close,28,0.4728
3109,rl,133111,success,12,0.7485
3110,rl,133189,too_close,78,0.1316
3111,rl,133200,success,11,0.7684
3112,rl,133213,success,13,0.729
3113,rl,133261,too_close,48,0.2429
3114,rl,133291,too_close,30,0.4659
3115,rl,133316,success,25,0.5314
3116,rl,133317,collision,1,-0.25
3117,rl,133354,success,37,0.3874
3118,rl,133386,success,32,0.442
3119,rl,133410,success,24,0.5456
3120,rl,133425,success,15,0.6916
3121,rl,133463,collision,38,-0.0943
3122,rl,133487,too_close,24,0.5358
3123,rl,133512,too_close,25,0.5183
3124,rl,133522,success,10,0.7889
3125,rl,133528,success,6,0.8766
3126,rl,133543,collision,15,-0.1872
3127,rl,133573,too_close,30,0.451
3128,rl,133600,too_close,27,0.5042
3129,rl,133609,too_close,9,0.81
3130,rl,133650,too_close,41,0.3307
3131,rl,133681,too_close,31,0.4073
3132,rl,133701,too_close,20,0.6009
3133,rl,133720,success,19,0.6224
3134,rl,133755,success,35,0.4084
3135,rl,133781,too_close,26,0.4892
3136,rl,133812,too_close,31,0.4104
3137,rl,133828,success,16,0.6736
3138,rl,133844,success,16,0.6736
3139,rl,133885,too_close,41,0.3019
3140,rl,133933,too_close,48,0.285
3141,rl,133958,success,25,0.5314
3142,rl,133983,success,25,0.5314
3143,rl,134002,collision,19,-0.167
3144,rl,134010,success,8,0.8316
3145,rl,134029,success,19,0.6224
3146,rl,134032,success,3,0.9487
3147,rl,134041,success,9,0.81
3148,rl,134048,collision,7,-0.2135
3149,rl,134063,success,15,0.6916
3150,rl,134074,success,11,0.7684
3151,rl,134101,success,27,0.5042
3152,rl,134132,success,31,0.4538
3153,rl,134145,success,13,0.729
3154,rl,134159,success,14,0.71
3155,rl,134175,success,16,0.6736
3156,rl,134197,too_close,22,0.5751
3157,rl,134235,too_close,38,0.3584
3158,rl,134256,success,21,0.5905
3159,rl,134267,success,11,0.7684
3160,rl,134337,too_close,70,0.1532
3161,rl,134344,success,7,0.8538
3162,rl,134376,too_close,32,0.4203
3163,rl,134402,success,26,0.5176
3164,rl,134415,success,13,0.729
3165,rl,134450,too_close,35,0.3905
3166,rl,134477,too_close,27,0.4449
3167,rl,134501,success,24,0.5456
3168,rl,134535,too_close,34,0.394
3169,rl,134590,too_close,55,0.2411
3170,rl,134627,too_close,37,0.3741
3171,rl,134640,success,13,0.729
3172,rl,134660,too_close,20,0.5937
3173,rl,134680,too_close,20,0.5853
3174,rl,134778,too_close,98,0.0622
3175,rl,134809,too_close,31,0.4503
3176,rl,134831,collision,22,-0.1624
3177,rl,134861,too_close,30,0.4628
3178,rl,134896,too_close,35,0.4061
3179,rl,134919,success,23,0.5602
3180,rl,134952,too_close,33,0.4305
3181,rl,134959,success,7,0.8538
3182,rl,134982,success,23,0.5602
3183,rl,135019,too_close,37,0.359
3184,rl,135035,success,16,0.6736
3185,rl,135063,too_close,28,0.4911
3186,rl,135100,too_close,37,0.3862
3187,rl,135112,success,12,0.7485
3188,rl,135130,success,18,0.639
3189,rl,135164,too_close,34,0.3973
3190,rl,135191,too_close,27,0.4851
3191,rl,135202,too_close,11,0.7684
3192,rl,135225,success,23,0.5602
3193,rl,135245,success,20,0.6063
3194,rl,135285,too_close,40,0.3377
3195,rl,135293,success,8,0.8316
3196,rl,135314,too_close,21,0.589
3197,rl,135335,success,21,0.5905
3198,rl,135369,success,34,0.4193
3199,rl,135374,success,5,0.9
3200,rl,135396,success,22,0.5751
3201,rl,135486,too_close,90,-0.0027
3202,rl,135502,collision,16,-0.1742
3203,rl,135523,too_close,21,0.59
3204,rl,135529,too_close,6,0.8766
3205,rl,135543,success,14,0.71
3206,rl,135546,too_close,3,0.9375
3207,rl,135572,too_close,26,0.5176
3208,rl,135590,too_close,18,0.5763
3209,rl,135600,success,10,0.7889
3210,rl,135622,success,22,0.5751
3211,rl,135677,too_close,55,0.1825
3212,rl,135705,collision,28,-0.1359
3213,rl,135721,too_close,16,0.6519
3214,rl,135732,too_close,11,0.7684
3215,rl,135807,too_close,75,0.0352
3216,rl,135825,success,18,0.639
3217,rl,135859,too_close,34,0.4193
3218,rl,135889,success,30,0.4659
3219,rl,135912,success,23,0.5602
3220,rl,135954,too_close,42,0.3396
3221,rl,135958,collision,4,-0.2511
3222,rl,135970,too_close,12,0.7485
3223,rl,135980,success,10,0.7889
3224,rl,135997,success,17,0.6561
3225,rl,136020,too_close,23,0.5602
3226,rl,136051,too_close,31,0.385
3227,rl,136084,too_close,33,0.3748
3228,rl,136093,success,9,0.81
3229,rl,136130,too_close,37,0.378
3230,rl,136143,collision,13,-0.2748
3231,rl,136185,success,42,0.3396
3232,rl,136214,too_close,29,0.4668
3233,rl,136240,too_close,26,0.4847
3234,rl,136247,collision,7,-0.2135
3235,rl,136248,collision,1,-0.25
3236,rl,136281,success,33,0.4305
3237,rl,136296,collision,15,-0.1884
3238,rl,136319,success,23,0.5602
3239,rl,136372,too_close,53,0.2458
3240,rl,136433,success,61,0.2059
3241,rl,136451,too_close,18,0.6279
3242,rl,136468,too_close,17,0.6269
3243,rl,136496,success,28,0.4911
3244,rl,136505,success,9,0.81
3245,rl,136535,too_close,30,0.4659
3246,rl,136544,success,9,0.81
3247,rl,136558,collision,14,-0.2234
3248,rl,136562,too_close,4,0.9162
3249,rl,136573,success,11,0.7684
3250,rl,136611,success,38,0.3773
3251,rl,136631,too_close,20,0.6063
3252,rl,136689,too_close,58,0.2219
3253,rl,136710,collision,21,-0.1774
3254,rl,136740,too_close,30,0.4411
3255,rl,136757,too_close,17,0.6445
3256,rl,136807,too_close,50,0.26
3257,rl,136853,too_close,46,0.3057
3258,rl,136882,success,29,0.4783
3259,rl,136904,too_close,22,0.5368
3260,rl,136940,collision,36,-0.1232
3261,rl,136966,too_close,26,0.3769
3262,rl,137013,success,47,0.2977
3263,rl,137021,too_close,8,0.8165
3264,rl,137024,success,3,0.9487
3265,rl,137040,too_close,16,0.6736
3266,rl,137056,success,16,0.6736
3267,rl,137084,success,28,0.4911
3268,rl,137122,too_close,38,0.3557
3269,rl,137157,success,35,0.4084
3270,rl,137170,too_close,13,0.729
3271,rl,137187,collision,17,-0.164
3272,rl,137214,too_close,27,0.5042
3273,rl,137231,too_close,17,0.6561
3274,rl,137248,success,17,0.6561
3275,rl,137261,success,13,0.729
3276,rl,137295,too_close,34,0.3809
3277,rl,137312,success,17,0.6561
3278,rl,137321,success,9,0.81
3279,rl,137325,success,4,0.924
3280,rl,137380,too_close,55,0.228
3281,rl,137384,collision,4,-0.2935
3282,rl,137415,success,31,0.4538
3283,rl,137417,success,2,0.974
3284,rl,137422,success,5,0.9
3285,rl,137438,too_close,16,0.6294
3286,rl,137447,too_close,9,0.81
3287,rl,137507,success,60,0.2114
3288,rl,137520,success,13,0.729
3289,rl,137530,success,10,0.7889
3290,rl,137548,success,18,0.639
3291,rl,137564,collision,16,-0.1788
3292,rl,137595,too_close,31,0.4538
3293,rl,137615,success,20,0.6063
3294,rl,137630,success,15,0.6916
3295,rl,137642,success,12,0.7485
3296,rl,137662,success,20,0.6063
3297,rl,137690,success,28,0.4911
3298,rl,137703,success,13,0.729
3299,rl,137720,success,17,0.6561
3300,rl,137733,success,13,0.729
3301,rl,137759,too_close,26,0.5176
3302,rl,137773,success,14,0.71
3303,rl,137790,success,17,0.6561
3304,rl,137806,success,16,0.6736
3305,rl,137811,success,5,0.9
3306,rl,137825,too_close,14,0.71
3307,rl,137837,too_close,12,0.5948
3308,rl,137841,success,4,0.924
3309,rl,137879,too_close,38,0.3525
3310,rl,137915,too_close,36,0.391
3311,rl,137920,success,5,0.9
3312,rl,137945,success,25,0.5314
3313,rl,137963,success,18,0.639
3314,rl,138014,too_close,51,0.2652
3315,rl,138046,too_close,32,0.4418
3316,rl,138071,too_close,25,0.5163
3317,rl,138074,collision,3,-0.2674
3318,rl,138118,too_close,44,0.3118
3319,rl,138142,success,24,0.5456
3320,rl,138191,too_close,49,0.111
3321,rl,138211,success,20,0.6063
3322,rl,138269,too_close,58,0.2228
3323,rl,138317,too_close,48,0.2531
3324,rl,138326,collision,9,-0.2025
3325,rl,138370,too_close,44,0.3074
3326,rl,138380,success,10,0.7889
3327,rl,138411,success,31,0.4538
3328,rl,138422,success,11,0.7684
3329,rl,138431,success,9,0.81
3330,rl,138453,success,22,0.5751
3331,rl,138479,too_close,26,0.4789
3332,rl,138509,collision,30,-0.1226
3333,rl,138524,success,15,0.6916
3334,rl,138543,success,19,0.6205
3335,rl,138562,too_close,19,0.6034
3336,rl,138601,too_close,39,0.3675
3337,rl,138608,success,7,0.8538
3338,rl,138637,too_close,29,0.4539
3339,rl,138661,success,24,0.5456
3340,rl,138678,too_close,17,0.6561
3341,rl,138700,too_close,22,0.5722
3342,rl,138724,success,24,0.5456
3343,rl,138731,collision,7,-0.2135
3344,rl,138757,collision,26,-0.1635
3345,rl,138767,collision,10,-0.2016
3346,rl,138774,too_close,7,0.8248
3347,rl,138815,too_close,41,0.3383
3348,rl,138844,too_close,29,0.4682
3349,rl,138851,success,7,0.8538
3350,rl,138867,success,16,0.6736
3351,rl,138894,too_close,27,0.4911
3352,rl,138905,success,11,0.7684
3353,rl,138991,success,86,0.1066
3354,rl,139000,success,9,0.81
3355,rl,139023,too_close,23,0.5556
3356,rl,139046,too_close,23,0.5602
3357,rl,139098,too_close,52,0.2589
3358,rl,139125,success,27,0.5042
3359,rl,139157,too_close,32,0.442
3360,rl,139172,success,15,0.6916
3361,rl,139184,success,12,0.7485
3362,rl,139201,too_close,17,0.6029
3363,rl,139219,collision,18,-0.1728
3364,rl,139257,too_close,38,0.3201
3365,rl,139263,success,6,0.8766
3366,rl,139284,success,21,0.5905
3367,rl,139298,success,14,0.71
3368,rl,139353,too_close,55,0.1518
3369,rl,139360,success,7,0.8538
3370,rl,139407,too_close,47,0.2167
3371,rl,139437,too_close,30,-0.1256
3372,rl,139452,success,15,0.6916
3373,rl,139460,success,8,0.8316
3374,rl,139504,too_close,44,0.3222
3375,rl,139528,success,24,0.5456
3376,rl,139549,too_close,21,0.5897
3377,rl,139558,too_close,9,0.81
3378,rl,139594,success,36,0.3978
3379,rl,139623,too_close,29,0.4767
3380,rl,139651,too_close,28,0.4633
3381,rl,139666,success,15,0.6916
3382,rl,139695,too_close,29,0.4759
3383,rl,139718,success,23,0.5602
3384,rl,139728,success,10,0.7889
3385,rl,139749,success,21,0.5905
3386,rl,139755,success,6,0.8766
3387,rl,139774,too_close,19,0.6167
3388,rl,139809,collision,35,-0.109
3389,rl,139839,success,30,0.4659
3390,rl,139840,collision,1,-0.25
3391,rl,139853,success,13,0.729
3392,rl,139907,too_close,54,0.2417
3393,rl,139931,success,24,0.5456
3394,rl,139957,collision,26,-0.1355
3395,rl,139999,too_close,42,0.3228
3396,rl,140066,too_close,67,0.1757
3397,rl,140072,collision,6,-0.2192
3398,rl,140085,collision,13,-0.197
3399,rl,140118,too_close,33,0.4305
3400,rl,140159,too_close,41,0.3036
3401,rl,140184,success,25,0.5314
3402,rl,140196,success,12,0.7485
3403,rl,140216,collision,20,-0.1607
3404,rl,140260,collision,44,-0.1283
3405,rl,140276,success,16,0.6736
3406,rl,140292,too_close,16,0.6723
3407,rl,140313,success,21,0.5905
3408,rl,140350,too_close,37,0.3867
3409,rl,140381,too_close,31,0.4465
3410,rl,140436,too_close,55,0.1941
3411,rl,140443,success,7,0.8538
3412,rl,140495,too_close,52,0.2293
3413,rl,140504,too_close,9,0.7973
3414,rl,140507,collision,3,-0.2659
3415,rl,140523,too_close,16,0.6647
3416,rl,140549,success,26,0.5176
3417,rl,140580,too_close,31,0.3815
3418,rl,140585,too_close,5,0.8925
3419,rl,140609,success,24,0.5456
3420,rl,140674,too_close,65,0.1166
3421,rl,140774,timeout,100,-0.0304
3422,rl,140792,success,18,0.639
3423,rl,140825,too_close,33,0.3861
3424,rl,140878,too_close,53,0.2484
3425,rl,140880,collision,2,-0.2506
3426,rl,140888,success,8,0.8316
3427,rl,140948,too_close,60,0.1578
3428,rl,140956,collision,8,-0.2079
3429,rl,140974,too_close,18,0.6011
3430,rl,140984,success,10,0.7889
3431,rl,140992,success,8,0.8316
3432,rl,141016,too_close,24,0.5456
3433,rl,141022,collision,6,-0.3252
3434,rl,141035,success,13,0.729
3435,rl,141078,too_close,43,0.3308
3436,rl,141101,success,23,0.5602
3437,rl,141113,too_close,12,0.7475
3438,rl,141154,too_close,41,0.3487
3439,rl,141181,success,27,0.5027
3440,rl,141206,too_close,25,0.5306
3441,rl,141239,collision,33,-0.1717
3442,rl,141263,success,24,0.5456
3443,rl,141279,too_close,16,0.6736
3444,rl,141317,too_close,38,0.3724
3445,rl,141377,too_close,60,0.1998
3446,rl,141388,success,11,0.7684
3447,rl,141423,too_close,35,0.4001
3448,rl,141432,success,9,0.81
3449,rl,141444,too_close,12,0.7485
3450,rl,141509,too_close,65,0.1801
3451,rl,141518,success,9,0.81
3452,rl,141550,too_close,32,0.44
3453,rl,141576,too_close,26,0.5176
3454,rl,141591,success,15,0.6916
3455,rl,141624,too_close,33,0.4304
3456,rl,141650,too_close,26,0.4186
3457,rl,141656,success,6,0.8766
3458,rl,141668,success,12,0.7485
3459,rl,141674,success,6,0.8766
3460,rl,141702,too_close,28,0.4528
3461,rl,141728,too_close,26,0.493
3462,rl,141737,success,9,0.81
3463,rl,141753,too_close,16,0.6711
3464,rl,141759,success,6,0.8766
3465,rl,141772,success,13,0.729
3466,rl,141773,collision,1,-0.25
3467,rl,141784,success,11,0.7684
3468,rl,141812,too_close,28,0.4911
3469,rl,141821,collision,9,-0.2025
3470,rl,141824,collision,3,-0.2853
3471,rl,141885,too_close,61,0.2056
3472,rl,141895,success,10,0.7889
3473,rl,141900,too_close,5,0.9
3474,rl,141922,success,22,0.5751
3475,rl,141941,too_close,19,0.6184
3476,rl,141960,too_close,19,0.6224
3477,rl,142016,success,56,0.2349
3478,rl,142027,success,11,0.7684
3479,rl,142041,success,14,0.71
3480,rl,142089,success,48,0.29
3481,rl,142104,success,15,0.6916
3482,rl,142139,success,35,0.4084
3483,rl,142174,too_close,35,0.3995
3484,rl,142194,too_close,20,0.6063
3485,rl,142200,too_close,6,0.8675
3486,rl,142225,success,25,0.5314
3487,rl,142246,too_close,21,0.5905
3488,rl,142295,success,49,0.2824
3489,rl,142342,too_close,47,0.2968
3490,rl,142400,success,58,0.2228
3491,rl,142420,success,20,0.6063
3492,rl,142447,too_close,27,0.5042
3493,rl,142452,collision,5,-0.2261
3494,rl,142458,success,6,0.8766
3495,rl,142505,too_close,47,0.2823
3496,rl,142525,success,20,0.6063
3497,rl,142560,too_close,35,0.3775
3498,rl,142581,success,21,0.5905
3499,rl,142650,too_close,69,0.1585
3500,rl,142666,success,16,0.6736
3501,rl,142707,too_close,41,0.298
3502,rl,142759,too_close,52,0.245
3503,rl,142789,too_close,30,0.4551
3504,rl,142811,success,22,0.5751
3505,rl,142900,too_close,89,0.0976
3506,rl,142903,collision,3,-0.2408
3507,rl,142920,too_close,17,0.6558
3508,rl,142943,too_close,23,0.5087
3509,rl,143002,collision,59,-0.1679
3510,rl,143020,success,18,0.639
3511,rl,143041,success,21,0.5905
3512,rl,143047,success,6,0.8766
3513,rl,143070,success,23,0.5602
3514,rl,143093,too_close,23,0.5585
3515,rl,143141,too_close,48,0.29
3516,rl,143195,too_close,54,0.1755
3517,rl,143226,too_close,31,0.3927
3518,rl,143251,success,25,0.5314
3519,rl,143286,success,35,0.4084
3520,rl,143290,success,4,0.924
3521,rl,143308,too_close,18,0.6253
3522,rl,143346,too_close,38,0.3685
3523,rl,143364,too_close,18,0.6071
3524,rl,143401,too_close,37,0.3719
3525,rl,143419,collision,18,-0.1598
3526,rl,143454,too_close,35,0.4028
3527,rl,143461,success,7,0.8538
3528,rl,143471,success,10,0.7889
3529,rl,143503,too_close,32,0.4029
3530,rl,143518,success,15,0.6916
3531,rl,143536,success,18,0.639
3532,rl,143562,success,26,0.5176
3533,rl,143585,collision,23,-0.1583
3534,rl,143614,success,29,0.4783
3535,rl,143635,too_close,21,0.5905
3536,rl,143651,success,16,0.6736
3537,rl,143684,collision,33,-0.1515
3538,rl,143693,success,9,0.81
3539,rl,143726,too_close,33,0.4305
3540,rl,143826,timeout,100,-0.004
3541,rl,143835,success,9,0.81
3542,rl,143859,success,24,0.5456
3543,rl,143866,success,7,0.8538
3544,rl,143873,success,7,0.8538
3545,rl,143888,success,15,0.6916
3546,rl,143906,collision,18,-0.1598
3547,rl,143949,too_close,43,0.2848
3548,rl,143957,success,8,0.8316
3549,rl,143971,success,14,0.71
3550,rl,143991,too_close,20,0.582
3551,rl,144003,success,12,0.7485
3552,rl,144035,success,32,0.442
3553,rl,144072,success,37,0.3874
3554,rl,144087,success,15,0.6916
3555,rl,144104,success,17,0.6561
3556,rl,144139,too_close,35,0.3826
3557,rl,144170,too_close,31,0.3868
3558,rl,144188,success,18,0.639
3559,rl,144199,success,11,0.7684
3560,rl,144262,too_close,63,0.1845
3561,rl,144282,too_close,20,0.5456
3562,rl,144355,too_close,73,0.1114
3563,rl,144398,collision,43,-0.0879
3564,rl,144418,too_close,20,0.5937
3565,rl,144429,too_close,11,0.74
3566,rl,144481,success,52,0.261
3567,rl,144497,success,16,0.6736
3568,rl,144540,too_close,43,0.3308
3569,rl,144558,success,18,0.639
3570,rl,144569,success,11,0.7684
3571,rl,144597,too_close,28,0.4911
3572,rl,144605,success,8,0.8316
3573,rl,144624,too_close,19,0.6224
3574,rl,144627,too_close,3,0.902
3575,rl,144665,too_close,38,0.3263
3576,rl,144703,collision,38,-0.1311
3577,rl,144722,too_close,19,0.6043
3578,rl,144770,too_close,48,0.29
3579,rl,144814,too_close,44,0.3222
3580,rl,144862,too_close,48,0.242
3581,rl,144865,success,3,0.9487
3582,rl,144893,success,28,0.4911
3583,rl,144897,success,4,0.924
3584,rl,144909,collision,12,-0.1871
3585,rl,144936,success,27,0.5042
3586,rl,144941,success,5,0.9
3587,rl,144968,too_close,27,0.5042
3588,rl,144974,success,6,0.8766
3589,rl,144984,too_close,10,0.7771
3590,rl,144993,success,9,0.81
3591,rl,145008,too_close,15,0.6916
3592,rl,145032,too_close,24,0.5456
3593,rl,145054,success,22,0.5751
3594,rl,145057,success,3,0.9487
3595,rl,145084,too_close,27,0.5042
3596,rl,145087,collision,3,-0.2372
3597,rl,145101,success,14,0.71
3598,rl,145119,success,18,0.639
3599,rl,145136,collision,17,-0.164
3600,rl,145181,success,45,0.3138
3601,rl,145189,collision,8,-0.2255
3602,rl,145214,too_close,25,0.5301
3603,rl,145222,success,8,0.8316
3604,rl,145253,too_close,31,0.4138
3605,rl,145297,collision,44,-0.0852
3606,rl,145303,success,6,0.8766
3607,rl,145324,collision,21,-0.1476
3608,rl,145341,collision,17,-0.1922
3609,rl,145353,collision,12,-0.2033
3610,rl,145374,success,21,0.5905
3611,rl,145379,too_close,5,0.8963
3612,rl,145386,success,7,0.8538
3613,rl,145417,too_close,31,0.4325
3614,rl,145441,too_close,24,0.5272
3615,rl,145457,collision,16,-0.1684
3616,rl,145487,success,30,0.4659
3617,rl,145525,too_close,38,0.3623
3618,rl,145556,collision,31,-0.1147
3619,rl,145574,too_close,18,0.6254
3620,rl,145591,success,17,0.6561
3621,rl,145600,too_close,9,0.81
3622,rl,145631,success,31,0.4538
3623,rl,145636,too_close,5,0.8874
3624,rl,145640,success,4,0.924
3625,rl,145665,collision,25,-0.1359
3626,rl,145698,too_close,33,0.3605
3627,rl,145699,collision,1,-0.25
3628,rl,145725,too_close,26,0.5176
3629,rl,145804,too_close,79,0.1282
3630,rl,145820,success,16,0.6736
3631,rl,145834,too_close,14,0.6996
3632,rl,145858,too_close,24,0.5038
3633,rl,145877,too_close,19,0.5997
3634,rl,145914,too_close,37,0.3767
3635,rl,145951,too_close,37,0.3871
3636,rl,145971,too_close,20,0.5943
3637,rl,146002,success,31,0.4538
3638,rl,146023,too_close,21,0.5738
3639,rl,146029,collision,6,-0.2192
3640,rl,146033,success,4,0.924
3641,rl,146111,too_close,78,0.0859
3642,rl,146119,collision,8,-0.2113
3643,rl,146151,success,32,0.442
3644,rl,146181,success,30,0.4659
3645,rl,146213,too_close,32,0.442
3646,rl,146217,success,4,0.924
3647,rl,146245,success,28,0.4911
3648,rl,146320,too_close,75,0.1381
3649,rl,146349,success,29,0.4783
3650,rl,146418,too_close,69,0.1668
3651,rl,146425,collision,7,-0.2287
3652,rl,146461,too_close,36,0.3951
3653,rl,146468,success,7,0.8538
3654,rl,146474,success,6,0.8766
3655,rl,146488,success,14,0.71
3656,rl,146492,success,4,0.924
3657,rl,146542,too_close,50,0.2572
3658,rl,146578,collision,36,-0.1684
3659,rl,146586,success,8,0.8316
3660,rl,146604,success,18,0.639
3661,rl,146620,success,16,0.6736
3662,rl,146654,too_close,34,0.3761
3663,rl,146661,collision,7,-0.2438
3664,rl,146697,too_close,36,0.3252
3665,rl,146727,too_close,30,0.4659
3666,rl,146758,too_close,31,0.4081
3667,rl,146795,too_close,37,0.3448
3668,rl,146806,too_close,11,0.7664
3669,rl,146834,success,28,0.4911
3670,rl,146872,success,38,0.3773
3671,rl,146907,success,35,0.4084
3672,rl,146934,too_close,27,0.5006
3673,rl,146957,success,23,0.5602
3674,rl,146980,success,23,0.5602
3675,rl,147011,collision,31,-0.1134
3676,rl,147018,success,7,0.8538
3677,rl,147059,too_close,41,0.3254
3678,rl,147085,success,26,0.5176
3679,rl,147087,success,2,0.974
3680,rl,147128,too_close,41,0.3432
3681,rl,147135,success,7,0.8538
3682,rl,147159,too_close,24,0.5182
3683,rl,147166,success,7,0.8538
3684,rl,147186,too_close,20,0.601
3685,rl,147236,too_close,50,0.2546
3686,rl,147291,too_close,55,0.2411
3687,rl,147322,too_close,31,0.4329
3688,rl,147346,too_close,24,0.5375
3689,rl,147351,collision,5,-0.225
3690,rl,147363,success,12,0.7485
3691,rl,147374,too_close,11,0.7684
3692,rl,147393,collision,19,-0.1932
3693,rl,147417,too_close,24,0.5436
3694,rl,147459,too_close,42,0.3396
3695,rl,147463,success,4,0.924
3696,rl,147487,success,24,0.5456
3697,rl,147542,too_close,55,0.2408
3698,rl,147553,success,11,0.7684
3699,rl,147586,too_close,33,0.43
3700,rl,147635,too_close,49,0.2782
3701,rl,147675,too_close,40,0.2837
3702,rl,147707,too_close,32,0.442
3703,rl,147733,success,26,0.5176
3704,rl,147750,too_close,17,0.6085
3705,rl,147757,too_close,7,0.8538
3706,rl,147779,too_close,22,0.5657
3707,rl,147802,too_close,23,0.547
3708,rl,147813,too_close,11,0.7605
3709,rl,147822,success,9,0.81
3710,rl,147860,success,38,0.3773
3711,rl,147865,success,5,0.9
3712,rl,147907,too_close,42,0.3351
3713,rl,147920,collision,13,-0.1859
3714,rl,147935,success,15,0.6916
3715,rl,147953,too_close,18,0.6366
3716,rl,147980,success,27,0.5042
3717,rl,148015,too_close,35,0.4037
3718,rl,148019,collision,4,-0.2422
3719,rl,148044,too_close,25,0.5074
3720,rl,148060,success,16,0.6736
3721,rl,148102,too_close,42,0.3155
3722,rl,148122,success,20,0.6063
3723,rl,148130,success,8,0.8316
3724,rl,148154,success,24,0.5456
3725,rl,148163,success,9,0.81
3726,rl,148210,too_close,47,0.2569
3727,rl,148310,timeout,100,0.0
3728,rl,148317,collision,7,-0.2242
3729,rl,148337,too_close,20,0.6063
3730,rl,148350,success,13,0.729
3731,rl,148376,success,26,0.5176
3732,rl,148397,success,21,0.5905
3733,rl,148430,success,33,0.4305
3734,rl,148476,too_close,46,0.3057
3735,rl,148490,success,14,0.71
3736,rl,148520,too_close,30,0.4659
3737,rl,148534,success,14,0.71
3738,rl,148546,success,12,0.7485
3739,rl,148549,success,3,0.9487
3740,rl,148590,too_close,41,0.3478
3741,rl,148606,success,16,0.6736
3742,rl,148620,success,14,0.71
3743,rl,148628,success,8,0.8316
3744,rl,148656,too_close,28,0.4911
3745,rl,148687,too_close,31,0.4538
3746,rl,148743,too_close,56,0.2107
3747,rl,148760,collision,17,-0.164
3748,rl,148795,too_close,35,0.403
3749,rl,148837,success,42,0.3396
3750,rl,148884,too_close,47,0.2745
3751,rl,148903,too_close,19,0.6199
3752,rl,148916,success,13,0.729
3753,rl,148949,too_close,33,0.4272
3754,rl,148972,too_close,23,0.5459
3755,rl,148982,success,10,0.7889
3756,rl,149025,too_close,43,0.2891
3757,rl,149034,success,9,0.81
3758,rl,149057,success,23,0.5602
3759,rl,149070,success,13,0.729
3760,rl,149099,too_close,29,0.4783
3761,rl,149117,too_close,18,0.639
3762,rl,149152,too_close,35,0.4084
3763,rl,149169,success,17,0.6561
3764,rl,149200,too_close,31,0.4538
3765,rl,149232,collision,32,-0.1306
3766,rl,149252,too_close,20,0.5621
3767,rl,149281,too_close,29,0.4783
3768,rl,149348,too_close,67,0.1489
3769,rl,149371,too_close,23,0.5394
3770,rl,149389,success,18,0.639
3771,rl,149405,success,16,0.6736
3772,rl,149446,success,41,0.3487
3773,rl,149480,too_close,34,0.4074
3774,rl,149517,too_close,37,0.3626
3775,rl,149547,collision,30,-0.1211
3776,rl,149550,success,3,0.9487
3777,rl,149591,too_close,41,0.3487
3778,rl,149644,too_close,53,0.2221
3779,rl,149650,success,6,0.8766
3780,rl,149689,too_close,39,0.3475
3781,rl,149704,too_close,15,0.6889
3782,rl,149794,collision,90,-0.024
3783,rl,149806,collision,12,-0.2119
3784,rl,149819,success,13,0.729
3785,rl,149874,too_close,55,0.2356
3786,rl,149894,success,20,0.6063
3787,rl,149911,success,17,0.6561
3788,rl,149920,success,9,0.81
3789,rl,149943,success,23,0.5602
3790,rl,149973,success,30,0.4659
3791,rl,150023,too_close,50,0.2567
3792,rl,150043,success,20,0.6063
3793,rl,150063,too_close,20,0.6043
3794,rl,150079,success,16,0.6736
3795,rl,150120,too_close,41,0.3487
3796,rl,150154,too_close,34,0.4193
3797,rl,150161,collision,7,-0.2605
3798,rl,150163,success,2,0.974
3799,rl,150178,success,15,0.6916
3800,rl,150192,collision,14,-0.188
3801,rl,150195,success,3,0.9487
3802,rl,150222,too_close,27,0.4673
3803,rl,150234,success,12,0.7485
3804,rl,150259,too_close,25,0.4999
3805,rl,150299,too_close,40,0.3306
3806,rl,150330,success,31,0.4538
3807,rl,150346,success,16,0.6736
3808,rl,150361,too_close,15,0.6916
3809,rl,150381,too_close,20,0.5899
3810,rl,150393,success,12,0.7485
3811,rl,150408,success,15,0.6916
3812,rl,150459,success,51,0.2679
3813,rl,150504,too_close,45,0.3138
3814,rl,150524,too_close,20,0.5845
3815,rl,150525,collision,1,-0.25
3816,rl,150586,too_close,61,0.1835
3817,rl,150604,success,18,0.639
3818,rl,150626,too_close,22,0.5751
3819,rl,150633,success,7,0.8538
3820,rl,150659,success,26,0.5176
3821,rl,150684,success,25,0.5314
3822,rl,150705,too_close,21,0.561
3823,rl,150721,success,16,0.6736
3824,rl,150735,success,14,0.71
3825,rl,150774,too_close,39,0.359
3826,rl,150782,success,8,0.8316
3827,rl,150801,success,19,0.6224
3828,rl,150836,too_close,35,0.3841
3829,rl,150866,too_close,30,0.4619
3830,rl,150892,success,26,0.5176
3831,rl,150935,too_close,43,0.3308
3832,rl,150964,success,29,0.4783
3833,rl,150971,success,7,0.8538
3834,rl,150990,too_close,19,0.5898
3835,rl,151008,success,18,0.639
3836,rl,151026,too_close,18,0.639
3837,rl,151041,success,15,0.6916
3838,rl,151051,collision,10,-0.2158
3839,rl,151062,too_close,11,0.7357
3840,rl,151078,success,16,0.6736
3841,rl,151085,success,7,0.8538
3842,rl,151114,too_close,29,0.4783
3843,rl,151138,success,24,0.5456
3844,rl,151161,too_close,23,0.5599
3845,rl,151185,success,24,0.5456
3846,rl,151224,too_close,39,0.3591
3847,rl,151245,success,21,0.5905
3848,rl,151281,too_close,36,0.3553
3849,rl,151305,success,24,0.5456
3850,rl,151358,too_close,53,0.2273
3851,rl,151368,success,10,0.7889
3852,rl,151373,too_close,5,0.891
3853,rl,151403,too_close,30,0.4501
3854,rl,151421,success,18,0.6288
3855,rl,151454,too_close,33,0.3573
3856,rl,151475,success,21,0.5905
3857,rl,151484,collision,9,-0.2222
3858,rl,151536,too_close,52,0.2079
3859,rl,151618,too_close,82,0.1046
3860,rl,151642,collision,24,-0.1396
3861,rl,151651,success,9,0.81
3862,rl,151666,success,15,0.6916
3863,rl,151697,success,31,0.4538
3864,rl,151729,success,32,0.442
3865,rl,151742,collision,13,-0.2049
3866,rl,151758,success,16,0.6736
3867,rl,151795,too_close,37,0.3874
3868,rl,151834,too_close,39,0.3659
3869,rl,151857,too_close,23,0.5602
3870,rl,151869,success,12,0.7485
3871,rl,151915,too_close,46,0.2851
3872,rl,151929,success,14,0.71
3873,rl,151949,too_close,20,0.606
3874,rl,151964,too_close,15,0.6719
3875,rl,151998,too_close,34,0.4193
3876,rl,152015,success,17,0.6561
3877,rl,152034,too_close,19,0.6188
3878,rl,152047,success,13,0.729
3879,rl,152060,success,13,0.729
3880,rl,152064,success,4,0.924
3881,rl,152080,success,16,0.6736
3882,rl,152093,success,13,0.729
3883,rl,152099,success,6,0.8766
3884,rl,152121,success,22,0.5751
3885,rl,152125,success,4,0.924
3886,rl,152157,too_close,32,0.4318
3887,rl,152163,success,6,0.8766
3888,rl,152183,success,20,0.6063
3889,rl,152206,too_close,23,0.5495
3890,rl,152220,success,14,0.71
3891,rl,152224,success,4,0.924
3892,rl,152251,too_close,27,0.4951
3893,rl,152277,too_close,26,0.4873
3894,rl,152304,success,27,0.5042
3895,rl,152315,success,11,0.7684
3896,rl,152336,too_close,21,0.5898
3897,rl,152383,too_close,47,0.2977
3898,rl,152406,too_close,23,0.4806
3899,rl,152439,success,33,0.4305
3900,rl,152478,success,39,0.3675
3901,rl,152517,too_close,39,0.3675
3902,rl,152524,success,7,0.8538
3903,rl,152545,too_close,21,0.5905
3904,rl,152572,too_close,27,0.5042
3905,rl,152595,too_close,23,0.5602
3906,rl,152617,success,22,0.5751
3907,rl,152622,too_close,5,0.9
3908,rl,152633,too_close,11,0.6801
3909,rl,152666,too_close,33,0.4305
3910,rl,152682,too_close,16,0.6736
3911,rl,152696,success,14,0.71
3912,rl,152706,success,10,0.7889
3913,rl,152708,success,2,0.974
3914,rl,152715,success,7,0.8538
3915,rl,152728,success,13,0.729
3916,rl,152751,too_close,23,0.5435
3917,rl,152759,success,8,0.8316
3918,rl,152781,too_close,22,0.5751
3919,rl,152812,too_close,31,0.4229
3920,rl,152843,success,31,0.4538
3921,rl,152861,too_close,18,0.6008
3922,rl,152863,success,2,0.974
3923,rl,152875,success,12,0.7485
3924,rl,152887,success,12,0.7485
3925,rl,152910,collision,23,-0.14
3926,rl,152911,collision,1,-0.25
3927,rl,152917,success,6,0.8766
3928,rl,152939,too_close,22,0.5552
3929,rl,152955,success,16,0.6736
3930,rl,152976,too_close,21,0.5715
3931,rl,152986,success,10,0.7889
3932,rl,152989,collision,3,-0.2507
3933,rl,152996,collision,7,-0.2135
3934,rl,153030,success,34,0.4193
3935,rl,153068,too_close,38,0.3773
3936,rl,153077,success,9,0.81
3937,rl,153083,success,6,0.8766
3938,rl,153093,success,10,0.7889
3939,rl,153139,too_close,46,0.3057
3940,rl,153181,too_close,42,0.2784
3941,rl,153210,success,29,0.4783
3942,rl,153224,too_close,14,0.71
3943,rl,153235,too_close,11,0.7684
3944,rl,153240,collision,5,-0.2464
3945,rl,153258,success,18,0.639
3946,rl,153268,too_close,10,0.7722
3947,rl,153280,too_close,12,0.7178
3948,rl,153326,success,46,0.3057
3949,rl,153396,too_close,70,0.0951
3950,rl,153425,success,29,0.4783
3951,rl,153439,too_close,14,0.6995
3952,rl,153480,too_close,41,0.2916
3953,rl,153501,too_close,21,0.5884
3954,rl,153510,success,9,0.81
3955,rl,153525,too_close,15,0.6667
3956,rl,153537,success,12,0.7485
3957,rl,153567,too_close,30,0.4659
3958,rl,153576,collision,9,-0.2247
3959,rl,153618,too_close,42,0.3396
3960,rl,153632,success,14,0.71
3961,rl,153663,too_close,31,0.392
3962,rl,153669,collision,6,-0.2756
3963,rl,153691,too_close,22,0.5598
3964,rl,153711,success,20,0.6063
3965,rl,153720,collision,9,-0.2147
3966,rl,153765,too_close,45,0.3049
3967,rl,153823,too_close,58,0.2039
3968,rl,153867,too_close,44,0.3154
3969,rl,153873,collision,6,-0.2381
3970,rl,153880,success,7,0.8538
3971,rl,153896,collision,16,-0.1819
3972,rl,153957,success,61,0.2059
3973,rl,153982,success,25,0.5314
3974,rl,154040,success,58,0.2228
3975,rl,154064,too_close,24,0.5456
3976,rl,154075,success,11,0.7684
3977,rl,154100,success,25,0.5314
3978,rl,154105,success,5,0.9
3979,rl,154120,collision,15,-0.2182
3980,rl,154176,too_close,56,0.2116
3981,rl,154190,success,14,0.71
3982,rl,154208,success,18,0.639
3983,rl,154219,success,11,0.7684
3984,rl,154236,too_close,17,0.6561
3985,rl,154259,success,23,0.5602
3986,rl,154300,too_close,41,0.2717
3987,rl,154326,success,26,0.5176
3988,rl,154368,too_close,42,0.2732
3989,rl,154398,too_close,30,0.4622
3990,rl,154409,too_close,11,0.7684
3991,rl,154415,collision,6,-0.2192
3992,rl,154436,collision,21,-0.1833
3993,rl,154494,too_close,58,0.2228
3994,rl,154556,too_close,62,0.1571
3995,rl,154592,too_close,36,0.3037
3996,rl,154601,success,9,0.81
3997,rl,154620,too_close,19,0.6194
3998,rl,154632,collision,12,-0.1981
3999,rl,154644,collision,12,-0.2056
4000,rl,154678,too_close,34,0.415
4001,rl,154696,success,18,0.639
4002,rl,154716,success,20,0.6063
4003,rl,154724,success,8,0.8316
4004,rl,154761,too_close,37,0.3874
4005,rl,154798,too_close,37,0.3817
4006,rl,154809,success,11,0.7684
4007,rl,154838,too_close,29,0.4783
4008,rl,154849,success,11,0.7684
4009,rl,154860,too_close,11,0.7578
4010,rl,154870,success,10,0.7889
4011,rl,154896,too_close,26,0.5176
4012,rl,154907,success,11,0.7684
4013,rl,154926,collision,19,-0.1858
4014,rl,154937,success,11,0.7684
4015,rl,154971,too_close,34,0.3644
4016,rl,155022,too_close,51,0.246
4017,rl,155032,collision,10,-0.2171
4018,rl,155050,collision,18,-0.1882
4019,rl,155101,collision,51,-0.076
4020,rl,155183,success,82,0.1184
4021,rl,155205,success,22,0.5576
4022,rl,155212,success,7,0.8538
4023,rl,155240,success,28,0.4911
4024,rl,155263,too_close,23,0.5583
4025,rl,155277,success,14,0.71
4026,rl,155289,success,12,0.7485
4027,rl,155298,success,9,0.81
4028,rl,155320,success,22,0.5751
4029,rl,155339,too_close,19,0.6224
4030,rl,155368,success,29,0.4783
4031,rl,155390,collision,22,-0.1556
4032,rl,155404,success,14,0.71
4033,rl,155440,too_close,36,0.3876
4034,rl,155443,success,3,0.9487
4035,rl,155489,success,46,0.3057
4036,rl,155556,too_close,67,0.0795
4037,rl,155588,too_close,32,0.4164
4038,rl,155592,collision,4,-0.231
4039,rl,155629,collision,37,-0.1061
4040,rl,155666,too_close,37,0.3874
4041,rl,155674,collision,8,-0.2247
4042,rl,155693,success,19,0.6224
4043,rl,155753,too_close,60,0.1863
4044,rl,155780,too_close,27,0.4891
4045,rl,155818,too_close,38,0.3303
4046,rl,155821,too_close,3,0.9233
4047,rl,155846,collision,25,-0.1589
4048,rl,155864,too_close,18,0.639
4049,rl,155872,too_close,8,0.8316
4050,rl,155916,success,44,0.3222
4051,rl,155941,too_close,25,0.4936
4052,rl,155967,too_close,26,0.5176
4053,rl,156012,too_close,45,0.2216
4054,rl,156027,success,15,0.6916
4055,rl,156046,success,19,0.6185
4056,rl,156059,success,13,0.729
4057,rl,156102,success,43,0.3308
4058,rl,156129,success,27,0.5042
4059,rl,156158,too_close,29,0.4783
4060,rl,156189,too_close,31,0.3569
4061,rl,156193,collision,4,-0.231
4062,rl,156203,success,10,0.7889
4063,rl,156206,success,3,0.9487
4064,rl,156237,success,31,0.4538
4065,rl,156246,success,9,0.81
4066,rl,156266,too_close,20,0.6062
4067,rl,156309,too_close,43,0.1833
4068,rl,156320,too_close,11,0.7684
4069,rl,156355,too_close,35,0.4084
4070,rl,156373,too_close,18,0.639
4071,rl,156396,success,23,0.5602
4072,rl,156442,too_close,46,0.2681
4073,rl,156450,too_close,8,0.8316
4074,rl,156477,too_close,27,0.4519
4075,rl,156494,success,17,0.6561
4076,rl,156520,too_close,26,0.4924
4077,rl,156553,too_close,33,0.3584
4078,rl,156592,too_close,39,0.3675
4079,rl,156609,too_close,17,0.636
4080,rl,156616,success,7,0.8538
4081,rl,156623,success,7,0.8538
4082,rl,156633,success,10,0.7889
4083,rl,156681,too_close,48,0.2345
4084,rl,156688,collision,7,-0.2135
4085,rl,156709,too_close,21,0.5905
4086,rl,156713,success,4,0.924
4087,rl,156734,too_close,21,0.5855
4088,rl,156745,success,11,0.7684
4089,rl,156790,too_close,45,0.3134
4090,rl,156804,success,14,0.71
4091,rl,156807,collision,3,-0.2695
4092,rl,156809,success,2,0.974
4093,rl,156836,too_close,27,0.5008
4094,rl,156864,too_close,28,0.4835
4095,rl,156879,too_close,15,0.6453
4096,rl,156928,too_close,49,0.2824
4097,rl,156951,too_close,23,0.5583
4098,rl,156963,success,12,0.7485
4099,rl,156974,success,11,0.7684
4100,rl,157012,too_close,38,0.3699
4101,rl,157032,too_close,20,0.585
4102,rl,157039,success,7,0.8538
4103,rl,157066,too_close,27,0.4886
4104,rl,157075,success,9,0.81
4105,rl,157091,collision,16,-0.1684
4106,rl,157127,success,36,0.3978
4107,rl,157140,collision,13,-0.214
4108,rl,157165,too_close,25,0.4816
4109,rl,157211,too_close,46,0.2865
4110,rl,157236,too_close,25,0.5238
4111,rl,157276,success,40,0.358
4112,rl,157282,success,6,0.8766
4113,rl,157306,success,24,0.5456
4114,rl,157329,too_close,23,0.5415
4115,rl,157337,collision,8,-0.2079
4116,rl,157347,success,10,0.7889
4117,rl,157373,success,26,0.5176
4118,rl,157399,too_close,26,0.5176
4119,rl,157402,success,3,0.9487
4120,rl,157409,success,7,0.8538
4121,rl,157445,too_close,36,0.3959
4122,rl,157472,success,27,0.5042
4123,rl,157497,success,25,0.5314
4124,rl,157508,success,11,0.7684
4125,rl,157515,success,7,0.8538
4126,rl,157544,too_close,29,0.4473
4127,rl,157569,too_close,25,0.521
4128,rl,157580,success,11,0.7684
4129,rl,157586,success,6,0.8766
4130,rl,157604,too_close,18,0.6103
4131,rl,157631,too_close,27,0.4161
4132,rl,157667,success,36,0.3978
4133,rl,157681,success,14,0.71
4134,rl,157691,success,10,0.7889
4135,rl,157717,success,26,0.5176
4136,rl,157728,success,11,0.7684
4137,rl,157752,too_close,24,0.5386
4138,rl,157769,success,17,0.6561
4139,rl,157804,too_close,35,0.3984
4140,rl,157821,too_close,17,0.6561
4141,rl,157849,too_close,28,0.4911
4142,rl,157861,success,12,0.7485
4143,rl,157877,success,16,0.6736
4144,rl,157887,too_close,10,0.7633
4145,rl,157925,too_close,38,0.2997
4146,rl,157935,collision,10,-0.2025
4147,rl,157951,success,16,0.6736
4148,rl,157965,success,14,0.71
4149,rl,157993,collision,28,-0.1306
4150,rl,158000,success,7,0.8538
4151,rl,158033,too_close,33,0.4305
4152,rl,158076,collision,43,-0.0827
4153,rl,158087,success,11,0.7684
4154,rl,158098,success,11,0.7684
4155,rl,158125,success,27,0.5042
4156,rl,158157,success,32,0.442
4157,rl,158180,success,23,0.5602
4158,rl,158196,success,16,0.6736
4159,rl,158212,success,16,0.6736
4160,rl,158235,too_close,23,0.5602
4161,rl,158272,too_close,37,0.3494
4162,rl,158294,too_close,22,0.5751
4163,rl,158305,success,11,0.7684
4164,rl,158359,too_close,54,0.2164
4165,rl,158367,success,8,0.8316
4166,rl,158396,too_close,29,0.4675
4167,rl,158418,success,22,0.5751
4168,rl,158433,collision,15,-0.2007
4169,rl,158450,too_close,17,0.6254
4170,rl,158467,success,17,0.6561
4171,rl,158523,too_close,56,0.2267
4172,rl,158554,success,31,0.4538
4173,rl,158571,too_close,17,0.6561
4174,rl,158599,too_close,28,0.4911
4175,rl,158630,too_close,31,0.4315
4176,rl,158674,too_close,44,0.3203
4177,rl,158705,success,31,0.453
4178,rl,158713,too_close,8,0.8316
4179,rl,158726,success,13,0.729
4180,rl,158740,success,14,0.71
4181,rl,158773,too_close,33,0.4305
4182,rl,158784,success,11,0.7684
4183,rl,158810,success,26,0.5176
4184,rl,158832,too_close,22,0.5751
4185,rl,158845,collision,13,-0.1962
4186,rl,158854,success,9,0.81
4187,rl,158900,too_close,46,0.234
4188,rl,158903,success,3,0.9487
4189,rl,158922,success,19,0.6224
4190,rl,158939,collision,17,-0.1802
4191,rl,158974,success,35,0.4084
4192,rl,158989,success,15,0.6916
4193,rl,159025,too_close,36,0.3891
4194,rl,159045,collision,20,-0.1761
4195,rl,159069,too_close,24,0.5456
4196,rl,159087,success,18,0.639
4197,rl,159107,success,20,0.6063
4198,rl,159122,too_close,15,0.6608
4199,rl,159158,success,36,0.3978
4200,rl,159166,too_close,8,0.8316
4201,rl,159201,too_close,35,0.4017
4202,rl,159212,too_close,11,0.749
4203,rl,159219,success,7,0.8538
4204,rl,159249,too_close,30,0.4659
4205,rl,159263,too_close,14,0.6686
4206,rl,159269,success,6,0.8766
4207,rl,159277,success,8,0.8316
4208,rl,159300,success,23,0.5602
4209,rl,159335,too_close,35,0.3272
4210,rl,159356,too_close,21,0.584
4211,rl,159363,collision,7,-0.2646
4212,rl,159428,too_close,65,0.1448
4213,rl,159439,success,11,0.7684
4214,rl,159459,collision,20,-0.1618
4215,rl,159488,too_close,29,0.4415
4216,rl,159554,too_close,66,0.1531
4217,rl,159587,success,33,0.4305
4218,rl,159618,too_close,31,0.4513
4219,rl,159647,success,29,0.4783
4220,rl,159671,too_close,24,0.5176
4221,rl,159700,collision,29,-0.1313
4222,rl,159722,success,22,0.5751
4223,rl,159754,success,32,0.442
4224,rl,159773,success,19,0.6224
4225,rl,159808,too_close,35,0.3775
4226,rl,159828,success,20,0.6063
4227,rl,159860,success,32,0.442
4228,rl,159866,success,6,0.8766
4229,rl,159870,success,4,0.924
4230,rl,159883,collision,13,-0.1953
4231,rl,159923,collision,40,-0.0895
4232,rl,159955,too_close,32,0.442
4233,rl,159964,success,9,0.81
4234,rl,159981,success,17,0.6561
4235,rl,160010,too_close,29,0.4477
4236,rl,160041,too_close,31,0.4275
4237,rl,160077,success,36,0.3978
4238,rl,160101,too_close,24,0.5456
4239,rl,160133,too_close,32,0.4362
4240,rl,160149,success,16,0.6736
4241,rl,160164,too_close,15,0.6635
4242,rl,160165,collision,1,-0.25
4243,rl,160179,success,14,0.71
4244,rl,160186,success,7,0.8538
4245,rl,160191,collision,5,-0.225
4246,rl,160212,success,21,0.5905
4247,rl,160226,too_close,14,0.71
4248,rl,160266,too_close,40,0.3385
4249,rl,160300,too_close,34,0.4193
4250,rl,160313,success,13,0.729
4251,rl,160351,too_close,38,0.3773
4252,rl,160370,success,19,0.6224
4253,rl,160401,success,31,0.4538
4254,rl,160442,too_close,41,0.3114
4255,rl,160469,success,27,0.5042
4256,rl,160476,success,7,0.8538
4257,rl,160496,success,20,0.6063
4258,rl,160512,success,16,0.6736
4259,rl,160532,success,20,0.6063
4260,rl,160567,too_close,35,0.4084
4261,rl,160576,collision,9,-0.2247
4262,rl,160587,collision,11,-0.1921
4263,rl,160619,success,32,0.442
4264,rl,160681,too_close,62,0.1822
4265,rl,160692,success,11,0.7684
4266,rl,160709,success,17,0.6561
4267,rl,160729,too_close,20,0.5856
4268,rl,160733,success,4,0.924
4269,rl,160746,success,13,0.729
4270,rl,160757,success,11,0.7684
4271,rl,160799,too_close,42,0.2631
4272,rl,160813,collision,14,-0.1928
4273,rl,160832,success,19,0.6224
4274,rl,160846,too_close,14,0.6805
4275,rl,160854,success,8,0.8316
4276,rl,160870,success,16,0.6736
4277,rl,160889,success,19,0.6224
4278,rl,160937,too_close,48,0.2885
4279,rl,160955,success,18,0.639
4280,rl,160967,success,12,0.7485
4281,rl,160994,success,27,0.5042
4282,rl,161001,success,7,0.8538
4283,rl,161024,too_close,23,0.5602
4284,rl,161063,too_close,39,0.3425
4285,rl,161115,too_close,52,0.2393
4286,rl,161141,success,26,0.5176
4287,rl,161171,success,30,0.4659
4288,rl,161181,success,10,0.7889
4289,rl,161208,success,27,0.5042
4290,rl,161214,too_close,6,0.8368
4291,rl,161256,too_close,42,0.2739
4292,rl,161273,too_close,17,0.6164
4293,rl,161284,success,11,0.7684
4294,rl,161294,success,10,0.7889
4295,rl,161313,success,19,0.6224
4296,rl,161347,too_close,34,0.4023
4297,rl,161389,too_close,42,0.3179
4298,rl,161393,success,4,0.924
4299,rl,161400,success,7,0.8538
4300,rl,161406,success,6,0.8766
4301,rl,161454,too_close,48,0.2625
4302,rl,161460,success,6,0.8766
4303,rl,161497,too_close,37,0.3266
4304,rl,161515,success,18,0.639
4305,rl,161535,success,20,0.6063
4306,rl,161570,too_close,35,0.3837
4307,rl,161581,collision,11,-0.2326
4308,rl,161619,too_close,38,0.3609
4309,rl,161656,success,37,0.3874
4310,rl,161666,collision,10,-0.2116
4311,rl,161703,success,37,0.3874
4312,rl,161717,success,14,0.71
4313,rl,161762,too_close,45,0.3026
4314,rl,161781,success,19,0.6224
4315,rl,161809,too_close,28,0.4911
4316,rl,161836,too_close,27,0.5042
4317,rl,161856,too_close,20,0.5762
4318,rl,161868,too_close,12,0.7485
4319,rl,161906,success,38,0.3773
4320,rl,161937,too_close,31,0.3657
4321,rl,161957,collision,20,-0.2053
4322,rl,161971,success,14,0.71
4323,rl,161979,success,8,0.8316
4324,rl,161984,too_close,5,0.8892
4325,rl,161991,success,7,0.8538
4326,rl,162016,success,25,0.5314
4327,rl,162052,too_close,36,0.372
4328,rl,162086,collision,34,-0.1181
4329,rl,162106,success,20,0.6063
4330,rl,162115,success,9,0.81
4331,rl,162123,success,8,0.8316
4332,rl,162157,success,34,0.4193
4333,rl,162193,success,36,0.3978
4334,rl,162200,success,7,0.8538
4335,rl,162227,too_close,27,0.5042
4336,rl,162248,success,21,0.5905
4337,rl,162272,success,24,0.5456
4338,rl,162285,collision,13,-0.1841
4339,rl,162301,collision,16,-0.2247
4340,rl,162336,too_close,35,0.4084
4341,rl,162349,success,13,0.729
4342,rl,162367,success,18,0.639
4343,rl,162373,success,6,0.8766
4344,rl,162379,too_close,6,0.8132
4345,rl,162397,success,18,0.639
4346,rl,162429,too_close,32,0.4354
4347,rl,162446,success,17,0.6561
4348,rl,162460,too_close,14,0.678
4349,rl,162515,too_close,55,0.2411
4350,rl,162531,success,16,0.6736
4351,rl,162560,success,29,0.4783
4352,rl,162587,too_close,27,0.5042
4353,rl,162620,too_close,33,0.4305
4354,rl,162652,too_close,32,0.442
4355,rl,162663,success,11,0.7684
4356,rl,162763,timeout,100,0.0
4357,rl,162786,too_close,23,0.5547
4358,rl,162820,success,34,0.4193
4359,rl,162840,success,20,0.6063
4360,rl,162894,too_close,54,0.2431
4361,rl,162933,success,39,0.3675
4362,rl,162939,success,6,0.8766
4363,rl,162972,too_close,33,0.3946
4364,rl,163014,collision,42,-0.0849
4365,rl,163033,success,19,0.6224
4366,rl,163044,success,11,0.7684
4367,rl,163081,too_close,37,0.3724
4368,rl,163095,success,14,0.71
4369,rl,163103,success,8,0.8316
4370,rl,163117,collision,14,-0.189
4371,rl,163137,too_close,20,0.6037
4372,rl,163161,success,24,0.5456
4373,rl,163202,too_close,41,0.3341
4374,rl,163229,too_close,27,0.501
4375,rl,163260,success,31,0.4538
4376,rl,163281,collision,21,-0.1521
4377,rl,163313,success,32,0.442
4378,rl,163347,success,34,0.4193
4379,rl,163365,success,18,0.639
4380,rl,163380,too_close,15,0.6916
4381,rl,163405,too_close,25,0.5314
4382,rl,163412,success,7,0.8538
4383,rl,163441,too_close,29,0.4783
4384,rl,163453,collision,12,-0.1871
4385,rl,163476,success,23,0.5602
4386,rl,163502,success,26,0.5176
4387,rl,163543,success,41,0.3487
4388,rl,163555,success,12,0.7485
4389,rl,163570,success,15,0.6916
4390,rl,163576,success,6,0.8766
4391,rl,163587,success,11,0.7684
4392,rl,163601,success,14,0.71
4393,rl,163609,too_close,8,0.8254
4394,rl,163649,too_close,40,0.313
4395,rl,163662,success,13,0.729
4396,rl,163672,collision,10,-0.204
4397,rl,163682,success,10,0.7889
4398,rl,163687,collision,5,-0.225
4399,rl,163696,collision,9,-0.2185
4400,rl,163727,too_close,31,0.4024
4401,rl,163754,success,27,0.5042
4402,rl,163774,success,20,0.6063
4403,rl,163784,success,10,0.7889
4404,rl,163825,too_close,41,0.2947
4405,rl,163849,too_close,24,0.5456
4406,rl,163868,too_close,19,0.6224
4407,rl,163875,success,7,0.8538
4408,rl,163905,too_close,30,0.4631
4409,rl,163926,too_close,21,0.5733
4410,rl,163955,success,29,0.4783
4411,rl,163971,success,16,0.6736
4412,rl,163979,success,8,0.8316
4413,rl,163995,success,16,0.6736
4414,rl,164029,success,34,0.4193
4415,rl,164051,too_close,22,0.5665
4416,rl,164069,too_close,18,0.639
4417,rl,164107,too_close,38,0.3654
4418,rl,164119,too_close,12,0.7332
4419,rl,164123,success,4,0.924
4420,rl,164164,too_close,41,0.3116
4421,rl,164172,success,8,0.8316
4422,rl,164179,success,7,0.8538
4423,rl,164231,too_close,52,0.2516
4424,rl,164266,success,35,0.4084
4425,rl,164290,too_close,24,0.5289
4426,rl,164316,too_close,26,0.5176
4427,rl,164342,too_close,26,0.496
4428,rl,164373,success,31,0.4538
4429,rl,164375,success,2,0.974
4430,rl,164383,success,8,0.8316
4431,rl,164403,success,20,0.6063
4432,rl,164436,success,33,0.4305
4433,rl,164453,success,17,0.6561
4434,rl,164517,too_close,64,0.1902
4435,rl,164547,too_close,30,0.4318
4436,rl,164566,too_close,19,0.6224
4437,rl,164571,success,5,0.9
4438,rl,164582,too_close,11,0.7684
4439,rl,164596,success,14,0.71
4440,rl,164604,success,8,0.8316
4441,rl,164621,too_close,17,0.6455
4442,rl,164658,too_close,37,0.3838
4443,rl,164715,too_close,57,0.1704
4444,rl,164749,success,34,0.4193
4445,rl,164772,too_close,23,0.5572
4446,rl,164820,too_close,48,0.272
4447,rl,164841,collision,21,-0.1582
4448,rl,164857,success,16,0.6736
4449,rl,164891,too_close,34,0.3918
4450,rl,164909,success,18,0.639
4451,rl,164935,success,26,0.5176
4452,rl,164956,too_close,21,0.5905
4453,rl,164973,too_close,17,0.6561
4454,rl,164998,success,25,0.5314
4455,rl,165033,success,35,0.4084
4456,rl,165060,success,27,0.5042
4457,rl,165086,collision,26,-0.1361
4458,rl,165090,success,4,0.924
4459,rl,165124,success,34,0.4193
4460,rl,165156,too_close,32,0.4405
4461,rl,165201,too_close,45,0.2731
4462,rl,165241,success,40,0.358
4463,rl,165271,too_close,30,0.4609
4464,rl,165303,success,32,0.442
4465,rl,165314,success,11,0.7684
4466,rl,165322,too_close,8,0.8316
4467,rl,165338,too_close,16,0.6597
4468,rl,165343,success,5,0.9
4469,rl,165358,collision,15,-0.214
4470,rl,165392,too_close,34,0.4193
4471,rl,165428,too_close,36,0.3557
4472,rl,165434,too_close,6,0.872
4473,rl,165442,success,8,0.8316
4474,rl,165470,too_close,28,0.4911
4475,rl,165512,too_close,42,0.3242
4476,rl,165538,success,26,0.5176
4477,rl,165553,success,15,0.6916
4478,rl,165569,collision,16,-0.1738
4479,rl,165602,too_close,33,0.4305
4480,rl,165671,too_close,69,0.1565
4481,rl,165689,too_close,18,0.5949
4482,rl,165702,too_close,13,0.7078
4483,rl,165730,too_close,28,0.4889
4484,rl,165754,success,24,0.5456
4485,rl,165773,too_close,19,0.582
4486,rl,165793,success,20,0.6063
4487,rl,165824,too_close,31,0.4538
4488,rl,165847,too_close,23,0.5484
4489,rl,165872,success,25,0.5314
4490,rl,165896,collision,24,-0.1764
4491,rl,165928,too_close,32,0.4269
4492,rl,165941,success,13,0.729
4493,rl,165964,success,23,0.5602
4494,rl,165971,success,7,0.8538
4495,rl,166017,too_close,46,0.3057
4496,rl,166023,collision,6,-0.3169
4497,rl,166044,success,21,0.5905
4498,rl,166069,success,25,0.5314
4499,rl,166100,success,31,0.4538
4500,rl,166160,too_close,60,0.2047
4501,rl,166211,too_close,51,0.2557
4502,rl,166217,success,6,0.8766
4503,rl,166236,success,19,0.6224
4504,rl,166249,success,13,0.729
4505,rl,166271,too_close,22,0.5745
4506,rl,166286,too_close,15,0.6771
4507,rl,166316,too_close,30,0.4659
4508,rl,166341,too_close,25,0.5137
4509,rl,166356,too_close,15,0.6888
4510,rl,166386,collision,30,-0.1234
4511,rl,166413,too_close,27,0.5042
4512,rl,166470,too_close,57,0.223
4513,rl,166492,too_close,22,0.5662
4514,rl,166512,too_close,20,0.5897
4515,rl,166515,success,3,0.9487
4516,rl,166543,success,28,0.4911
4517,rl,166545,success,2,0.974
4518,rl,166575,too_close,30,0.4235
4519,rl,166588,success,13,0.729
4520,rl,166607,success,19,0.6224
4521,rl,166619,too_close,12,0.7281
4522,rl,166628,collision,9,-0.2232
4523,rl,166644,success,16,0.6736
4524,rl,166660,too_close,16,0.6317
4525,rl,166675,too_close,15,0.6916
4526,rl,166692,success,17,0.6561
4527,rl,166712,collision,20,-0.1516
4528,rl,166754,too_close,42,0.325
4529,rl,166787,too_close,33,0.427
4530,rl,166800,success,13,0.729
4531,rl,166801,collision,1,-0.25
4532,rl,166832,too_close,31,0.3828
4533,rl,166858,too_close,26,0.5083
4534,rl,166867,too_close,9,0.7854
4535,rl,166872,success,5,0.9
4536,rl,166922,too_close,50,0.2292
4537,rl,166954,too_close,32,0.4294
4538,rl,166969,too_close,15,0.6817
4539,rl,167029,too_close,60,0.2037
4540,rl,167046,collision,17,-0.1888
4541,rl,167103,collision,57,-0.0781
4542,rl,167141,success,38,0.3773
4543,rl,167153,success,12,0.7485
4544,rl,167172,success,19,0.6224
4545,rl,167181,success,9,0.81
4546,rl,167205,too_close,24,0.5456
4547,rl,167222,success,17,0.6561
4548,rl,167240,collision,18,-0.1641
4549,rl,167273,success,33,0.4305
4550,rl,167280,too_close,7,0.8523
4551,rl,167285,collision,5,-0.2408
4552,rl,167338,too_close,53,0.2542
4553,rl,167347,collision,9,-0.2267
4554,rl,167366,success,19,0.6224
4555,rl,167395,success,29,0.4783
4556,rl,167410,too_close,15,0.6826
4557,rl,167419,success,9,0.81
4558,rl,167445,success,26,0.5176
4559,rl,167486,too_close,41,0.3094
4560,rl,167523,too_close,37,0.3874
4561,rl,167557,success,34,0.4193
4562,rl,167587,too_close,30,0.4394
4563,rl,167592,success,5,0.9
4564,rl,167602,too_close,10,0.7515
4565,rl,167645,too_close,43,0.3308
4566,rl,167655,collision,10,-0.2297
4567,rl,167699,collision,44,-0.0805
4568,rl,167708,success,9,0.81
4569,rl,167715,success,7,0.8538
4570,rl,167752,success,37,0.3874
4571,rl,167774,too_close,22,0.5751
4572,rl,167781,success,7,0.8538
4573,rl,167824,success,43,0.3308
4574,rl,167838,too_close,14,0.6849
4575,rl,167844,success,6,0.8766
4576,rl,167874,too_close,30,0.4504
4577,rl,167915,success,41,0.3487
4578,rl,167925,too_close,10,0.7825
4579,rl,167950,too_close,25,0.5183
4580,rl,167975,success,25,0.5314
4581,rl,167978,collision,3,-0.2613
4582,rl,167998,success,20,0.6063
4583,rl,168023,success,25,0.5314
4584,rl,168054,too_close,31,0.4263
4585,rl,168083,collision,29,-0.1233
4586,rl,168100,success,17,0.6561
4587,rl,168141,too_close,41,0.3312
4588,rl,168182,too_close,41,0.3487
4589,rl,168205,collision,23,-0.1528
4590,rl,168209,success,4,0.924
4591,rl,168245,success,36,0.3978
4592,rl,168274,too_close,29,0.3186
4593,rl,168301,too_close,27,0.5042
4594,rl,168333,success,32,0.442
4595,rl,168349,success,16,0.6736
4596,rl,168368,success,19,0.6224
4597,rl,168385,success,17,0.6561
4598,rl,168398,too_close,13,0.6691
4599,rl,168410,success,12,0.7485
4600,rl,168479,collision,69,-0.0552
4601,rl,168485,success,6,0.8766
4602,rl,168517,success,32,0.442
4603,rl,168532,success,15,0.6916
4604,rl,168551,too_close,19,0.6172
4605,rl,168569,success,18,0.639
4606,rl,168582,too_close,13,0.6965
4607,rl,168593,too_close,11,0.7037
4608,rl,168610,success,17,0.6561
4609,rl,168621,success,11,0.7684
4610,rl,168652,success,31,0.4538
4611,rl,168685,too_close,33,0.4305
4612,rl,168710,success,25,0.5314
4613,rl,168735,success,25,0.5314
4614,rl,168757,too_close,22,0.5584
4615,rl,168820,too_close,63,0.1409
4616,rl,168846,success,26,0.5176
4617,rl,168874,success,28,0.4911
4618,rl,168885,success,11,0.7684
4619,rl,168911,too_close,26,0.5168
4620,rl,168938,too_close,27,0.5042
4621,rl,168963,too_close,25,0.5314
4622,rl,168993,too_close,30,0.4616
4623,rl,169020,too_close,27,0.483
4624,rl,169056,success,36,0.3978
4625,rl,169069,too_close,13,0.7281
4626,rl,169086,success,17,0.6561
4627,rl,169095,success,9,0.81
4628,rl,169127,success,32,0.442
4629,rl,169149,too_close,22,0.5592
4630,rl,169197,too_close,48,0.29
4631,rl,169233,success,36,0.3978
4632,rl,169241,success,8,0.8316
4633,rl,169262,success,21,0.5905
4634,rl,169282,success,20,0.6063
4635,rl,169293,collision,11,-0.2111
4636,rl,169326,collision,33,-0.1236
4637,rl,169335,too_close,9,0.8078
4638,rl,169378,too_close,43,0.3217
4639,rl,169439,too_close,61,0.2044
4640,rl,169452,too_close,13,0.6744
4641,rl,169483,success,31,0.4538
4642,rl,169522,too_close,39,0.3474
4643,rl,169540,collision,18,-0.1744
4644,rl,169559,success,19,0.6224
4645,rl,169565,collision,6,-0.2192
4646,rl,169569,success,4,0.924
4647,rl,169604,too_close,35,0.3812
4648,rl,169613,too_close,9,0.7729
4649,rl,169619,success,6,0.8766
4650,rl,169625,success,6,0.8766
4651,rl,169640,collision,15,-0.2559
4652,rl,169672,too_close,32,0.442
4653,rl,169676,success,4,0.924
4654,rl,169704,success,28,0.4911
4655,rl,169712,success,8,0.8316
4656,rl,169750,too_close,38,0.3745
4657,rl,169797,success,47,0.2977
4658,rl,169812,success,15,0.6916
4659,rl,169862,too_close,50,0.2751
4660,rl,169909,too_close,47,0.2346
4661,rl,169927,too_close,18,0.639
4662,rl,169966,too_close,39,0.362
4663,rl,170002,too_close,36,0.3978
4664,rl,170029,success,27,0.5042
4665,rl,170037,success,8,0.8316
4666,rl,170050,success,13,0.729
4667,rl,170096,too_close,46,0.2659
4668,rl,170141,success,45,0.3138
4669,rl,170185,too_close,44,0.2851
4670,rl,170212,too_close,27,0.5032
4671,rl,170227,too_close,15,0.6916
4672,rl,170256,success,29,0.4783
4673,rl,170275,too_close,19,0.597
4674,rl,170280,success,5,0.9
4675,rl,170287,success,7,0.8538
4676,rl,170290,success,3,0.9487
4677,rl,170313,success,23,0.5602
4678,rl,170328,success,15,0.6916
4679,rl,170341,success,13,0.729
4680,rl,170350,success,9,0.807
4681,rl,170361,success,11,0.7684
4682,rl,170379,too_close,18,0.6171
4683,rl,170389,too_close,10,0.7889
4684,rl,170406,too_close,17,0.6561
4685,rl,170449,success,43,0.3308
4686,rl,170492,success,43,0.3308
4687,rl,170520,too_close,28,0.4875
4688,rl,170539,success,19,0.6224
4689,rl,170568,too_close,29,0.4447
4690,rl,170622,success,54,0.2476
4691,rl,170664,too_close,42,0.3302
4692,rl,170700,collision,36,-0.0994
4693,rl,170728,too_close,28,0.4868
4694,rl,170755,too_close,27,0.5042
4695,rl,170765,collision,10,-0.2167
4696,rl,170798,collision,33,-0.1243
4697,rl,170801,success,3,0.9487
4698,rl,170812,success,11,0.7684
4699,rl,170843,success,31,0.4538
4700,rl,170881,too_close,38,0.3402
4701,rl,170906,success,25,0.5314
4702,rl,170933,too_close,27,0.4796
4703,rl,170958,collision,25,-0.1444
4704,rl,170993,too_close,35,0.3546
4705,rl,171052,too_close,59,0.2156
4706,rl,171070,too_close,18,0.639
4707,rl,171079,success,9,0.81
4708,rl,171100,too_close,21,0.5771
4709,rl,171119,too_close,19,0.6172
4710,rl,171145,too_close,26,0.5102
4711,rl,171158,success,13,0.729
4712,rl,171161,success,3,0.9487
4713,rl,171177,success,16,0.6736
4714,rl,171208,too_close,31,0.4329
4715,rl,171225,too_close,17,0.6561
4716,rl,171247,too_close,22,0.5744
4717,rl,171253,success,6,0.8766
4718,rl,171298,too_close,45,0.3132
4719,rl,171315,success,17,0.6561
4720,rl,171338,too_close,23,0.5581
4721,rl,171368,success,30,0.4659
4722,rl,171376,success,8,0.8316
4723,rl,171398,success,22,0.5751
4724,rl,171420,too_close,22,0.5596
4725,rl,171427,collision,7,-0.2365
4726,rl,171435,collision,8,-0.227
4727,rl,171445,success,10,0.7889
4728,rl,171463,success,18,0.639
4729,rl,171493,collision,30,-0.1633
4730,rl,171508,success,15,0.6916
4731,rl,171545,too_close,37,0.3638
4732,rl,171563,success,18,0.639
4733,rl,171591,too_close,28,0.4899
4734,rl,171599,too_close,8,0.8233
4735,rl,171614,success,15,0.6916
4736,rl,171649,too_close,35,0.4084
4737,rl,171679,success,30,0.4659
4738,rl,171693,success,14,0.71
4739,rl,171703,success,10,0.7889
4740,rl,171720,success,17,0.6561
4741,rl,171747,too_close,27,0.5042
4742,rl,171778,too_close,31,0.4373
4743,rl,171800,too_close,22,0.5742
4744,rl,171810,success,10,0.7889
4745,rl,171835,success,25,0.5314
4746,rl,171856,collision,21,-0.1736
4747,rl,171860,too_close,4,0.924
4748,rl,171886,success,26,0.5176
4749,rl,171889,success,3,0.9487
4750,rl,171905,success,16,0.6736
4751,rl,171925,collision,20,-0.1657
4752,rl,171943,success,18,0.639
4753,rl,171970,success,27,0.5042
4754,rl,171992,success,22,0.5751
4755,rl,172008,success,16,0.6736
4756,rl,172027,too_close,19,0.5798
4757,rl,172047,success,20,0.6056
4758,rl,172050,success,3,0.9487
4759,rl,172079,collision,29,-0.1196
4760,rl,172104,too_close,25,0.4883
4761,rl,172113,collision,9,-0.2025
4762,rl,172132,success,19,0.6224
4763,rl,172135,success,3,0.9487
4764,rl,172152,success,17,0.6561
4765,rl,172169,success,17,0.6561
4766,rl,172184,success,15,0.6916
4767,rl,172216,collision,32,-0.1139
4768,rl,172241,success,25,0.5314
4769,rl,172287,too_close,46,0.3057
4770,rl,172321,too_close,34,0.3579
4771,rl,172329,success,8,0.8316
4772,rl,172394,too_close,65,0.1721
4773,rl,172395,collision,1,-0.25
4774,rl,172430,success,35,0.4084
4775,rl,172454,success,24,0.5456
4776,rl,172466,too_close,12,0.684
4777,rl,172492,too_close,26,0.5176
4778,rl,172519,success,27,0.5042
4779,rl,172559,too_close,40,0.2919
4780,rl,172588,success,29,0.4783
4781,rl,172600,success,12,0.7485
4782,rl,172607,collision,7,-0.2349
4783,rl,172639,success,32,0.442
4784,rl,172672,success,33,0.4305
4785,rl,172674,success,2,0.974
4786,rl,172704,too_close,30,0.4609
4787,rl,172716,too_close,12,0.7371
4788,rl,172724,collision,8,-0.2365
4789,rl,172732,success,8,0.8316
4790,rl,172760,too_close,28,0.464
4791,rl,172770,too_close,10,0.7703
4792,rl,172783,collision,13,-0.2393
4793,rl,172788,collision,5,-0.225
4794,rl,172801,too_close,13,0.7121
4795,rl,172809,success,8,0.8316
4796,rl,172825,too_close,16,0.6736
4797,rl,172845,success,20,0.6063
4798,rl,172862,success,17,0.6561
4799,rl,172896,too_close,34,0.4157
4800,rl,172916,success,20,0.6063
4801,rl,172961,too_close,45,0.2986
4802,rl,172970,success,9,0.81
4803,rl,172993,collision,23,-0.14
4804,rl,173003,success,10,0.7889
4805,rl,173011,collision,8,-0.2786
4806,rl,173034,success,23,0.5602
4807,rl,173059,collision,25,-0.1412
4808,rl,173065,success,6,0.8766
4809,rl,173077,success,12,0.7485
4810,rl,173086,success,9,0.81
4811,rl,173167,too_close,81,0.0793
4812,rl,173177,success,10,0.7889
4813,rl,173206,too_close,29,0.4543
4814,rl,173213,success,7,0.8538
4815,rl,173226,success,13,0.729
4816,rl,173283,too_close,57,0.2288
4817,rl,173317,too_close,34,0.4193
4818,rl,173335,success,18,0.639
4819,rl,173356,too_close,21,0.5902
4820,rl,173396,too_close,40,0.3564
4821,rl,173413,success,17,0.6561
4822,rl,173434,too_close,21,0.5853
4823,rl,173458,too_close,24,0.5115
4824,rl,173485,success,27,0.5042
4825,rl,173497,too_close,12,0.7367
4826,rl,173501,collision,4,-0.2517
4827,rl,173571,too_close,70,0.0711
4828,rl,173600,too_close,29,0.4701
4829,rl,173614,success,14,0.71
4830,rl,173647,too_close,33,0.4305
4831,rl,173658,success,11,0.7684
4832,rl,173682,success,24,0.5456
4833,rl,173716,too_close,34,0.4149
4834,rl,173752,too_close,36,0.3978
4835,rl,173803,too_close,51,0.2643
4836,rl,173846,too_close,43,0.3281
4837,rl,173870,success,24,0.5456
4838,rl,173881,success,11,0.7684
4839,rl,173893,success,12,0.7485
4840,rl,173928,too_close,35,0.3731
4841,rl,173945,too_close,17,0.6443
4842,rl,174004,too_close,59,0.217
4843,rl,174020,collision,16,-0.207
4844,rl,174049,too_close,29,0.4704
4845,rl,174057,success,8,0.8316
4846,rl,174077,too_close,20,0.5536
4847,rl,174102,success,25,0.5314
4848,rl,174124,success,22,0.5751
4849,rl,174143,success,19,0.6224
4850,rl,174147,success,4,0.924
4851,rl,174155,success,8,0.8316
4852,rl,174180,collision,25,-0.1372
4853,rl,174220,too_close,40,0.358
4854,rl,174242,too_close,22,0.5751
4855,rl,174276,too_close,34,0.393
4856,rl,174286,too_close,10,0.7789
4857,rl,174298,collision,12,-0.2187
4858,rl,174341,collision,43,-0.1101
4859,rl,174366,too_close,25,0.517
4860,rl,174444,too_close,78,0.1215
4861,rl,174487,too_close,43,0.3233
4862,rl,174495,success,8,0.8316
4863,rl,174512,success,17,0.6561
4864,rl,174528,success,16,0.6736
4865,rl,174560,success,32,0.442
4866,rl,174590,too_close,30,0.3858
4867,rl,174605,success,15,0.6916
4868,rl,174652,success,47,0.2977
4869,rl,174670,success,18,0.639
4870,rl,174697,success,27,0.5042
4871,rl,174738,too_close,41,0.3272
4872,rl,174780,too_close,42,0.3094
4873,rl,174818,too_close,38,0.3521
4874,rl,174855,too_close,37,0.3529
4875,rl,174889,too_close,34,0.3413
4876,rl,174902,success,13,0.729
4877,rl,174924,too_close,22,0.5749
4878,rl,174939,too_close,15,0.6815
4879,rl,174961,success,22,0.5751
4880,rl,175007,success,46,0.3057
4881,rl,175068,too_close,61,0.1991
4882,rl,175105,too_close,37,0.3787
4883,rl,175119,success,14,0.71
4884,rl,175155,success,36,0.3978
4885,rl,175207,too_close,52,0.2182
4886,rl,175210,success,3,0.9487
4887,rl,175251,too_close,41,0.332
4888,rl,175255,too_close,4,0.924
4889,rl,175275,success,20,0.6063
4890,rl,175288,success,13,0.729
4891,rl,175320,success,32,0.442
4892,rl,175350,too_close,30,0.4659
4893,rl,175401,too_close,51,0.2655
4894,rl,175406,success,5,0.9
4895,rl,175423,success,17,0.6561
4896,rl,175424,collision,1,-0.25
4897,rl,175466,too_close,42,0.2648
4898,rl,175481,success,15,0.6916
4899,rl,175492,too_close,11,0.751
4900,rl,175504,success,12,0.7485
4901,rl,175534,too_close,30,0.46
4902,rl,175555,success,21,0.5905
4903,rl,175597,success,42,0.3396
4904,rl,175613,success,16,0.6736
4905,rl,175644,success,31,0.4538
4906,rl,175666,too_close,22,0.5184
4907,rl,175673,success,7,0.8538
4908,rl,175687,success,14,0.71
4909,rl,175705,too_close,18,0.639
4910,rl,175720,success,15,0.6916
4911,rl,175728,collision,8,-0.246
4912,rl,175768,too_close,40,0.3211
4913,rl,175791,too_close,23,0.516
4914,rl,175804,success,13,0.729
4915,rl,175827,success,23,0.5602
4916,rl,175832,success,5,0.9
4917,rl,175857,too_close,25,0.5314
4918,rl,175861,success,4,0.924
4919,rl,175874,success,13,0.729
4920,rl,175890,too_close,16,0.6736
4921,rl,175915,too_close,25,0.5295
4922,rl,175939,collision,24,-0.1447
4923,rl,175963,success,24,0.5456
4924,rl,175966,success,3,0.9487
4925,rl,175996,too_close,30,0.4659
4926,rl,176025,too_close,29,0.4742
4927,rl,176055,too_close,30,0.4359
4928,rl,176072,too_close,17,0.6481
4929,rl,176114,too_close,42,0.3281
4930,rl,176115,collision,1,-0.25
4931,rl,176143,success,28,0.4911
4932,rl,176159,too_close,16,0.5282
4933,rl,176200,too_close,41,0.3399
4934,rl,176235,too_close,35,0.4056
4935,rl,176244,success,9,0.81
4936,rl,176254,success,10,0.7889
4937,rl,176275,collision,21,-0.1476
4938,rl,176285,success,10,0.7889
4939,rl,176321,too_close,36,0.3778
4940,rl,176364,too_close,43,0.2413
4941,rl,176393,too_close,29,0.4721
4942,rl,176421,success,28,0.4911
4943,rl,176424,success,3,0.9487
4944,rl,176461,collision,37,-0.0969
4945,rl,176491,success,30,0.4659
4946,rl,176499,collision,8,-0.2302
4947,rl,176529,too_close,30,0.4659
4948,rl,176538,success,9,0.81
4949,rl,176577,success,39,0.3675
4950,rl,176596,success,19,0.6224
4951,rl,176615,success,19,0.6224
4952,rl,176643,success,28,0.4911
4953,rl,176662,success,19,0.6224
4954,rl,176677,success,15,0.6916
4955,rl,176698,too_close,21,0.5905
4956,rl,176721,too_close,23,0.5046
4957,rl,176733,success,12,0.7485
4958,rl,176762,too_close,29,0.4783
4959,rl,176809,success,47,0.2977
4960,rl,176850,success,41,0.3487
4961,rl,176869,too_close,19,0.6224
4962,rl,176935,success,66,0.1805
4963,rl,176946,success,11,0.7684
4964,rl,176969,success,23,0.5602
4965,rl,176993,too_close,24,0.4904
4966,rl,177025,too_close,32,0.377
4967,rl,177041,too_close,16,0.6736
4968,rl,177088,success,47,0.2977
4969,rl,177113,too_close,25,0.5314
4970,rl,177155,too_close,42,0.335
4971,rl,177167,too_close,12,0.733
4972,rl,177202,success,35,0.4074
4973,rl,177232,success,30,0.4659
4974,rl,177244,collision,12,-0.1871
4975,rl,177283,too_close,39,0.327
4976,rl,177323,too_close,40,0.3493
4977,rl,177370,too_close,47,0.2552
4978,rl,177395,success,25,0.5314
4979,rl,177432,collision,37,-0.1104
4980,rl,177463,too_close,31,0.4538
4981,rl,177512,too_close,49,0.2209
4982,rl,177529,collision,17,-0.2223
4983,rl,177545,success,16,0.6736
4984,rl,177558,success,13,0.729
4985,rl,177569,success,11,0.7684
4986,rl,177575,collision,6,-0.2319
4987,rl,177584,success,9,0.81
4988,rl,177592,success,8,0.8316
4989,rl,177600,success,8,0.8316
4990,rl,177640,too_close,40,0.3463
4991,rl,177664,too_close,24,0.5325
4992,rl,177699,success,35,0.4084
4993,rl,177712,success,13,0.729
4994,rl,177727,success,15,0.6916
4995,rl,177771,success,44,0.3222
4996,rl,177801,too_close,30,0.4573
4997,rl,177824,success,23,0.5602
4998,rl,177860,too_close,36,0.3974
4999,rl,177917,too_close,57,0.2217
5000,rl,177949,too_close,32,0.442
5001,rl,177964,success,15,0.6916
5002,rl,177985,success,21,0.5905
5003,rl,178010,too_close,25,0.5314
5004,rl,178023,success,13,0.729
5005,rl,178033,collision,10,-0.2167
5006,rl,178084,too_close,51,0.2579
5007,rl,178092,collision,8,-0.2291
5008,rl,178129,too_close,37,0.3705
5009,rl,178153,collision,24,-0.1919
5010,rl,178162,too_close,9,0.8089
5011,rl,178172,success,10,0.7889
5012,rl,178183,success,11,0.7684
5013,rl,178205,too_close,22,0.5644
5014,rl,178219,too_close,14,0.6883
5015,rl,178227,success,8,0.8316
5016,rl,178238,collision,11,-0.2015
5017,rl,178264,success,26,0.5176
5018,rl,178291,too_close,27,0.4584
5019,rl,178299,success,8,0.8316
5020,rl,178332,success,33,0.4305
5021,rl,178374,too_close,42,0.3396
5022,rl,178406,too_close,32,0.442
5023,rl,178444,too_close,38,0.3773
5024,rl,178468,success,24,0.5456
5025,rl,178499,success,31,0.4538
5026,rl,178509,too_close,10,0.7743
5027,rl,178537,too_close,28,0.4645
5028,rl,178552,collision,15,-0.1839
5029,rl,178581,success,29,0.4783
5030,rl,178617,too_close,36,0.3395
5031,rl,178650,too_close,33,0.3869
5032,rl,178666,collision,16,-0.1951
5033,rl,178766,timeout,100,0.0
5034,rl,178784,too_close,18,0.639
5035,rl,178818,success,34,0.4193
5036,rl,178826,success,8,0.8316
5037,rl,178840,too_close,14,0.6977
5038,rl,178851,success,11,0.7684
5039,rl,178874,success,23,0.5602
5040,rl,178888,too_close,14,0.6723
5041,rl,178911,too_close,23,0.5507
5042,rl,178932,too_close,21,0.5905
5043,rl,178963,too_close,31,0.4364
5044,rl,178979,success,16,0.6736
5045,rl,179023,too_close,44,0.3222
5046,rl,179043,success,20,0.6063
5047,rl,179047,collision,4,-0.231
5048,rl,179086,too_close,39,0.3645
5049,rl,179121,collision,35,-0.1099
5050,rl,179136,success,15,0.6916
5051,rl,179145,collision,9,-0.22
5052,rl,179165,too_close,20,0.582
5053,rl,179176,too_close,11,0.7632
5054,rl,179191,collision,15,-0.1829
5055,rl,179220,too_close,29,0.4783
5056,rl,179223,collision,3,-0.2599
5057,rl,179281,too_close,58,0.2068
5058,rl,179295,success,14,0.71
5059,rl,179312,success,17,0.6561
5060,rl,179347,too_close,35,0.4084
5061,rl,179374,success,27,0.5042
5062,rl,179385,success,11,0.7684
5063,rl,179422,too_close,37,0.3874
5064,rl,179462,too_close,40,0.3189
5065,rl,179468,success,6,0.8766
5066,rl,179483,success,15,0.6916
5067,rl,179517,collision,34,-0.1161
5068,rl,179534,success,17,0.6561
5069,rl,179579,success,45,0.3138
5070,rl,179597,too_close,18,0.6047
5071,rl,179621,success,24,0.5456
5072,rl,179640,success,19,0.6224
5073,rl,179649,success,9,0.81
5074,rl,179685,success,36,0.3978
5075,rl,179694,collision,9,-0.2105
5076,rl,179701,success,7,0.8538
5077,rl,179708,success,7,0.8538
5078,rl,179741,success,33,0.4305
5079,rl,179749,success,8,0.8316
5080,rl,179768,success,19,0.6224
5081,rl,179800,too_close,32,0.4021
5082,rl,179815,success,15,0.6916
5083,rl,179822,success,7,0.8538
5084,rl,179834,success,12,0.7485
5085,rl,179867,too_close,33,0.4305
5086,rl,179887,success,20,0.6063
5087,rl,179917,too_close,30,0.4659
5088,rl,179946,too_close,29,0.4783
5089,rl,179956,collision,10,-0.2156
5090,rl,179968,too_close,12,0.7485
5091,rl,179994,too_close,26,0.5176
5092,rl,179998,collision,4,-0.2489
5093,rl,179999,collision,1,-0.25
5094,rl,180026,success,27,0.5042
5095,rl,180038,success,12,0.7485
5096,rl,180051,success,13,0.729
5097,rl,180074,too_close,23,0.5602
5098,rl,180091,success,17,0.6561
5099,rl,180130,too_close,39,0.3351
5100,rl,180137,collision,7,-0.2288
5101,rl,180166,too_close,29,0.4688
5102,rl,180197,success,31,0.4538
5103,rl,180218,too_close,21,0.5905
5104,rl,180228,too_close,10,0.7687
5105,rl,180274,too_close,46,0.3045
5106,rl,180297,success,23,0.5602
5107,rl,180316,too_close,19,0.62
5108,rl,180337,too_close,21,0.5674
5109,rl,180417,too_close,80,0.1106
5110,rl,180450,too_close,33,0.4084
5111,rl,180487,too_close,37,0.3632
5112,rl,180495,success,8,0.8316
5113,rl,180500,collision,5,-0.2427
5114,rl,180537,too_close,37,0.366
5115,rl,180551,too_close,14,0.71
5116,rl,180590,too_close,39,0.3237
5117,rl,180600,success,10,0.7889
5118,rl,180618,too_close,18,0.639
5119,rl,180659,success,41,0.3487
5120,rl,180694,too_close,35,0.264
5121,rl,180698,success,4,0.924
5122,rl,180734,collision,36,-0.0994
5123,rl,180769,too_close,35,0.354
5124,rl,180774,success,5,0.9
5125,rl,180786,success,12,0.7485
5126,rl,180797,success,11,0.7684
5127,rl,180821,success,24,0.5456
5128,rl,180827,too_close,6,0.8541
5129,rl,180869,too_close,42,0.2703
5130,rl,180900,too_close,31,0.4538
5131,rl,180905,success,5,0.9
5132,rl,180914,success,9,0.81
5133,rl,180946,too_close,32,0.4376
5134,rl,180973,success,27,0.5042
5135,rl,181015,success,42,0.3396
5136,rl,181031,success,16,0.6736
5137,rl,181037,collision,6,-0.2249
5138,rl,181049,success,12,0.7485
5139,rl,181056,success,7,0.8538
5140,rl,181063,too_close,7,0.8538
5141,rl,181085,too_close,22,0.5096
5142,rl,181097,too_close,12,-0.1914
5143,rl,181124,success,27,0.5042
5144,rl,181165,too_close,41,0.3472
5145,rl,181190,too_close,25,0.5314
5146,rl,181215,too_close,25,0.5036
5147,rl,181226,success,11,0.7684
5148,rl,181240,collision,14,-0.2141
5149,rl,181250,success,10,0.7889
5150,rl,181269,success,19,0.6224
5151,rl,181303,success,34,0.4193
5152,rl,181342,too_close,39,0.3675
5153,rl,181347,success,5,0.9
5154,rl,181373,success,26,0.5176
5155,rl,181409,too_close,36,0.3978
5156,rl,181414,collision,5,-0.2367
5157,rl,181435,success,21,0.5905
5158,rl,181453,success,18,0.639
5159,rl,181469,success,16,0.6736
5160,rl,181515,too_close,46,0.3057
5161,rl,181542,too_close,27,0.46
5162,rl,181549,success,7,0.8538
5163,rl,181572,success,23,0.5602
5164,rl,181578,success,6,0.8766
5165,rl,181599,collision,21,-0.1491
5166,rl,181623,collision,24,-0.3268
5167,rl,181649,success,26,0.5176
5168,rl,181666,success,17,0.6561
5169,rl,181718,too_close,52,0.218
5170,rl,181723,success,5,0.9
5171,rl,181753,success,30,0.4659
5172,rl,181772,success,19,0.6224
5173,rl,181784,success,12,0.7485
5174,rl,181788,collision,4,-0.2861
5175,rl,181837,success,49,0.2824
5176,rl,181854,collision,17,-0.164
5177,rl,181885,success,31,0.4538
5178,rl,181938,too_close,53,0.2306
5179,rl,181964,too_close,26,0.5004
5180,rl,181973,collision,9,-0.2317
5181,rl,181997,success,24,0.5456
5182,rl,182026,too_close,29,0.4783
5183,rl,182068,too_close,42,0.3382
5184,rl,182110,too_close,42,0.3352
5185,rl,182124,success,14,0.71
5186,rl,182137,collision,13,-0.2
5187,rl,182150,success,13,0.729
5188,rl,182173,success,23,0.5602
5189,rl,182186,collision,13,-0.2083
5190,rl,182210,too_close,24,0.5367
5191,rl,182221,too_close,11,0.7449
5192,rl,182257,success,36,0.3978
5193,rl,182262,success,5,0.9
5194,rl,182292,collision,30,-0.123
5195,rl,182311,success,19,0.6224
5196,rl,182331,too_close,20,0.5952
5197,rl,182346,too_close,15,0.6916
5198,rl,182362,too_close,16,0.6587
5199,rl,182404,too_close,42,0.3238
5200,rl,182425,success,21,0.5905
5201,rl,182462,too_close,37,0.35
5202,rl,182473,too_close,11,0.7684
5203,rl,182517,too_close,44,0.3006
5204,rl,182527,success,10,0.7889
5205,rl,182553,collision,26,-0.1294
5206,rl,182585,success,32,0.442
5207,rl,182609,success,24,0.5456
5208,rl,182631,too_close,22,0.5552
5209,rl,182652,success,21,0.5905
5210,rl,182659,success,7,0.8538
5211,rl,182683,success,24,0.5456
5212,rl,182694,too_close,11,0.7474
5213,rl,182712,too_close,18,0.5964
5214,rl,182722,success,10,0.7889
5215,rl,182745,success,23,0.5602
5216,rl,182781,collision,36,-0.1226
5217,rl,182790,success,9,0.81
5218,rl,182808,too_close,18,0.639
5219,rl,182817,success,9,0.81
5220,rl,182858,too_close,41,0.3456
5221,rl,182883,too_close,25,0.5314
5222,rl,182900,success,17,0.6561
5223,rl,182911,success,11,0.7684
5224,rl,182933,success,22,0.5751
5225,rl,182945,success,12,0.7485
5226,rl,182969,too_close,24,0.5253
5227,rl,182988,success,19,0.6224
5228,rl,183025,too_close,37,0.3488
5229,rl,183047,too_close,22,0.5751
5230,rl,183057,collision,10,-0.2059
5231,rl,183063,success,6,0.8766
5232,rl,183091,collision,28,-0.133
5233,rl,183115,too_close,24,0.4486
5234,rl,183122,success,7,0.8538
5235,rl,183149,success,27,0.5042
5236,rl,183161,success,12,0.7485
5237,rl,183224,too_close,63,0.1878
5238,rl,183232,success,8,0.8316
5239,rl,183277,too_close,45,0.2745
5240,rl,183308,too_close,31,0.3987
5241,rl,183326,collision,18,-0.2047
5242,rl,183358,too_close,32,0.4416
5243,rl,183370,collision,12,-0.197
5244,rl,183397,too_close,27,0.4767
5245,rl,183405,success,8,0.8316
5246,rl,183462,too_close,57,0.2288
5247,rl,183478,success,16,0.6736
5248,rl,183496,too_close,18,0.639
5249,rl,183528,too_close,32,0.442
5250,rl,183542,success,14,0.71
5251,rl,183554,success,12,0.7485
5252,rl,183562,success,8,0.8316
5253,rl,183573,success,11,0.7684
5254,rl,183591,too_close,18,0.6349
5255,rl,183608,collision,17,-0.1694
5256,rl,183619,too_close,11,0.7684
5257,rl,183639,success,20,0.6063
5258,rl,183644,collision,5,-0.225
5259,rl,183665,success,21,0.5905
5260,rl,183716,too_close,51,0.2409
5261,rl,183724,success,8,0.8316
5262,rl,183759,too_close,35,0.4084
5263,rl,183779,collision,20,-0.1636
5264,rl,183788,success,9,0.81
5265,rl,183803,too_close,15,0.6873
5266,rl,183809,success,6,0.8766
5267,rl,183834,success,25,0.5314
5268,rl,183871,too_close,37,0.3548
5269,rl,183888,too_close,17,0.6243
5270,rl,183899,success,11,0.7684
5271,rl,183913,too_close,14,0.71
5272,rl,183930,collision,17,-0.1782
5273,rl,183933,success,3,0.9487
5274,rl,183953,too_close,20,0.6063
5275,rl,183976,success,23,0.5602
5276,rl,184003,collision,27,-0.1651
5277,rl,184005,collision,2,-0.2484
5278,rl,184030,too_close,25,0.4787
5279,rl,184059,success,29,0.4783
5280,rl,184096,too_close,37,0.3874
5281,rl,184112,success,16,0.6736
5282,rl,184146,success,34,0.4193
5283,rl,184168,success,22,0.5751
5284,rl,184188,success,20,0.6063
5285,rl,184207,collision,19,-0.2019
5286,rl,184226,success,19,0.6224
5287,rl,184243,success,17,0.6524
5288,rl,184256,success,13,0.729
5289,rl,184272,success,16,0.6736
5290,rl,184309,too_close,37,0.322
5291,rl,184337,too_close,28,0.4911
5292,rl,184383,too_close,46,0.284
5293,rl,184413,success,30,0.4659
5294,rl,184445,too_close,32,0.442
5295,rl,184462,success,17,0.6561
5296,rl,184497,success,35,-0.1021
5297,rl,184504,success,7,0.8538
5298,rl,184519,success,15,0.6916
5299,rl,184552,too_close,33,0.4305
5300,rl,184600,success,48,0.29
5301,rl,184614,success,14,0.71
5302,rl,184647,too_close,33,0.4016
5303,rl,184688,too_close,41,0.3428
5304,rl,184704,success,16,0.6736
5305,rl,184715,too_close,11,0.7555
5306,rl,184737,success,22,0.5751
5307,rl,184767,success,30,0.4659
5308,rl,184791,success,24,0.5456
5309,rl,184819,too_close,28,0.4911
5310,rl,184831,success,12,0.7485
5311,rl,184846,success,15,0.6916
5312,rl,184868,too_close,22,0.5366
5313,rl,184878,success,10,0.7889
5314,rl,184916,too_close,38,0.3476
5315,rl,184956,too_close,40,0.358
5316,rl,184981,collision,25,-0.1653
5317,rl,185026,too_close,45,0.2454
5318,rl,185032,success,6,0.8766
5319,rl,185053,too_close,21,0.5897
5320,rl,185079,too_close,26,0.4729
5321,rl,185094,success,15,0.6916
5322,rl,185113,too_close,19,0.6117
5323,rl,185154,too_close,41,0.3487
5324,rl,185176,too_close,22,0.5547
5325,rl,185223,too_close,47,0.2261
5326,rl,185254,too_close,31,0.4538
5327,rl,185259,success,5,0.9
5328,rl,185283,too_close,24,0.5456
5329,rl,185312,too_close,29,0.4783
5330,rl,185323,success,11,0.7684
5331,rl,185340,collision,17,-0.164
5332,rl,185363,too_close,23,0.5487
5333,rl,185373,success,10,0.7889
5334,rl,185405,success,32,0.442
5335,rl,185439,collision,34,-0.1656
5336,rl,185474,success,35,0.4084
5337,rl,185510,success,36,0.3978
5338,rl,185557,too_close,47,0.2977
5339,rl,185576,success,19,0.6224
5340,rl,185636,too_close,60,0.184
5341,rl,185651,success,15,0.6916
5342,rl,185682,too_close,31,0.4538
5343,rl,185704,too_close,22,0.5742
5344,rl,185741,too_close,37,0.3874
5345,rl,185786,success,45,0.3138
5346,rl,185804,too_close,18,0.639
5347,rl,185817,too_close,13,0.729
5348,rl,185833,collision,16,-0.1808
5349,rl,185847,too_close,14,0.6842
5350,rl,185851,success,4,0.924
5351,rl,185860,success,9,0.81
5352,rl,185868,success,8,0.8316
5353,rl,185883,too_close,15,0.6911
5354,rl,185894,too_close,11,0.7602
5355,rl,185917,too_close,23,0.5468
5356,rl,185943,too_close,26,0.5176
5357,rl,185954,success,11,0.7684
5358,rl,185990,success,36,0.3978
5359,rl,186013,too_close,23,-0.1518
5360,rl,186031,too_close,18,0.6319
5361,rl,186039,success,8,0.8316
5362,rl,186061,too_close,22,0.5751
5363,rl,186094,too_close,33,0.3781
5364,rl,186101,collision,7,-0.2328
5365,rl,186123,success,22,0.5751
5366,rl,186137,success,14,0.71
5367,rl,186162,success,25,0.5314
5368,rl,186180,success,18,0.639
5369,rl,186228,too_close,48,0.276
5370,rl,186253,success,25,0.5314
5371,rl,186271,collision,18,-0.1598
5372,rl,186296,success,25,0.5314
5373,rl,186308,collision,12,-0.2047
5374,rl,186314,success,6,0.8766
5375,rl,186341,success,27,0.5042
5376,rl,186349,success,8,0.8316
5377,rl,186377,too_close,28,0.4885
5378,rl,186408,success,31,0.4538
5379,rl,186431,too_close,23,0.5077
5380,rl,186456,too_close,25,0.5314
5381,rl,186480,success,24,0.5456
5382,rl,186508,collision,28,-0.1337
5383,rl,186509,collision,1,-0.25
5384,rl,186530,success,21,0.5905
5385,rl,186551,success,21,0.5905
5386,rl,186563,too_close,12,0.7482
5387,rl,186577,too_close,14,0.71
5388,rl,186610,success,33,0.4305
5389,rl,186635,collision,25,-0.1409
5390,rl,186659,success,24,0.5456
5391,rl,186680,too_close,21,0.583
5392,rl,186697,too_close,17,0.6266
5393,rl,186728,too_close,31,0.4414
5394,rl,186741,success,13,0.729
5395,rl,186750,success,9,0.8091
5396,rl,186787,too_close,37,0.3874
5397,rl,186799,success,12,0.7485
5398,rl,186811,success,12,0.7485
5399,rl,186815,collision,4,-0.2536
5400,rl,186839,success,24,0.5456
5401,rl,186855,success,16,0.6736
5402,rl,186872,success,17,0.6561
5403,rl,186909,too_close,37,0.3758
5404,rl,186921,success,12,0.7485
5405,rl,186946,too_close,25,0.5314
5406,rl,186968,too_close,22,0.5588
5407,rl,186984,success,16,0.6736
5408,rl,186989,success,5,0.9
5409,rl,187018,too_close,29,0.4669
5410,rl,187027,collision,9,-0.2157
5411,rl,187057,too_close,30,0.2002
5412,rl,187064,success,7,0.8538
5413,rl,187098,too_close,34,0.4104
5414,rl,187125,too_close,27,0.5035
5415,rl,187161,too_close,36,0.3978
5416,rl,187202,too_close,41,0.3484
5417,rl,187229,success,27,0.5042
5418,rl,187272,too_close,43,0.3235
5419,rl,187297,success,25,0.5314
5420,rl,187329,too_close,32,0.4312
5421,rl,187336,success,7,0.8538
5422,rl,187383,too_close,47,0.2977
5423,rl,187390,success,7,0.8538
5424,rl,187433,too_close,43,0.311
5425,rl,187447,too_close,14,0.7065
5426,rl,187481,too_close,34,0.4077
5427,rl,187506,success,25,0.5314
5428,rl,187519,success,13,0.729
5429,rl,187531,success,12,0.7485
5430,rl,187572,too_close,41,0.3311
5431,rl,187578,success,6,0.8766
5432,rl,187580,collision,2,-0.2558
5433,rl,187614,success,34,0.4193
5434,rl,187628,success,14,0.71
5435,rl,187650,collision,22,-0.1649
5436,rl,187671,success,21,0.5905
5437,rl,187717,collision,46,-0.0899
5438,rl,187741,collision,24,-0.1471
5439,rl,187766,success,25,0.5314
5440,rl,187772,too_close,6,0.8766
5441,rl,187793,success,21,0.5905
5442,rl,187794,collision,1,-0.25
5443,rl,187820,too_close,26,0.489
5444,rl,187859,too_close,39,0.3349
5445,rl,187876,success,17,0.6561
5446,rl,187908,too_close,32,0.442
5447,rl,187958,collision,50,-0.0721
5448,rl,187995,too_close,37,0.3874
5449,rl,188000,success,5,0.9
5450,rl,188044,too_close,44,0.3171
5451,rl,188057,success,13,0.729
5452,rl,188075,success,18,0.639
5453,rl,188107,too_close,32,0.442
5454,rl,188115,too_close,8,0.8316
5455,rl,188144,too_close,29,0.4783
5456,rl,188153,success,9,0.81
5457,rl,188192,collision,39,-0.0961
5458,rl,188225,too_close,33,0.4068
5459,rl,188285,too_close,60,0.2098
5460,rl,188286,collision,1,-0.25
5461,rl,188336,success,50,0.2751
5462,rl,188367,success,31,0.4538
5463,rl,188390,too_close,23,0.5152
5464,rl,188399,success,9,0.8099
5465,rl,188428,too_close,29,0.4553
5466,rl,188440,success,12,0.7485
5467,rl,188464,collision,24,-0.146
5468,rl,188502,too_close,38,0.3568
5469,rl,188514,success,12,0.7485
5470,rl,188531,too_close,17,0.6561
5471,rl,188535,success,4,0.924
5472,rl,188548,success,13,0.729
5473,rl,188582,too_close,34,0.4031
5474,rl,188610,success,28,0.4911
5475,rl,188629,too_close,19,0.6112
5476,rl,188643,too_close,14,0.6998
5477,rl,188672,too_close,29,0.4772
5478,rl,188679,success,7,0.8538
5479,rl,188688,success,9,0.81
5480,rl,188707,too_close,19,0.4752
5481,rl,188745,too_close,38,0.3773
5482,rl,188786,too_close,41,0.3402
5483,rl,188816,too_close,30,0.4656
5484,rl,188843,success,27,0.5042
5485,rl,188871,too_close,28,0.4911
5486,rl,188887,success,16,0.6736
5487,rl,188927,success,40,0.358
5488,rl,188964,too_close,37,0.3731
5489,rl,188987,success,23,0.5602
5490,rl,189006,success,19,0.6224
5491,rl,189040,too_close,34,0.3627
5492,rl,189047,success,7,0.8538
5493,rl,189092,success,45,0.3138
5494,rl,189139,too_close,47,0.2977
5495,rl,189147,success,8,0.8316
5496,rl,189171,success,24,0.5456
5497,rl,189179,success,8,0.8316
5498,rl,189195,too_close,16,0.6342
5499,rl,189217,success,22,0.5751
5500,rl,189246,success,29,0.4783
5501,rl,189261,too_close,15,0.6916
5502,rl,189306,success,45,0.3138
5503,rl,189328,too_close,22,0.5751
5504,rl,189360,too_close,32,0.442
5505,rl,189401,too_close,41,0.3069
5506,rl,189406,collision,5,-0.225
5507,rl,189452,too_close,46,0.3057
5508,rl,189467,success,15,0.6916
5509,rl,189494,too_close,27,0.4311
5510,rl,189513,success,19,0.6224
5511,rl,189551,too_close,38,0.3752
5512,rl,189579,collision,28,-0.1301
5513,rl,189602,success,23,0.5602
5514,rl,189642,too_close,40,0.3566
5515,rl,189671,too_close,29,0.4748
5516,rl,189706,too_close,35,0.3882
5517,rl,189748,too_close,42,0.229
5518,rl,189766,success,18,0.639
5519,rl,189778,too_close,12,0.7391
5520,rl,189837,too_close,59,0.1872
5521,rl,189838,collision,1,-0.25
5522,rl,189846,too_close,8,0.8168
5523,rl,189858,too_close,12,0.7169
5524,rl,189889,too_close,31,0.42
5525,rl,189924,collision,35,-0.1994
5526,rl,189952,too_close,28,0.4669
5527,rl,189962,success,10,0.7889
5528,rl,189966,success,4,0.924
5529,rl,189991,too_close,25,0.5314
5530,rl,190037,too_close,46,0.3057
5531,rl,190070,success,33,0.4305
5532,rl,190080,too_close,10,0.7408
5533,rl,190110,too_close,30,0.4659
5534,rl,190150,too_close,40,0.3448
5535,rl,190169,too_close,19,0.6173
5536,rl,190213,too_close,44,0.3054
5537,rl,190224,success,11,0.7684
5538,rl,190259,too_close,35,0.3432
5539,rl,190302,too_close,43,0.3308
5540,rl,190337,too_close,35,0.4084
5541,rl,190376,too_close,39,0.3046
5542,rl,190390,success,14,0.71
5543,rl,190433,too_close,43,0.3308
5544,rl,190453,success,20,0.6063
5545,rl,190511,too_close,58,0.2145
5546,rl,190536,success,25,0.5314
5547,rl,190555,success,19,0.6224
5548,rl,190600,success,45,0.3138
5549,rl,190621,success,21,0.5905
5550,rl,190624,success,3,0.9487
5551,rl,190643,too_close,19,0.6188
5552,rl,190658,collision,15,-0.1729
5553,rl,190694,too_close,36,0.3366
5554,rl,190699,success,5,0.9
5555,rl,190706,success,7,0.8538
5556,rl,190723,success,17,0.6561
5557,rl,190775,too_close,52,0.261
5558,rl,190789,collision,14,-0.1902
5559,rl,190819,success,30,0.4659
5560,rl,190836,too_close,17,0.6561
5561,rl,190867,too_close,31,0.4538
5562,rl,190884,success,17,0.6561
5563,rl,190929,too_close,45,0.3138
5564,rl,190959,success,30,0.4659
5565,rl,190994,collision,35,-0.1085
5566,rl,191033,too_close,39,0.3612
5567,rl,191044,collision,11,-0.2205
5568,rl,191053,success,9,0.81
5569,rl,191068,success,15,0.6916
5570,rl,191116,too_close,48,0.2874
5571,rl,191154,too_close,38,0.3773
5572,rl,191182,success,28,0.4911
5573,rl,191207,too_close,25,0.5156
5574,rl,191245,too_close,38,0.3576
5575,rl,191275,success,30,0.4659
5576,rl,191334,too_close,59,0.2164
5577,rl,191346,too_close,12,0.7477
5578,rl,191355,success,9,0.81
5579,rl,191374,too_close,19,0.5673
5580,rl,191438,success,64,0.1902
5581,rl,191465,success,27,0.5042
5582,rl,191481,collision,16,-0.2833
5583,rl,191526,too_close,45,0.2915
5584,rl,191548,success,22,0.5751
5585,rl,191587,too_close,39,0.3095
5586,rl,191623,success,36,0.3978
5587,rl,191711,too_close,88,0.0918
5588,rl,191715,success,4,0.924
5589,rl,191745,too_close,30,0.4659
5590,rl,191765,success,20,0.6063
5591,rl,191771,collision,6,-0.2192
5592,rl,191799,success,28,0.4911
5593,rl,191840,success,41,0.3487
5594,rl,191864,success,24,0.5456
5595,rl,191902,too_close,38,0.3455
5596,rl,191944,too_close,42,0.3323
5597,rl,191956,success,12,0.7485
5598,rl,191975,collision,19,-0.1633
5599,rl,191997,too_close,22,0.5367
5600,rl,192004,too_close,7,0.8538
5601,rl,192027,too_close,23,0.5602
5602,rl,192030,success,3,0.9487
5603,rl,192042,success,12,0.7485
5604,rl,192056,success,14,0.71
5605,rl,192059,collision,3,-0.2673
5606,rl,192088,success,29,0.4783
5607,rl,192114,too_close,26,0.4541
5608,rl,192156,too_close,42,0.3195
5609,rl,192194,success,38,0.3773
5610,rl,192200,success,6,0.8766
5611,rl,192228,too_close,28,0.4582
5612,rl,192235,success,7,0.8538
5613,rl,192245,success,10,0.7889
5614,rl,192277,success,32,0.442
5615,rl,192283,success,6,0.8766
5616,rl,192322,too_close,39,0.3629
5617,rl,192337,success,15,0.6916
5618,rl,192353,too_close,16,0.669
5619,rl,192379,too_close,26,0.5139
5620,rl,192405,success,26,0.5176
5621,rl,192439,too_close,34,0.4193
5622,rl,192470,too_close,31,0.4354
5623,rl,192509,too_close,39,0.3671
5624,rl,192527,success,18,0.639
5625,rl,192546,collision,19,-0.1677
5626,rl,192575,too_close,29,0.4482
5627,rl,192585,success,10,0.7889
5628,rl,192624,too_close,39,0.3445
5629,rl,192637,collision,13,-0.1823
5630,rl,192641,success,4,0.924
5631,rl,192688,too_close,47,0.272
5632,rl,192716,success,28,0.4911
5633,rl,192737,too_close,21,0.5905
5634,rl,192746,success,9,0.81
5635,rl,192776,success,30,0.4659
5636,rl,192823,too_close,47,0.2977
5637,rl,192840,success,17,0.6561
5638,rl,192859,success,19,0.6224
5639,rl,192877,success,18,0.639
5640,rl,192909,too_close,32,0.442
5641,rl,192932,success,23,0.5602
5642,rl,192950,success,18,0.639
5643,rl,192978,too_close,28,0.4185
5644,rl,193005,too_close,27,0.5036
5645,rl,193023,collision,18,-0.2067
5646,rl,193037,success,14,0.71
5647,rl,193066,success,29,0.4783
5648,rl,193068,success,2,0.974
5649,rl,193100,too_close,32,0.442
5650,rl,193128,too_close,28,0.4875
5651,rl,193151,success,23,0.5602
5652,rl,193165,too_close,14,0.6595
5653,rl,193173,collision,8,-0.2079
5654,rl,193210,too_close,37,0.386
5655,rl,193233,success,23,0.5602
5656,rl,193238,success,5,0.9
5657,rl,193268,success,30,0.4659
5658,rl,193286,too_close,18,0.6344
5659,rl,193326,too_close,40,0.3559
5660,rl,193344,success,18,0.639
5661,rl,193381,success,37,0.3874
5662,rl,193403,too_close,22,0.5727
5663,rl,193437,too_close,34,0.4191
5664,rl,193467,success,30,0.4659
5665,rl,193480,success,13,0.729
5666,rl,193495,success,15,0.6916
5667,rl,193502,success,7,0.8538
5668,rl,193535,success,33,0.4305
5669,rl,193553,too_close,18,0.6368
5670,rl,193589,too_close,36,0.3978
5671,rl,193598,success,9,0.81
5672,rl,193615,success,17,0.6561
5673,rl,193628,too_close,13,0.729
5674,rl,193651,too_close,23,0.5602
5675,rl,193674,too_close,23,0.5602
5676,rl,193688,success,14,0.71
5677,rl,193707,success,19,0.6224
5678,rl,193715,success,8,0.8316
5679,rl,193726,success,11,0.7684
5680,rl,193747,too_close,21,0.5872
5681,rl,193774,success,27,0.5042
5682,rl,193814,too_close,40,0.3373
5683,rl,193832,success,18,0.639
5684,rl,193863,success,31,0.4538
5685,rl,193909,too_close,46,0.2786
5686,rl,193925,success,16,0.6736
5687,rl,193951,too_close,26,0.5097
5688,rl,193998,too_close,47,0.269
5689,rl,194026,success,28,0.4911
5690,rl,194028,success,2,0.974
5691,rl,194040,success,12,0.7485
5692,rl,194064,too_close,24,0.5456
5693,rl,194092,too_close,28,0.487
5694,rl,194107,success,15,0.6916
5695,rl,194123,too_close,16,0.6502
5696,rl,194160,too_close,37,0.3752
5697,rl,194183,too_close,23,0.525
5698,rl,194195,success,12,0.7485
5699,rl,194212,success,17,0.6561
5700,rl,194263,too_close,51,0.2673
5701,rl,194289,too_close,26,0.5069
5702,rl,194300,success,11,0.7684
5703,rl,194335,too_close,35,0.4084
5704,rl,194382,too_close,47,0.2769
5705,rl,194407,too_close,25,0.5292
5706,rl,194432,success,25,0.5314
5707,rl,194440,collision,8,-0.2116
5708,rl,194470,too_close,30,0.3913
5709,rl,194490,too_close,20,0.6044
5710,rl,194507,too_close,17,0.6334
5711,rl,194539,collision,32,-0.1543
5712,rl,194559,success,20,0.6063
5713,rl,194571,too_close,12,0.7483
5714,rl,194604,collision,33,-0.1417
5715,rl,194639,too_close,35,0.4084
5716,rl,194674,too_close,35,0.3714
5717,rl,194703,too_close,29,0.4742
5718,rl,194734,too_close,31,0.4274
5719,rl,194780,too_close,46,0.2713
5720,rl,194804,success,24,0.5456
5721,rl,194825,too_close,21,0.587
5722,rl,194842,success,17,0.6561
5723,rl,194855,success,13,0.729
5724,rl,194880,success,25,0.5314
5725,rl,194893,success,13,0.729
5726,rl,194900,too_close,7,0.8397
5727,rl,194958,collision,58,-0.1799
5728,rl,194977,success,19,0.6224
5729,rl,194993,success,16,0.6736
5730,rl,195002,success,9,0.81
5731,rl,195026,success,24,0.5456
5732,rl,195050,collision,24,-0.1427
5733,rl,195090,too_close,40,0.3497
5734,rl,195122,too_close,32,0.4236
5735,rl,195141,success,19,0.6224
5736,rl,195149,collision,8,-0.2125
5737,rl,195152,success,3,0.9487
5738,rl,195194,too_close,42,0.3396
5739,rl,195207,success,13,0.729
5740,rl,195215,too_close,8,0.8316
5741,rl,195232,success,17,0.6561
5742,rl,195251,too_close,19,0.6131
5743,rl,195257,success,6,0.8766
5744,rl,195292,too_close,35,0.401
5745,rl,195310,success,18,0.639
5746,rl,195329,success,19,0.6224
5747,rl,195354,collision,25,-0.1721
5748,rl,195373,too_close,19,0.5825
5749,rl,195386,collision,13,-0.2118
5750,rl,195403,success,17,0.6561
5751,rl,195419,success,16,0.6736
5752,rl,195440,too_close,21,0.5528
5753,rl,195460,too_close,20,0.585
5754,rl,195485,too_close,25,0.5279
5755,rl,195510,too_close,25,0.5314
5756,rl,195515,success,5,0.9
5757,rl,195523,success,8,0.8316
5758,rl,195547,too_close,24,0.5456
5759,rl,195577,too_close,30,0.4546
5760,rl,195611,too_close,34,0.3985
5761,rl,195649,too_close,38,0.3748
5762,rl,195676,success,27,0.5042
5763,rl,195703,too_close,27,0.5042
5764,rl,195738,too_close,35,0.4071
5765,rl,195744,collision,6,-0.2406
5766,rl,195770,success,26,0.5176
5767,rl,195784,success,14,0.71
5768,rl,195831,too_close,47,0.296
5769,rl,195837,success,6,0.8766
5770,rl,195858,too_close,21,0.5426
5771,rl,195902,too_close,44,0.3153
5772,rl,195916,success,14,0.71
5773,rl,195928,too_close,12,0.7485
5774,rl,195965,collision,37,-0.0969
5775,rl,196000,too_close,35,0.4084
5776,rl,196022,too_close,22,0.5751
5777,rl,196033,success,11,0.7684
5778,rl,196038,success,5,0.9
5779,rl,196071,success,33,0.4305
5780,rl,196076,collision,5,-0.225
5781,rl,196111,success,35,0.4084
5782,rl,196143,too_close,32,0.442
5783,rl,196153,too_close,10,0.7889
5784,rl,196164,too_close,11,0.7217
5785,rl,196186,too_close,22,0.5634
5786,rl,196212,too_close,26,0.4789
5787,rl,196229,success,17,0.6561
5788,rl,196255,too_close,26,0.4869
5789,rl,196271,too_close,16,0.6727
5790,rl,196315,too_close,44,0.3222
5791,rl,196353,too_close,38,0.3759
5792,rl,196381,success,28,0.4911
5793,rl,196414,too_close,33,0.4177
5794,rl,196428,success,14,0.71
5795,rl,196452,success,24,0.5456
5796,rl,196510,success,58,0.2228
5797,rl,196529,success,19,0.6224
5798,rl,196549,success,20,0.6063
5799,rl,196560,success,11,0.7684
5800,rl,196580,success,20,0.6063
5801,rl,196591,success,11,0.7684
5802,rl,196637,too_close,46,0.3057
5803,rl,196649,too_close,12,0.6902
5804,rl,196676,success,27,0.5042
5805,rl,196727,too_close,51,0.2187
5806,rl,196741,success,14,0.71
5807,rl,196748,success,7,0.8538
5808,rl,196754,success,6,0.8766
5809,rl,196765,collision,11,-0.2179
5810,rl,196795,success,30,0.4659
5811,rl,196812,success,17,0.6561
5812,rl,196821,too_close,9,0.8055
5813,rl,196830,collision,9,-0.2025
5814,rl,196847,collision,17,-0.177
5815,rl,196853,success,6,0.8766
5816,rl,196876,too_close,23,0.5151
5817,rl,196902,success,26,0.5176
5818,rl,196915,too_close,13,0.6766
5819,rl,196944,too_close,29,0.4783
5820,rl,196988,success,44,0.3222
5821,rl,197025,too_close,37,0.366
5822,rl,197037,too_close,12,0.6886
5823,rl,197056,too_close,19,0.6224
5824,rl,197073,success,17,0.6561
5825,rl,197124,too_close,51,0.2244
5826,rl,197143,success,19,0.6224
5827,rl,197176,too_close,33,0.4305
5828,rl,197197,too_close,21,0.5905
5829,rl,197225,success,28,0.4911
5830,rl,197257,too_close,32,0.4418
5831,rl,197271,too_close,14,0.71
5832,rl,197302,success,31,0.4538
5833,rl,197312,success,10,0.7889
5834,rl,197360,too_close,48,0.2744
5835,rl,197361,collision,1,-0.25
5836,rl,197388,success,27,0.5042
5837,rl,197428,too_close,40,0.358
5838,rl,197477,collision,49,-0.0706
5839,rl,197500,too_close,23,0.5177
5840,rl,197515,success,15,0.6916
5841,rl,197521,success,6,0.8766
5842,rl,197566,too_close,45,0.3138
5843,rl,197575,success,9,0.81
5844,rl,197607,collision,32,-0.1193
5845,rl,197632,too_close,25,0.5314
5846,rl,197642,success,10,0.7889
5847,rl,197675,too_close,33,0.3983
5848,rl,197713,too_close,38,0.3753
5849,rl,197734,too_close,21,0.5905
5850,rl,197743,success,9,0.81
5851,rl,197767,too_close,24,0.5412
5852,rl,197785,collision,18,-0.1602
5853,rl,197810,too_close,25,0.5314
5854,rl,197833,too_close,23,0.5594
5855,rl,197845,success,12,0.7485
5856,rl,197856,success,11,0.7684
5857,rl,197877,success,21,0.5905
5858,rl,197950,too_close,73,0.1388
5859,rl,197956,success,6,0.8766
5860,rl,197966,success,10,0.7889
5861,rl,197972,too_close,6,0.8766
5862,rl,197997,too_close,25,0.4996
5863,rl,198033,success,36,0.3978
5864,rl,198037,success,4,0.924
5865,rl,198077,collision,40,-0.1266
5866,rl,198091,success,14,0.71
5867,rl,198093,success,2,0.974
5868,rl,198147,too_close,54,0.2445
5869,rl,198191,too_close,44,0.3222
5870,rl,198226,success,35,0.4084
5871,rl,198245,success,19,0.6224
5872,rl,198280,too_close,35,0.396
5873,rl,198303,success,23,0.5602
5874,rl,198358,too_close,55,-0.0755
5875,rl,198406,too_close,48,0.29
5876,rl,198441,too_close,35,0.4084
5877,rl,198460,too_close,19,0.5636
5878,rl,198479,too_close,19,0.6224
5879,rl,198531,too_close,52,0.261
5880,rl,198541,too_close,10,0.7599
5881,rl,198550,collision,9,-0.2236
5882,rl,198563,too_close,13,0.715
5883,rl,198571,success,8,0.8316
5884,rl,198578,collision,7,-0.2234
5885,rl,198616,too_close,38,0.3773
5886,rl,198641,too_close,25,0.521
5887,rl,198687,too_close,46,0.3057
5888,rl,198711,success,24,0.5456
5889,rl,198730,success,19,0.6224
5890,rl,198752,success,22,0.5751
5891,rl,198766,success,14,0.71
5892,rl,198786,collision,20,-0.1634
5893,rl,198802,success,16,0.6736
5894,rl,198825,too_close,23,0.5499
5895,rl,198851,success,26,0.5176
5896,rl,198866,success,15,0.6916
5897,rl,198885,too_close,19,0.6188
5898,rl,198913,success,28,0.4911
5899,rl,198956,too_close,43,0.3308
5900,rl,198968,success,12,0.7485
5901,rl,199016,too_close,48,0.2679
5902,rl,199044,too_close,28,0.4911
5903,rl,199057,too_close,13,0.6913
5904,rl,199081,success,24,0.5456
5905,rl,199097,success,16,0.6736
5906,rl,199128,success,31,0.4538
5907,rl,199138,success,10,0.7889
5908,rl,199174,too_close,36,-0.1878
5909,rl,199208,too_close,34,0.4185
5910,rl,199215,too_close,7,0.8538
5911,rl,199218,success,3,0.9487
5912,rl,199238,too_close,20,0.6029
5913,rl,199242,collision,4,-0.2342
5914,rl,199252,success,10,0.7889
5915,rl,199260,success,8,0.8316
5916,rl,199280,success,20,0.6063
5917,rl,199308,too_close,28,0.4911
5918,rl,199345,too_close,37,0.3509
5919,rl,199371,too_close,26,0.5081
5920,rl,199380,success,9,0.81
5921,rl,199395,success,15,0.6916
5922,rl,199399,success,4,0.924
5923,rl,199409,success,10,0.7889
5924,rl,199443,too_close,34,0.3913
5925,rl,199476,too_close,33,0.3924
5926,rl,199505,too_close,29,0.4375
5927,rl,199522,success,17,0.6561
5928,rl,199531,too_close,9,0.81
5929,rl,199541,success,10,0.7889
5930,rl,199563,success,22,0.5751
5931,rl,199575,collision,12,-0.1917
5932,rl,199596,collision,21,-0.1607
5933,rl,199600,success,4,0.924
5934,rl,199636,too_close,36,0.3978
5935,rl,199655,success,19,0.6224
5936,rl,199664,success,9,0.81
5937,rl,199712,collision,48,-0.0934
5938,rl,199726,success,14,0.71
5939,rl,199735,collision,9,-0.2033
5940,rl,199752,success,17,0.6561
5941,rl,199763,success,11,0.7684
5942,rl,199769,success,6,0.8766
5943,rl,199803,success,34,0.4193
5944,rl,199830,too_close,27,0.4732
5945,rl,199858,too_close,28,0.4809
5946,rl,199875,too_close,17,0.6561
5947,rl,199903,success,28,0.4911
5948,rl,199925,too_close,22,0.5348
5949,rl,199955,too_close,30,0.4392
5950,rl,199973,too_close,18,0.6292
5951,rl,199999,too_close,26,0.5176
5952,rl,200019,too_close,20,0.5809
5953,rl,200028,success,9,0.81
5954,rl,200059,success,31,0.4538
5955,rl,200077,too_close,18,0.6383
5956,rl,200081,too_close,4,0.924
5957,rl,200119,too_close,38,0.2915
5958,rl,200153,too_close,34,0.4193
5959,rl,200195,too_close,42,0.3086
5960,rl,200203,success,8,0.8316
5961,rl,200236,too_close,33,0.4305
5962,rl,200245,too_close,9,0.8078
5963,rl,200261,too_close,16,0.6669
5964,rl,200293,too_close,32,0.4418
5965,rl,200304,success,11,0.7684
5966,rl,200316,success,12,0.7485
5967,rl,200322,success,6,0.8766
5968,rl,200334,success,12,0.7485
5969,rl,200352,too_close,18,0.5945
5970,rl,200371,success,19,0.6224
5971,rl,200401,collision,30,-0.1165
5972,rl,200420,collision,19,-0.2098
5973,rl,200454,too_close,34,0.4144
5974,rl,200505,too_close,51,0.2326
5975,rl,200521,success,16,0.6736
5976,rl,200538,success,17,0.6561
5977,rl,200544,collision,6,-0.2514
5978,rl,200550,success,6,0.8766
5979,rl,200585,success,35,0.4084
5980,rl,200595,success,10,0.7889
5981,rl,200620,too_close,25,0.5314
5982,rl,200644,too_close,24,0.5456
5983,rl,200687,too_close,43,0.3308
5984,rl,200711,too_close,24,0.5456
5985,rl,200748,too_close,37,0.3656
5986,rl,200791,too_close,43,0.3308
5987,rl,200833,too_close,42,0.1979
5988,rl,200885,too_close,52,0.2603
5989,rl,200933,too_close,48,0.2637
5990,rl,200941,success,8,0.8316
5991,rl,200956,success,15,0.6916
5992,rl,200969,too_close,13,0.729
5993,rl,200977,success,8,0.8316
5994,rl,201017,too_close,40,0.286
5995,rl,201030,success,13,0.729
5996,rl,201046,success,16,0.6736
5997,rl,201057,success,11,0.7684
5998,rl,201085,success,28,0.4911
5999,rl,201096,success,11,0.7684
6000,rl,201131,too_close,35,0.4022
6001,rl,201140,success,9,0.81
6002,rl,201159,too_close,19,0.6224
6003,rl,201193,too_close,34,0.3431
6004,rl,201206,success,13,0.729
6005,rl,201236,too_close,30,0.4566
6006,rl,201255,success,19,0.6224
6007,rl,201261,success,6,0.8766
6008,rl,201288,too_close,27,0.504
6009,rl,201296,success,8,0.8316
6010,rl,201325,too_close,29,0.4691
6011,rl,201340,success,15,0.6916
6012,rl,201354,success,14,0.71
6013,rl,201395,too_close,41,0.3487
6014,rl,201413,success,18,0.639
6015,rl,201428,success,15,0.6916
6016,rl,201450,success,22,0.5751
6017,rl,201472,too_close,22,0.5538
6018,rl,201493,collision,21,-0.1562
6019,rl,201520,success,27,0.5042
6020,rl,201567,too_close,47,0.2977
6021,rl,201576,success,9,0.81
6022,rl,201618,success,42,0.3396
6023,rl,201644,success,26,0.5176
6024,rl,201717,too_close,73,0.0449
6025,rl,201734,too_close,17,0.6547
6026,rl,201758,too_close,24,0.5128
6027,rl,201785,too_close,27,0.4956
6028,rl,201825,too_close,40,0.354
6029,rl,201872,too_close,47,0.2966
6030,rl,201878,success,6,0.8766
6031,rl,201915,too_close,37,0.3874
6032,rl,201954,too_close,39,0.343
6033,rl,202001,too_close,47,0.2405
6034,rl,202006,success,5,0.9
6035,rl,202030,collision,24,-0.1526
6036,rl,202040,success,10,0.7889
6037,rl,202052,too_close,12,0.7485
6038,rl,202079,too_close,27,0.5042
6039,rl,202083,success,4,0.924
6040,rl,202089,success,6,0.8766
6041,rl,202101,collision,12,-0.1871
6042,rl,202134,too_close,33,0.3685
6043,rl,202159,too_close,25,0.5311
6044,rl,202171,success,12,0.7485
6045,rl,202190,too_close,19,0.6047
6046,rl,202200,success,10,0.7889
6047,rl,202227,success,27,0.5042
6048,rl,202246,success,19,0.6224
6049,rl,202256,success,10,0.7889
6050,rl,202282,success,26,0.5176
6051,rl,202327,too_close,45,0.3138
6052,rl,202364,too_close,37,0.2703
6053,rl,202388,success,24,0.5456
6054,rl,202422,too_close,34,0.403
6055,rl,202433,success,11,0.7684
6056,rl,202474,success,41,0.3487
6057,rl,202484,collision,10,-0.2309
6058,rl,202505,success,21,0.5905
6059,rl,202539,too_close,34,0.4193
6060,rl,202570,too_close,31,0.3949
6061,rl,202576,success,6,0.8766
6062,rl,202582,success,6,0.8766
6063,rl,202607,success,25,0.5314
6064,rl,202621,success,14,0.71
6065,rl,202672,success,51,0.2679
6066,rl,202694,success,22,0.5751
6067,rl,202708,success,14,0.71
6068,rl,202759,too_close,51,0.2479
6069,rl,202785,too_close,26,0.5145
6070,rl,202795,success,10,0.7889
6071,rl,202800,success,5,0.9
6072,rl,202809,success,9,0.81
6073,rl,202817,too_close,8,0.8316
6074,rl,202844,success,27,0.5042
6075,rl,202861,success,17,0.6561
6076,rl,202868,success,7,0.8538
6077,rl,202875,success,7,0.8538
6078,rl,202927,success,52,0.261
6079,rl,202938,success,11,0.7684
6080,rl,202951,success,13,0.729
6081,rl,202958,success,7,0.8538
6082,rl,202964,too_close,6,0.8534
6083,rl,202988,collision,24,-0.1736
6084,rl,203009,success,21,0.5905
6085,rl,203046,success,37,0.3874
6086,rl,203072,collision,26,-0.1408
6087,rl,203078,success,6,0.8766
6088,rl,203095,success,17,0.6561
6089,rl,203133,success,38,0.3773
6090,rl,203169,success,36,0.3978
6091,rl,203211,too_close,42,0.3345
6092,rl,203268,too_close,57,0.2106
6093,rl,203288,success,20,0.6063
6094,rl,203309,success,21,0.5905
6095,rl,203323,success,14,0.71
6096,rl,203330,success,7,0.8538
6097,rl,203341,too_close,11,0.7684
6098,rl,203374,too_close,33,0.4087
6099,rl,203388,too_close,14,0.71
6100,rl,203419,too_close,31,0.4476
6101,rl,203455,success,36,0.3978
6102,rl,203488,too_close,33,0.4014
6103,rl,203517,too_close,29,0.3625
6104,rl,203543,too_close,26,0.5176
6105,rl,203567,success,24,0.5456
6106,rl,203587,too_close,20,0.5853
6107,rl,203600,collision,13,-0.2244
6108,rl,203611,success,11,0.7684
6109,rl,203619,collision,8,-0.224
6110,rl,203663,too_close,44,0.3176
6111,rl,203707,too_close,44,0.2804
6112,rl,203739,too_close,32,0.442
6113,rl,203753,too_close,14,0.7051
6114,rl,203803,too_close,50,0.2751
6115,rl,203814,success,11,0.7684
6116,rl,203861,too_close,47,0.2385
6117,rl,203894,too_close,33,0.4209
6118,rl,203903,success,9,0.81
6119,rl,203938,too_close,35,0.3701
6120,rl,203986,too_close,48,0.2524
6121,rl,204030,too_close,44,0.3205
6122,rl,204041,success,11,0.7684
6123,rl,204046,success,5,0.9
6124,rl,204083,too_close,37,0.353
6125,rl,204121,too_close,38,0.3712
6126,rl,204131,collision,10,-0.1972
6127,rl,204142,success,11,0.7684
6128,rl,204175,too_close,33,0.4276
6129,rl,204207,success,32,0.442
6130,rl,204212,success,5,0.9
6131,rl,204235,too_close,23,0.5602
6132,rl,204264,too_close,29,0.475
6133,rl,204278,success,14,0.71
6134,rl,204308,success,30,0.4659
6135,rl,204344,too_close,36,0.3734
6136,rl,204382,too_close,38,0.3698
6137,rl,204423,too_close,41,0.3048
6138,rl,204457,success,34,0.4193
6139,rl,204471,too_close,14,0.71
6140,rl,204502,too_close,31,0.4094
6141,rl,204517,success,15,0.6916
6142,rl,204550,too_close,33,0.4305
6143,rl,204559,success,9,0.81
6144,rl,204564,success,5,0.9
6145,rl,204578,success,14,0.71
6146,rl,204611,too_close,33,0.3866
6147,rl,204637,too_close,26,0.418
6148,rl,204646,too_close,9,0.81
6149,rl,204689,too_close,43,0.3212
6150,rl,204699,success,10,0.7889
6151,rl,204749,collision,50,-0.0688
6152,rl,204766,success,17,0.6561
6153,rl,204802,success,36,0.3978
6154,rl,204831,too_close,29,0.4431
6155,rl,204875,too_close,44,0.318
6156,rl,204892,success,17,0.6561
6157,rl,204904,success,12,0.7485
6158,rl,204939,too_close,35,0.4084
6159,rl,204970,success,31,0.4538
6160,rl,205005,success,35,0.4084
6161,rl,205020,too_close,15,0.6762
6162,rl,205059,too_close,39,0.3675
6163,rl,205075,too_close,16,0.6349
6164,rl,205110,success,35,0.4084
6165,rl,205122,success,12,0.7485
6166,rl,205148,success,26,0.5176
6167,rl,205157,success,9,0.81
6168,rl,205187,too_close,30,0.455
6169,rl,205203,too_close,16,0.6632
6170,rl,205206,too_close,3,0.9316
6171,rl,205236,success,30,0.4571
6172,rl,205251,success,15,0.6916
6173,rl,205264,too_close,13,0.7256
6174,rl,205267,success,3,0.9487
6175,rl,205283,success,16,0.6736
6176,rl,205288,too_close,5,-0.225
6177,rl,205297,too_close,9,0.81
6178,rl,205310,success,13,0.729
6179,rl,205323,success,13,0.729
6180,rl,205357,too_close,34,0.4193
6181,rl,205368,success,11,0.7684
6182,rl,205385,collision,17,-0.164
6183,rl,205412,too_close,27,0.4998
6184,rl,205420,success,8,0.8316
6185,rl,205431,collision,11,-0.2038
6186,rl,205464,too_close,33,0.4305
6187,rl,205486,too_close,22,0.5751
6188,rl,205517,too_close,31,0.4538
6189,rl,205532,success,15,0.6916
6190,rl,205570,too_close,38,0.352
6191,rl,205583,too_close,13,0.6565
6192,rl,205587,success,4,0.924
6193,rl,205636,too_close,49,0.2611
6194,rl,205660,success,24,0.5456
6195,rl,205670,success,10,0.7889
6196,rl,205687,success,17,0.6561
6197,rl,205719,too_close,32,0.4399
6198,rl,205743,too_close,24,0.5456
6199,rl,205770,too_close,27,0.5042
6200,rl,205781,too_close,11,0.7684
6201,rl,205798,too_close,17,0.6279
6202,rl,205826,success,28,0.4911
6203,rl,205849,success,23,0.5602
6204,rl,205860,success,11,0.7684
6205,rl,205897,too_close,37,0.3861
6206,rl,205903,success,6,0.8766
6207,rl,205926,collision,23,-0.151
6208,rl,205941,success,15,0.6916
6209,rl,205978,too_close,37,0.381
6210,rl,205999,too_close,21,0.5905
6211,rl,206032,too_close,33,0.4305
6212,rl,206046,success,14,0.71
6213,rl,206065,collision,19,-0.1861
6214,rl,206108,too_close,43,0.3279
6215,rl,206129,success,21,0.5905
6216,rl,206134,success,5,0.9
6217,rl,206156,success,22,0.5751
6218,rl,206171,too_close,15,0.6916
6219,rl,206181,success,10,0.7889
6220,rl,206214,success,33,0.4305
6221,rl,206227,success,13,0.729
6222,rl,206244,success,17,0.6561
6223,rl,206297,success,53,0.2542
6224,rl,206309,success,12,0.7485
6225,rl,206364,too_close,55,0.1264
6226,rl,206373,collision,9,-0.2128
6227,rl,206384,success,11,0.7684
6228,rl,206413,success,29,0.4783
6229,rl,206422,success,9,0.81
6230,rl,206436,success,14,0.71
6231,rl,206441,success,5,0.9
6232,rl,206473,too_close,32,0.4359
6233,rl,206481,success,8,0.8316
6234,rl,206514,too_close,33,0.4053
6235,rl,206530,success,16,0.6736
6236,rl,206550,too_close,20,0.6063
6237,rl,206557,success,7,0.8538
6238,rl,206607,success,50,0.2751
6239,rl,206628,success,21,0.5905
6240,rl,206644,collision,16,-0.1684
6241,rl,206668,too_close,24,0.5304
6242,rl,206680,success,12,0.7485
6243,rl,206692,success,12,0.7485
6244,rl,206753,too_close,61,0.203
6245,rl,206770,collision,17,-0.1716
6246,rl,206807,success,37,0.3874
6247,rl,206818,success,11,0.7684
6248,rl,206859,too_close,41,0.3476
6249,rl,206888,success,29,0.4783
6250,rl,206910,success,22,0.5751
6251,rl,206943,success,33,0.4305
6252,rl,206974,too_close,31,0.4459
6253,rl,206999,too_close,25,0.5303
6254,rl,207009,collision,10,-0.2257
6255,rl,207037,success,28,0.4911
6256,rl,207060,success,23,0.5602
6257,rl,207093,too_close,33,0.4082
6258,rl,207120,too_close,27,0.4878
6259,rl,207131,too_close,11,0.7298
6260,rl,207155,success,24,0.5456
6261,rl,207176,too_close,21,0.567
6262,rl,207191,success,15,0.6916
6263,rl,207243,success,52,0.261
6264,rl,207265,collision,22,-0.1608
6265,rl,207287,too_close,22,0.538
6266,rl,207319,too_close,32,0.442
6267,rl,207356,too_close,37,0.3781
6268,rl,207385,too_close,29,0.4275
6269,rl,207423,too_close,38,0.3773
6270,rl,207455,success,32,0.442
6271,rl,207504,too_close,49,0.2644
6272,rl,207528,collision,24,-0.1709
6273,rl,207542,too_close,14,0.71
6274,rl,207576,too_close,34,0.4077
6275,rl,207594,too_close,18,0.6059
6276,rl,207608,success,14,0.71
6277,rl,207630,success,22,0.5751
6278,rl,207681,too_close,51,0.2679
6279,rl,207701,success,20,0.6063
6280,rl,207706,success,5,0.9
6281,rl,207741,success,35,0.4084
6282,rl,207757,too_close,16,0.6736
6283,rl,207767,success,10,0.7889
6284,rl,207797,too_close,30,0.4658
6285,rl,207826,success,29,0.4783
6286,rl,207841,too_close,15,0.6907
6287,rl,207870,too_close,29,0.4783
6288,rl,207896,too_close,26,0.5176
6289,rl,207931,too_close,35,0.4084
6290,rl,207963,too_close,32,0.4187
6291,rl,207966,success,3,0.9487
6292,rl,207997,collision,31,-0.1566
6293,rl,208023,too_close,26,0.5068
6294,rl,208051,too_close,28,0.4779
6295,rl,208076,success,25,0.5314
6296,rl,208090,success,14,0.71
6297,rl,208115,collision,25,-0.1459
6298,rl,208133,success,18,0.639
6299,rl,208148,success,15,0.6916
6300,rl,208173,too_close,25,0.496
6301,rl,208179,collision,6,-0.2382
6302,rl,208218,too_close,39,0.2861
6303,rl,208231,success,13,0.729
6304,rl,208241,success,10,0.7889
6305,rl,208258,success,17,0.6561
6306,rl,208285,success,27,0.5042
6307,rl,208299,too_close,14,0.6868
6308,rl,208317,too_close,18,0.639
6309,rl,208328,success,11,0.7684
6310,rl,208345,success,17,0.6561
6311,rl,208358,success,13,0.729
6312,rl,208382,success,24,0.5456
6313,rl,208393,success,11,0.7684
6314,rl,208397,too_close,4,0.9163
6315,rl,208422,too_close,25,0.5058
6316,rl,208433,too_close,11,0.7626
6317,rl,208458,collision,25,-0.1768
6318,rl,208482,success,24,0.5456
6319,rl,208510,success,28,0.4911
6320,rl,208515,success,5,0.9
6321,rl,208532,success,17,0.6561
6322,rl,208576,success,44,0.3222
6323,rl,208616,success,40,0.358
6324,rl,208642,success,26,0.5176
6325,rl,208667,too_close,25,0.5109
6326,rl,208692,too_close,25,0.5292
6327,rl,208734,too_close,42,0.2755
6328,rl,208739,success,5,0.9
6329,rl,208773,too_close,34,0.4193
6330,rl,208794,too_close,21,0.5905
6331,rl,208830,too_close,36,0.3886
6332,rl,208860,too_close,30,0.376
6333,rl,208884,too_close,24,0.4978
6334,rl,208893,collision,9,-0.222
6335,rl,208933,too_close,40,0.3301
6336,rl,208958,success,25,0.5314
6337,rl,208992,too_close,34,0.4193
6338,rl,209024,success,32,0.442
6339,rl,209051,too_close,27,0.5042
6340,rl,209064,success,13,0.729
6341,rl,209125,too_close,61,0.1994
6342,rl,209150,success,25,0.5314
6343,rl,209156,success,6,0.8766
6344,rl,209161,success,5,0.9
6345,rl,209180,success,19,0.6224
6346,rl,209207,success,27,0.5042
6347,rl,209217,success,10,0.7889
6348,rl,209251,too_close,34,0.4097
6349,rl,209284,too_close,33,0.3944
6350,rl,209306,success,22,0.5751
6351,rl,209330,success,24,0.5456
6352,rl,209367,success,37,0.3874
6353,rl,209389,too_close,22,0.5611
6354,rl,209414,too_close,25,0.4971
6355,rl,209445,too_close,31,0.4536
6356,rl,209471,too_close,26,0.5176
6357,rl,209484,collision,13,-0.2344
6358,rl,209493,success,9,0.81
6359,rl,209502,success,9,0.81
6360,rl,209521,too_close,19,0.6224
6361,rl,209554,too_close,33,0.4305
6362,rl,209588,success,34,0.4193
6363,rl,209615,success,27,0.5042
6364,rl,209649,too_close,34,0.4193
6365,rl,209663,success,14,0.71
6366,rl,209688,success,25,0.5314
6367,rl,209701,too_close,13,0.729
6368,rl,209734,success,33,0.4305
6369,rl,209760,success,26,0.5176
6370,rl,209772,too_close,12,0.7432
6371,rl,209786,collision,14,-0.1815
6372,rl,209821,success,35,0.4084
6373,rl,209826,success,5,0.9
6374,rl,209846,too_close,20,0.5679
6375,rl,209854,too_close,8,0.827
6376,rl,209911,success,57,0.2288
6377,rl,209940,success,29,0.4783
6378,rl,209948,success,8,0.8316
6379,rl,209965,success,17,0.6561
6380,rl,209974,too_close,9,0.81
6381,rl,209990,too_close,16,0.6736
6382,rl,210006,collision,16,-0.185
6383,rl,210054,too_close,48,0.29
6384,rl,210081,success,27,0.5042
6385,rl,210086,collision,5,-0.2416
6386,rl,210119,success,33,0.4305
6387,rl,210138,too_close,19,0.6224
6388,rl,210146,collision,8,-0.2163
6389,rl,210158,too_close,12,0.7323
6390,rl,210182,collision,24,-0.1402
6391,rl,210186,success,4,0.924
6392,rl,210199,collision,13,-0.1863
6393,rl,210214,too_close,15,0.6916
6394,rl,210219,success,5,0.9
6395,rl,210244,success,25,0.5314
6396,rl,210268,too_close,24,0.532
6397,rl,210293,too_close,25,0.4818
6398,rl,210313,collision,20,-0.1516
6399,rl,210347,success,34,0.4193
6400,rl,210379,success,32,0.442
6401,rl,210402,success,23,0.5602
6402,rl,210433,success,31,0.4538
6403,rl,210475,success,42,0.3396
6404,rl,210496,success,21,0.5905
6405,rl,210522,success,26,0.5176
6406,rl,210555,too_close,33,0.4055
6407,rl,210602,success,47,0.2977
6408,rl,210614,too_close,12,0.6937
6409,rl,210622,collision,8,-0.2557
6410,rl,210635,success,13,0.729
6411,rl,210662,too_close,27,0.5042
6412,rl,210689,success,27,0.5042
6413,rl,210703,success,14,0.71
6414,rl,210706,collision,3,-0.2706
6415,rl,210717,success,11,0.7684
6416,rl,210723,success,6,0.8766
6417,rl,210748,success,25,0.5314
6418,rl,210785,too_close,37,0.2942
6419,rl,210821,success,36,0.3978
6420,rl,210845,success,24,0.5456
6421,rl,210864,success,19,0.6224
6422,rl,210905,too_close,41,0.3439
6423,rl,210912,success,7,0.8538
6424,rl,210929,collision,17,-0.164
6425,rl,210954,collision,25,-0.145
6426,rl,211002,too_close,48,0.27
6427,rl,211014,success,12,0.7485
6428,rl,211032,success,18,0.639
6429,rl,211049,success,17,0.6561
6430,rl,211088,too_close,39,0.3675
6431,rl,211096,success,8,0.8316
6432,rl,211116,success,20,0.6063
6433,rl,211151,too_close,35,0.38
6434,rl,211168,success,17,0.6561
6435,rl,211191,success,23,0.5602
6436,rl,211229,too_close,38,0.3683
6437,rl,211239,success,10,0.7889
6438,rl,211266,too_close,27,0.4059
6439,rl,211284,success,18,0.639
6440,rl,211313,too_close,29,0.4783
6441,rl,211326,success,13,0.729
6442,rl,211353,too_close,27,0.5042
6443,rl,211393,too_close,40,0.3176
6444,rl,211398,success,5,0.9
6445,rl,211430,success,32,0.442
6446,rl,211463,too_close,33,0.422
6447,rl,211513,too_close,50,0.2751
6448,rl,211525,success,12,0.7485
6449,rl,211547,too_close,22,0.5751
6450,rl,211560,too_close,13,0.713
6451,rl,211596,too_close,36,0.3745
6452,rl,211614,success,18,0.639
6453,rl,211646,success,32,0.442
6454,rl,211654,too_close,8,0.8316
6455,rl,211681,success,27,0.5042
6456,rl,211715,success,34,0.4193
6457,rl,211730,success,15,0.6916
6458,rl,211759,success,29,0.4783
6459,rl,211770,success,11,0.7684
6460,rl,211788,success,18,0.639
6461,rl,211811,too_close,23,0.5602
6462,rl,211831,success,20,0.6063
6463,rl,211856,collision,25,-0.2086
6464,rl,211886,too_close,30,0.4659
6465,rl,211909,success,23,0.5602
6466,rl,211916,success,7,0.8538
6467,rl,211961,too_close,45,0.2629
6468,rl,211979,too_close,18,0.639
6469,rl,211998,too_close,19,0.6224
6470,rl,212044,too_close,46,0.3057
6471,rl,212048,success,4,0.924
6472,rl,212062,too_close,14,-0.1951
6473,rl,212074,success,12,0.7485
6474,rl,212096,success,22,0.5751
6475,rl,212120,success,24,0.5456
6476,rl,212169,success,49,0.2824
6477,rl,212192,collision,23,-0.1597
6478,rl,212228,too_close,36,0.3892
6479,rl,212249,too_close,21,0.5788
6480,rl,212284,too_close,35,0.3969
6481,rl,212292,success,8,0.8316
6482,rl,212329,too_close,37,0.3874
6483,rl,212368,too_close,39,0.33
6484,rl,212396,too_close,28,0.4649
6485,rl,212404,success,8,0.8316
6486,rl,212412,too_close,8,0.7412
6487,rl,212446,too_close,34,0.4193
6488,rl,212471,too_close,25,0.5314
6489,rl,212479,too_close,8,0.8273
6490,rl,212493,success,14,0.71
6491,rl,212514,success,21,0.5905
6492,rl,212553,too_close,39,0.3565
6493,rl,212585,success,32,0.442
6494,rl,212617,success,32,0.442
6495,rl,212621,success,4,0.924
6496,rl,212663,success,42,0.3396
6497,rl,212686,too_close,23,0.5594
6498,rl,212699,success,13,0.729
6499,rl,212725,too_close,26,0.5176
6500,rl,212739,success,14,0.71
6501,rl,212773,too_close,34,0.4025
6502,rl,212789,too_close,16,0.6736
6503,rl,212799,success,10,0.7889
6504,rl,212833,success,34,0.4193
6505,rl,212857,too_close,24,0.5456
6506,rl,212905,too_close,48,0.2777
6507,rl,212916,success,11,0.7684
6508,rl,212925,success,9,0.81
6509,rl,212948,collision,23,-0.1706
6510,rl,212978,too_close,30,0.4659
6511,rl,212996,success,18,0.639
6512,rl,213016,collision,20,-0.1608
6513,rl,213067,too_close,51,0.2679
6514,rl,213088,success,21,0.5905
6515,rl,213115,success,27,0.5042
6516,rl,213167,too_close,52,0.1904
6517,rl,213180,too_close,13,0.7182
6518,rl,213211,too_close,31,0.4473
6519,rl,213236,success,25,0.5314
6520,rl,213274,too_close,38,0.3773
6521,rl,213288,too_close,14,0.6674
6522,rl,213303,success,15,0.6916
6523,rl,213322,success,19,0.6224
6524,rl,213334,too_close,12,0.7239
6525,rl,213372,too_close,38,0.3773
6526,rl,213397,too_close,25,0.5314
6527,rl,213405,success,8,0.8316
6528,rl,213417,success,12,0.7485
6529,rl,213443,too_close,26,0.5176
6530,rl,213450,collision,7,-0.2352
6531,rl,213493,success,43,0.3308
6532,rl,213505,success,12,0.7485
6533,rl,213521,too_close,16,0.6736
6534,rl,213554,success,33,0.4305
6535,rl,213570,too_close,16,0.6736
6536,rl,213591,success,21,0.5905
6537,rl,213612,success,21,0.5905
6538,rl,213633,too_close,21,0.5905
6539,rl,213638,collision,5,-0.2456
6540,rl,213659,too_close,21,0.5758
6541,rl,213674,success,15,0.6916
6542,rl,213693,success,19,0.6224
6543,rl,213700,collision,7,-0.2135
6544,rl,213714,success,14,0.71
6545,rl,213746,success,32,0.442
6546,rl,213763,success,17,0.6561
6547,rl,213778,success,15,0.6916
6548,rl,213814,too_close,36,0.3936
6549,rl,213849,too_close,35,0.3902
6550,rl,213874,too_close,25,0.5157
6551,rl,213888,too_close,14,0.708
6552,rl,213903,success,15,0.6916
6553,rl,213937,success,34,0.4193
6554,rl,213962,too_close,25,0.5314
6555,rl,213989,too_close,27,0.5042
6556,rl,214009,success,20,0.6063
6557,rl,214019,success,10,0.7889
6558,rl,214052,too_close,33,0.3949
6559,rl,214065,success,13,0.729
6560,rl,214090,success,25,0.5314
6561,rl,214105,too_close,15,0.6916
6562,rl,214116,success,11,0.7684
6563,rl,214172,collision,56,-0.0759
6564,rl,214185,success,13,0.729
6565,rl,214198,success,13,0.729
6566,rl,214219,success,21,0.5905
6567,rl,214226,success,7,0.8538
6568,rl,214262,success,36,0.3978
6569,rl,214295,too_close,33,0.4175
6570,rl,214312,too_close,17,0.6423
6571,rl,214354,success,42,0.3396
6572,rl,214385,success,31,0.4538
6573,rl,214394,success,9,0.81
6574,rl,214401,success,7,0.8538
6575,rl,214428,success,27,0.5042
6576,rl,214434,success,6,0.8766
6577,rl,214456,too_close,22,0.4821
6578,rl,214477,success,21,0.5905
6579,rl,214513,success,36,0.3978
6580,rl,214530,success,17,0.6561
6581,rl,214555,too_close,25,0.5172
6582,rl,214568,success,13,0.729
6583,rl,214575,success,7,0.8538
6584,rl,214598,success,23,0.5412
6585,rl,214630,success,32,0.442
6586,rl,214674,too_close,44,0.3019
6587,rl,214680,success,6,0.8766
6588,rl,214704,too_close,24,0.5444
6589,rl,214733,too_close,29,0.4763
6590,rl,214762,too_close,29,-0.1494
6591,rl,214776,too_close,14,0.7046
6592,rl,214810,success,34,0.4193
6593,rl,214846,too_close,36,0.3891
6594,rl,214856,success,10,0.7889
6595,rl,214889,too_close,33,0.4258
6596,rl,214902,too_close,13,0.7206
6597,rl,214931,too_close,29,0.4776
6598,rl,214962,too_close,31,0.4464
6599,rl,214982,success,20,0.6063
6600,rl,215016,too_close,34,0.4049
6601,rl,215050,too_close,34,0.3872
6602,rl,215064,success,14,0.71
6603,rl,215082,success,18,0.6338
6604,rl,215090,success,8,0.8316
6605,rl,215105,collision,15,-0.205
6606,rl,215110,success,5,0.8941
6607,rl,215135,too_close,25,0.5077
6608,rl,215140,too_close,5,0.9
6609,rl,215188,too_close,48,0.2682
6610,rl,215217,success,29,0.4783
6611,rl,215225,success,8,0.8316
6612,rl,215257,success,32,0.442
6613,rl,215286,too_close,29,0.4783
6614,rl,215311,collision,25,-0.1479
6615,rl,215334,success,23,0.5602
6616,rl,215345,too_close,11,0.7651
6617,rl,215377,success,32,0.442
6618,rl,215383,collision,6,-0.2364
6619,rl,215400,success,17,0.6561
6620,rl,215430,success,30,0.4659
6621,rl,215446,too_close,16,0.6736
6622,rl,215461,success,15,0.6916
6623,rl,215476,too_close,15,0.6916
6624,rl,215501,success,25,0.5314
6625,rl,215514,too_close,13,0.6962
6626,rl,215539,success,25,0.5314
6627,rl,215562,success,23,0.5602
6628,rl,215575,success,13,0.729
6629,rl,215591,success,16,0.6736
6630,rl,215647,too_close,56,0.2347
6631,rl,215655,success,8,0.8316
6632,rl,215679,too_close,24,0.5174
6633,rl,215693,success,14,0.71
6634,rl,215709,success,16,0.6736
6635,rl,215746,too_close,37,0.3395
6636,rl,215753,success,7,0.8538
6637,rl,215783,too_close,30,0.458
6638,rl,215816,too_close,33,0.3964
6639,rl,215835,success,19,0.6224
6640,rl,215842,success,7,0.8538
6641,rl,215887,too_close,45,0.3114
6642,rl,215897,too_close,10,0.7815
6643,rl,215916,too_close,19,0.6224
6644,rl,215932,collision,16,-0.1799
6645,rl,215959,too_close,27,0.4854
6646,rl,215983,too_close,24,0.5216
6647,rl,216006,success,23,0.5602
6648,rl,216017,success,11,0.7684
6649,rl,216053,too_close,36,0.3835
6650,rl,216076,too_close,23,0.5602
6651,rl,216112,too_close,36,0.3554
6652,rl,216132,success,20,0.6063
6653,rl,216156,success,24,0.5456
6654,rl,216184,success,28,0.4911
6655,rl,216209,success,25,0.5314
6656,rl,216235,too_close,26,0.5176
6657,rl,216254,too_close,19,0.6137
6658,rl,216255,collision,1,-0.25
6659,rl,216303,success,48,0.29
6660,rl,216320,collision,17,-0.1821
6661,rl,216355,too_close,35,0.3636
6662,rl,216383,too_close,28,0.4862
6663,rl,216387,success,4,0.9237
6664,rl,216404,too_close,17,0.6561
6665,rl,216467,too_close,63,0.1953
6666,rl,216485,too_close,18,0.6139
6667,rl,216526,success,41,0.3487
6668,rl,216557,collision,31,-0.1247
6669,rl,216578,too_close,21,0.5602
6670,rl,216623,too_close,45,0.2704
6671,rl,216649,collision,26,-0.1319
6672,rl,216675,too_close,26,0.4985
6673,rl,216695,success,20,0.6063
6674,rl,216735,success,40,0.358
6675,rl,216790,too_close,55,0.2411
6676,rl,216811,too_close,21,0.5711
6677,rl,216833,collision,22,-0.1462
6678,rl,216839,collision,6,-0.2192
6679,rl,216854,too_close,15,0.6551
6680,rl,216870,collision,16,-0.1784
6681,rl,216899,success,29,0.4783
6682,rl,216902,success,3,0.9487
6683,rl,216925,success,23,0.5602
6684,rl,216949,success,24,0.5456
6685,rl,216968,too_close,19,0.6224
6686,rl,216974,success,6,0.8766
6687,rl,217002,too_close,28,0.4911
6688,rl,217019,success,17,0.6561
6689,rl,217043,collision,24,-0.1453
6690,rl,217050,success,7,0.8538
6691,rl,217075,too_close,25,0.482
6692,rl,217076,collision,1,-0.25
6693,rl,217087,too_close,11,0.7684
6694,rl,217094,success,7,0.8538
6695,rl,217130,success,36,0.3978
6696,rl,217155,success,25,0.5314
6697,rl,217171,collision,16,-0.1684
6698,rl,217194,success,23,0.5602
6699,rl,217229,success,35,0.4084
6700,rl,217244,success,15,0.6916
6701,rl,217273,success,29,0.4783
6702,rl,217303,too_close,30,0.4659
6703,rl,217317,success,14,0.71
6704,rl,217346,too_close,29,0.4433
6705,rl,217369,success,23,0.5602
6706,rl,217374,success,5,0.9
6707,rl,217390,success,16,0.6736
6708,rl,217397,success,7,0.8538
6709,rl,217426,too_close,29,0.4678
6710,rl,217438,success,12,0.7485
6711,rl,217443,success,5,0.9
6712,rl,217458,success,15,0.6916
6713,rl,217473,too_close,15,0.6808
6714,rl,217483,success,10,0.7889
6715,rl,217508,collision,25,-0.1382
6716,rl,217545,collision,37,-0.1053
6717,rl,217600,too_close,55,0.2114
6718,rl,217607,success,7,0.8538
6719,rl,217646,too_close,39,0.353
6720,rl,217681,too_close,35,0.4072
6721,rl,217720,success,39,0.3675
6722,rl,217735,success,15,0.6916
6723,rl,217755,too_close,20,0.5613
6724,rl,217789,success,34,0.4193
6725,rl,217815,too_close,26,0.4845
6726,rl,217836,success,21,0.5905
6727,rl,217875,too_close,39,0.3246
6728,rl,217891,success,16,0.6736
6729,rl,217905,success,14,0.71
6730,rl,217914,too_close,9,0.8013
6731,rl,217945,too_close,31,0.4161
6732,rl,217960,too_close,15,0.6916
6733,rl,217966,success,6,0.8766
6734,rl,217991,collision,25,-0.135
6735,rl,218020,success,29,0.4783
6736,rl,218028,success,8,0.8316
6737,rl,218052,too_close,24,0.52
6738,rl,218075,too_close,23,0.5541
6739,rl,218106,too_close,31,0.4538
6740,rl,218139,too_close,33,0.3964
6741,rl,218158,too_close,19,0.6149
6742,rl,218172,success,14,0.71
6743,rl,218201,success,29,0.4783
6744,rl,218206,success,5,0.9
6745,rl,218215,success,9,0.81
6746,rl,218242,too_close,27,0.5042
6747,rl,218243,collision,1,-0.25
6748,rl,218255,success,12,0.7485
6749,rl,218269,too_close,14,0.6953
6750,rl,218295,success,26,0.5176
6751,rl,218322,success,27,0.5042
6752,rl,218358,too_close,36,0.3666
6753,rl,218375,too_close,17,0.6561
6754,rl,218412,success,37,0.3874
6755,rl,218445,success,33,0.4305
6756,rl,218470,success,25,0.5314
6757,rl,218503,collision,33,-0.1294
6758,rl,218549,too_close,46,0.2955
6759,rl,218588,success,39,0.3675
6760,rl,218603,too_close,15,0.6769
6761,rl,218608,success,5,0.9
6762,rl,218623,success,15,0.6916
6763,rl,218663,too_close,40,0.3279
6764,rl,218682,success,19,0.6224
6765,rl,218706,success,24,0.5456
6766,rl,218724,success,18,0.639
6767,rl,218730,success,6,0.8766
6768,rl,218761,too_close,31,0.4157
6769,rl,218766,collision,5,-0.2277
6770,rl,218783,collision,17,-0.17
6771,rl,218823,too_close,40,0.3403
6772,rl,218835,collision,12,-0.1995
6773,rl,218853,too_close,18,0.6368
6774,rl,218868,too_close,15,0.6409
6775,rl,218905,success,37,0.3874
6776,rl,218915,success,10,0.7889
6777,rl,218921,success,6,0.8766
6778,rl,218937,success,16,0.6736
6779,rl,218952,success,15,0.6916
6780,rl,218972,collision,20,-0.1516
6781,rl,218997,too_close,25,0.5314
6782,rl,219023,success,26,0.5176
6783,rl,219057,success,34,0.4193
6784,rl,219089,too_close,32,0.442
6785,rl,219118,success,29,0.4783
6786,rl,219142,too_close,24,0.5456
6787,rl,219180,too_close,38,0.3166
6788,rl,219213,too_close,33,0.4014
6789,rl,219242,too_close,29,0.4744
6790,rl,219261,success,19,0.6224
6791,rl,219283,too_close,22,0.5751
6792,rl,219310,too_close,27,0.4839
6793,rl,219324,success,14,0.71
6794,rl,219331,success,7,0.8538
6795,rl,219354,success,23,0.5602
6796,rl,219381,too_close,27,0.5042
6797,rl,219412,too_close,31,0.4538
6798,rl,219438,too_close,26,0.4923
6799,rl,219474,too_close,36,0.3923
6800,rl,219518,too_close,44,0.3211
6801,rl,219524,success,6,0.8766
6802,rl,219541,too_close,17,0.6561
6803,rl,219578,too_close,37,0.3772
6804,rl,219604,too_close,26,0.5022
6805,rl,219636,success,32,0.442
6806,rl,219654,too_close,18,0.639
6807,rl,219664,success,10,0.7889
6808,rl,219694,too_close,30,0.4345
6809,rl,219734,too_close,40,0.3551
6810,rl,219765,too_close,31,0.448
6811,rl,219774,collision,9,-0.2175
6812,rl,219779,success,5,0.9
6813,rl,219792,success,13,0.729
6814,rl,219817,success,25,0.5314
6815,rl,219846,too_close,29,0.4783
6816,rl,219859,success,13,0.729
6817,rl,219880,success,21,0.5905
6818,rl,219894,success,14,0.71
6819,rl,219919,too_close,25,0.5089
6820,rl,219951,too_close,32,0.3972
6821,rl,219967,collision,16,-0.1807
6822,rl,219975,success,8,0.8316
6823,rl,220019,too_close,44,0.3222
6824,rl,220036,success,17,0.6561
6825,rl,220042,success,6,0.8766
6826,rl,220063,success,21,0.5905
6827,rl,220079,success,16,0.6736
6828,rl,220123,success,44,0.3222
6829,rl,220165,success,42,0.3396
6830,rl,220189,success,24,0.5456
6831,rl,220224,too_close,35,0.4084
6832,rl,220239,success,15,0.6916
6833,rl,220257,success,18,0.639
6834,rl,220304,too_close,47,0.2918
6835,rl,220320,success,16,0.6736
6836,rl,220342,too_close,22,0.5721
6837,rl,220390,success,48,0.29
6838,rl,220430,success,40,0.358
6839,rl,220465,success,35,0.4084
6840,rl,220489,collision,24,-0.1364
6841,rl,220517,too_close,28,0.4859
6842,rl,220555,too_close,38,0.3524
6843,rl,220577,too_close,22,0.5751
6844,rl,220601,collision,24,-0.1928
6845,rl,220610,success,9,0.81
6846,rl,220655,too_close,45,0.3004
6847,rl,220659,success,4,0.924
6848,rl,220696,success,37,0.3874
6849,rl,220707,success,11,0.7684
6850,rl,220760,too_close,53,0.2424
6851,rl,220778,collision,18,-0.1698
6852,rl,220797,too_close,19,0.5843
6853,rl,220807,success,10,0.7889
6854,rl,220824,success,17,0.6561
6855,rl,220860,success,36,0.3978
6856,rl,220880,too_close,20,0.6063
6857,rl,220906,success,26,0.5176
6858,rl,220925,too_close,19,0.6065
6859,rl,220954,success,29,0.4783
6860,rl,220956,success,2,0.974
6861,rl,220976,success,20,0.6063
6862,rl,220993,collision,17,-0.177
6863,rl,221006,too_close,13,0.729
6864,rl,221033,too_close,27,0.5042
6865,rl,221051,collision,18,-0.1636
6866,rl,221082,success,31,0.4538
6867,rl,221087,success,5,0.9
6868,rl,221093,collision,6,-0.3337
6869,rl,221120,too_close,27,0.5042
6870,rl,221147,success,27,0.5042
6871,rl,221154,success,7,0.8538
6872,rl,221172,success,18,0.639
6873,rl,221186,collision,14,-0.1775
6874,rl,221213,too_close,27,0.5042
6875,rl,221245,too_close,32,0.442
6876,rl,221267,too_close,22,0.5751
6877,rl,221294,too_close,27,0.5023
6878,rl,221318,too_close,24,0.4805
6879,rl,221330,success,12,0.7485
6880,rl,221355,success,25,0.5314
6881,rl,221375,too_close,20,0.6041
6882,rl,221399,success,24,0.5456
6883,rl,221415,success,16,0.6736
6884,rl,221446,too_close,31,0.2657
6885,rl,221461,success,15,0.6916
6886,rl,221504,success,43,0.3308
6887,rl,221537,success,33,0.4305
6888,rl,221552,too_close,15,0.6646
6889,rl,221568,success,16,0.6736
6890,rl,221579,success,11,0.7684
6891,rl,221619,too_close,40,0.3213
6892,rl,221634,too_close,15,0.6521
6893,rl,221648,success,14,0.71
6894,rl,221657,too_close,9,0.7598
6895,rl,221679,success,22,0.5751
6896,rl,221713,too_close,34,0.4193
6897,rl,221733,too_close,20,0.6063
6898,rl,221764,too_close,31,0.4538
6899,rl,221790,too_close,26,0.5161
6900,rl,221800,success,10,0.7889
6901,rl,221815,success,15,0.6916
6902,rl,221858,too_close,43,0.3308
6903,rl,221893,too_close,35,0.4056
6904,rl,221929,success,36,0.3978
6905,rl,221962,success,33,0.4305
6906,rl,221990,success,28,0.4911
6907,rl,222020,too_close,30,0.4517
6908,rl,222055,too_close,35,0.3706
6909,rl,222079,too_close,24,0.5365
6910,rl,222088,success,9,0.81
6911,rl,222107,success,19,0.6224
6912,rl,222145,too_close,38,0.3405
6913,rl,222196,too_close,51,0.2591
6914,rl,222232,too_close,36,0.3925
6915,rl,222274,too_close,42,0.3293
6916,rl,222295,success,21,0.5905
6917,rl,222314,success,19,0.6224
6918,rl,222321,success,7,0.8538
6919,rl,222337,success,16,0.6736
6920,rl,222349,too_close,12,0.7474
6921,rl,222360,success,11,0.7684
6922,rl,222392,too_close,32,0.442
6923,rl,222406,success,14,0.71
6924,rl,222440,too_close,34,0.4014
6925,rl,222483,too_close,43,0.3287
6926,rl,222501,success,18,0.639
6927,rl,222518,success,17,0.6561
6928,rl,222537,too_close,19,0.6224
6929,rl,222569,too_close,32,0.4266
6930,rl,222573,success,4,0.924
6931,rl,222589,too_close,16,0.6127
6932,rl,222603,too_close,14,0.669
6933,rl,222624,too_close,21,0.5905
6934,rl,222638,success,14,0.71
6935,rl,222661,too_close,23,0.5465
6936,rl,222710,too_close,49,0.2326
6937,rl,222736,success,26,0.5176
6938,rl,222754,too_close,18,0.5827
6939,rl,222764,success,10,0.7889
6940,rl,222806,too_close,42,0.2566
6941,rl,222807,collision,1,-0.25
6942,rl,222816,success,9,0.81
6943,rl,222827,success,11,0.7684
6944,rl,222859,success,32,0.442
6945,rl,222892,too_close,33,0.3059
6946,rl,222911,success,19,0.6224
6947,rl,222928,success,17,0.6561
6948,rl,222961,too_close,33,0.3995
6949,rl,222973,success,12,0.7485
6950,rl,223001,success,28,0.4911
6951,rl,223016,too_close,15,0.6663
6952,rl,223049,too_close,33,0.4179
6953,rl,223066,too_close,17,0.6559
6954,rl,223073,success,7,0.8538
6955,rl,223095,too_close,22,0.5751
6956,rl,223100,collision,5,-0.2439
6957,rl,223114,success,14,0.71
6958,rl,223138,success,24,0.5456
6959,rl,223143,success,5,0.9
6960,rl,223171,success,28,0.4911
6961,rl,223185,success,14,0.71
6962,rl,223214,success,29,0.4783
6963,rl,223228,success,14,0.71
6964,rl,223232,too_close,4,0.924
6965,rl,223272,too_close,40,0.2692
6966,rl,223307,success,35,0.4084
6967,rl,223328,too_close,21,0.5905
6968,rl,223339,too_close,11,0.7684
6969,rl,223354,too_close,15,0.6916
6970,rl,223375,too_close,21,0.5775
6971,rl,223376,collision,1,-0.25
6972,rl,223409,success,33,0.4305
6973,rl,223410,collision,1,-0.25
6974,rl,223436,too_close,26,0.517
6975,rl,223455,success,19,0.6224
6976,rl,223472,success,17,0.6561
6977,rl,223484,collision,12,-0.2125
6978,rl,223530,too_close,46,0.2684
6979,rl,223577,too_close,47,0.2438
6980,rl,223590,success,13,0.729
6981,rl,223617,too_close,27,0.4744
6982,rl,223646,collision,29,-0.1262
6983,rl,223655,success,9,0.81
6984,rl,223663,success,8,0.8316
6985,rl,223669,collision,6,-0.2543
6986,rl,223676,success,7,0.8538
6987,rl,223707,success,31,0.4538
6988,rl,223717,success,10,0.7889
6989,rl,223743,success,26,0.5176
6990,rl,223767,success,24,0.5456
6991,rl,223776,success,9,0.81
6992,rl,223797,too_close,21,0.59
6993,rl,223812,too_close,15,0.6916
6994,rl,223849,too_close,37,0.3835
6995,rl,223858,success,9,0.81
6996,rl,223868,success,10,0.7889
6997,rl,223903,success,35,0.4084
6998,rl,223923,success,20,0.6063
6999,rl,223932,collision,9,-0.2299
7000,rl,223967,too_close,35,0.3875
7001,rl,223991,too_close,24,0.5441
7002,rl,224011,success,20,0.6063
7003,rl,224017,success,6,0.8766
7004,rl,224044,too_close,27,0.5016
7005,rl,224090,too_close,46,0.26
7006,rl,224111,success,21,0.5905
7007,rl,224141,success,30,0.4659
7008,rl,224164,success,23,0.5602
7009,rl,224181,too_close,17,0.6003
7010,rl,224204,success,23,0.5602
7011,rl,224241,too_close,37,0.3847
7012,rl,224252,success,11,0.7684
7013,rl,224273,too_close,21,0.5605
7014,rl,224288,too_close,15,0.6863
7015,rl,224309,too_close,21,0.5777
7016,rl,224319,success,10,0.7889
7017,rl,224360,too_close,41,0.3427
7018,rl,224404,too_close,44,0.3222
7019,rl,224439,too_close,35,0.4084
7020,rl,224498,collision,59,-0.0654
7021,rl,224504,success,6,0.8766
7022,rl,224528,success,24,0.5456
7023,rl,224550,success,22,0.5751
7024,rl,224569,success,19,0.6224
7025,rl,224597,too_close,28,0.4902
7026,rl,224606,success,9,0.81
7027,rl,224627,success,21,0.5905
7028,rl,224642,too_close,15,0.6916
7029,rl,224658,success,16,0.6736
7030,rl,224695,success,37,0.3874
7031,rl,224736,too_close,41,0.315
7032,rl,224749,success,13,0.729
7033,rl,224791,too_close,42,0.3396
7034,rl,224811,collision,20,-0.1516
7035,rl,224838,success,27,0.5042
7036,rl,224848,too_close,10,0.7712
7037,rl,224867,too_close,19,0.5791
7038,rl,224875,collision,8,-0.2167
7039,rl,224908,too_close,33,0.411
7040,rl,224930,success,22,0.5751
7041,rl,224955,too_close,25,0.4574
7042,rl,224956,collision,1,-0.25
7043,rl,224993,too_close,37,0.3808
7044,rl,225007,success,14,0.71
7045,rl,225046,too_close,39,0.3675
7046,rl,225060,success,14,0.71
7047,rl,225088,success,28,0.4911
7048,rl,225122,too_close,34,0.4193
7049,rl,225161,too_close,39,0.2901
7050,rl,225180,success,19,0.6224
7051,rl,225199,success,19,0.6224
7052,rl,225233,too_close,34,0.4193
7053,rl,225259,too_close,26,0.4792
7054,rl,225269,success,10,0.7889
7055,rl,225276,success,7,0.8538
7056,rl,225314,too_close,38,0.3718
7057,rl,225316,success,2,0.974
7058,rl,225349,success,33,0.4305
7059,rl,225352,success,3,0.9487
7060,rl,225375,success,23,0.5602
7061,rl,225394,collision,19,-0.1991
7062,rl,225403,success,9,0.81
7063,rl,225422,too_close,19,0.6135
7064,rl,225441,success,19,0.6224
7065,rl,225443,success,2,0.974
7066,rl,225486,too_close,43,0.3308
7067,rl,225491,success,5,0.9
7068,rl,225523,too_close,32,0.3898
7069,rl,225535,success,12,0.7485
7070,rl,225540,collision,5,-0.2454
7071,rl,225571,too_close,31,0.4538
7072,rl,225591,too_close,20,0.6055
7073,rl,225622,too_close,31,0.4491
7074,rl,225652,success,30,0.4659
7075,rl,225689,too_close,37,0.3633
7076,rl,225724,success,35,0.4084
7077,rl,225725,collision,1,-0.25
7078,rl,225760,too_close,35,0.3774
7079,rl,225780,success,20,0.6063
7080,rl,225801,success,21,0.5905
7081,rl,225829,too_close,28,0.4802
7082,rl,225851,too_close,22,0.5751
7083,rl,225869,too_close,18,0.6094
7084,rl,225879,success,10,0.7889
7085,rl,225892,success,13,0.729
7086,rl,225912,too_close,20,0.6063
7087,rl,225920,too_close,8,0.8316
7088,rl,225940,too_close,20,0.6063
7089,rl,225960,too_close,20,0.6061
7090,rl,225963,success,3,0.9487
7091,rl,225978,collision,15,-0.2388
7092,rl,225987,too_close,9,0.81
7093,rl,226001,success,14,0.71
7094,rl,226024,too_close,23,0.5599
7095,rl,226033,success,9,0.81
7096,rl,226071,success,38,0.3773
7097,rl,226102,success,31,0.4538
7098,rl,226124,too_close,22,0.5751
7099,rl,226152,too_close,28,0.4265
7100,rl,226172,success,20,0.6063
7101,rl,226197,collision,25,-0.1414
7102,rl,226222,too_close,25,0.4962
7103,rl,226233,success,11,0.7684
7104,rl,226256,collision,23,-0.1439
7105,rl,226270,success,14,0.71
7106,rl,226281,success,11,0.7684
7107,rl,226306,too_close,25,0.526
7108,rl,226340,too_close,34,0.4193
7109,rl,226366,collision,26,-0.1567
7110,rl,226407,success,41,0.3487
7111,rl,226425,collision,18,-0.1677
7112,rl,226453,too_close,28,0.479
7113,rl,226470,success,17,0.6561
7114,rl,226501,too_close,31,0.4538
7115,rl,226520,too_close,19,0.6036
7116,rl,226553,too_close,33,0.4148
7117,rl,226587,too_close,34,0.3992
7118,rl,226624,too_close,37,0.2784
7119,rl,226646,too_close,22,0.5683
7120,rl,226653,too_close,7,0.8522
7121,rl,226656,success,3,0.9487
7122,rl,226685,too_close,29,0.4756
7123,rl,226699,success,14,0.71
7124,rl,226710,success,11,0.7684
7125,rl,226738,too_close,28,0.4837
7126,rl,226772,success,34,0.4193
7127,rl,226805,too_close,33,0.4223
7128,rl,226816,success,11,0.7684
7129,rl,226824,success,8,0.8316
7130,rl,226850,too_close,26,0.5176
7131,rl,226872,success,22,0.5751
7132,rl,226892,success,20,0.6063
7133,rl,226899,too_close,7,0.8538
7134,rl,226906,success,7,0.8538
7135,rl,226939,too_close,33,0.4305
7136,rl,226968,success,29,0.4783
7137,rl,226997,success,29,0.4783
7138,rl,227021,too_close,24,0.5048
7139,rl,227049,success,28,0.4911
7140,rl,227073,too_close,24,0.5456
7141,rl,227079,success,6,0.8766
7142,rl,227135,too_close,56,0.2193
7143,rl,227148,too_close,13,0.729
7144,rl,227166,too_close,18,0.639
7145,rl,227199,too_close,33,0.41
7146,rl,227219,success,20,0.6063
7147,rl,227233,collision,14,-0.1825
7148,rl,227260,too_close,27,0.4932
7149,rl,227266,success,6,0.8766
7150,rl,227292,success,26,0.5176
7151,rl,227332,too_close,40,0.3534
7152,rl,227335,success,3,0.9487
7153,rl,227345,too_close,10,0.7889
7154,rl,227359,success,14,0.71
7155,rl,227380,success,21,0.5905
7156,rl,227391,success,11,0.7684
7157,rl,227415,success,24,0.5456
7158,rl,227433,too_close,18,0.6378
7159,rl,227461,success,28,0.4911
7160,rl,227474,success,13,0.729
7161,rl,227510,too_close,36,0.3498
7162,rl,227542,success,32,0.442
7163,rl,227566,success,24,0.5456
7164,rl,227583,success,17,0.6561
7165,rl,227593,too_close,10,0.7889
7166,rl,227603,success,10,0.7889
7167,rl,227637,too_close,34,0.4154
7168,rl,227651,collision,14,-0.2888
7169,rl,227665,success,14,0.71
7170,rl,227679,success,14,0.71
7171,rl,227701,success,22,0.5751
7172,rl,227749,too_close,48,0.2839
7173,rl,227778,too_close,29,0.4774
7174,rl,227797,too_close,19,0.5971
7175,rl,227832,too_close,35,0.408
7176,rl,227857,too_close,25,0.5158
7177,rl,227898,too_close,41,0.1755
7178,rl,227929,too_close,31,0.4275
7179,rl,227940,success,11,0.7684
7180,rl,227967,success,27,0.5042
7181,rl,227980,success,13,0.729
7182,rl,228009,success,29,0.4783
7183,rl,228041,success,32,0.442
7184,rl,228071,success,30,0.4659
7185,rl,228103,success,32,0.442
7186,rl,228126,success,23,0.5602
7187,rl,228141,too_close,15,0.6489
7188,rl,228170,too_close,29,0.4723
7189,rl,228178,collision,8,-0.2215
7190,rl,228181,success,3,0.9487
7191,rl,228228,success,47,0.2977
7192,rl,228249,success,21,0.5905
7193,rl,228267,success,18,0.639
7194,rl,228286,success,19,0.6224
7195,rl,228321,success,35,0.4084
7196,rl,228358,success,37,0.3874
7197,rl,228373,success,15,0.6916
7198,rl,228389,collision,16,-0.1912
7199,rl,228411,too_close,22,0.5551
7200,rl,228438,success,27,0.5042
7201,rl,228457,too_close,19,0.6056
7202,rl,228473,too_close,16,0.6439
7203,rl,228477,success,4,0.924
7204,rl,228491,too_close,14,0.6822
7205,rl,228532,success,41,0.3487
7206,rl,228561,success,29,0.4783
7207,rl,228594,too_close,33,0.4086
7208,rl,228633,too_close,39,0.345
7209,rl,228645,collision,12,-0.2058
7210,rl,228649,success,4,0.924
7211,rl,228666,success,17,0.6561
7212,rl,228694,too_close,28,0.4911
7213,rl,228723,too_close,29,0.4282
7214,rl,228739,success,16,0.6736
7215,rl,228749,success,10,0.7889
7216,rl,228791,too_close,42,0.3289
7217,rl,228803,success,12,0.7485
7218,rl,228820,success,17,0.6561
7219,rl,228829,success,9,0.81
7220,rl,228851,success,22,0.5751
7221,rl,228863,success,12,0.7485
7222,rl,228887,too_close,24,0.5051
7223,rl,228905,success,18,0.639
7224,rl,228939,too_close,34,0.3992
7225,rl,228974,too_close,35,0.3928
7226,rl,228992,success,18,0.639
7227,rl,229028,success,36,0.3978
7228,rl,229036,success,8,0.8316
7229,rl,229064,too_close,28,0.418
7230,rl,229071,success,7,0.8538
7231,rl,229096,collision,25,-0.1435
7232,rl,229137,too_close,41,0.3487
7233,rl,229162,too_close,25,0.5158
7234,rl,229165,success,3,0.9487
7235,rl,229179,too_close,14,-0.2092
7236,rl,229210,too_close,31,0.4329
7237,rl,229216,success,6,0.8766
7238,rl,229242,success,26,0.5176
7239,rl,229257,success,15,0.6916
7240,rl,229293,too_close,36,0.3978
7241,rl,229324,too_close,31,0.4538
7242,rl,229352,too_close,28,0.4911
7243,rl,229365,success,13,0.729
7244,rl,229386,too_close,21,0.5905
7245,rl,229424,too_close,38,0.3773
7246,rl,229472,too_close,48,0.2023
7247,rl,229508,collision,36,-0.1014
7248,rl,229515,success,7,0.8538
7249,rl,229543,too_close,28,0.4911
7250,rl,229570,success,27,0.5042
7251,rl,229585,success,15,0.6916
7252,rl,229600,collision,15,-0.1922
7253,rl,229613,too_close,13,0.729
7254,rl,229635,collision,22,-0.192
7255,rl,229697,too_close,62,0.2005
7256,rl,229708,too_close,11,0.7615
7257,rl,229732,too_close,24,0.5456
7258,rl,229754,success,22,0.5751
7259,rl,229762,success,8,0.8316
7260,rl,229819,too_close,57,0.2279
7261,rl,229833,success,14,0.71
7262,rl,229867,too_close,34,0.36
7263,rl,229904,too_close,37,0.3733
7264,rl,229952,too_close,48,0.2509
7265,rl,229963,too_close,11,0.7163
7266,rl,229966,success,3,0.9487
7267,rl,229982,too_close,16,0.6736
7268,rl,230016,collision,34,-0.1048
7269,rl,230042,too_close,26,0.5068
7270,rl,230095,collision,53,-0.0651
7271,rl,230109,too_close,14,0.71
7272,rl,230138,too_close,29,0.4778
7273,rl,230154,success,16,0.6736
7274,rl,230176,success,22,0.5751
7275,rl,230238,too_close,62,0.1593
7276,rl,230276,too_close,38,0.3773
7277,rl,230279,success,3,0.9487
7278,rl,230283,success,4,0.924
7279,rl,230312,too_close,29,0.4783
7280,rl,230331,success,19,0.6224
7281,rl,230345,success,14,0.71
7282,rl,230354,success,9,0.81
7283,rl,230378,too_close,24,0.5344
7284,rl,230402,too_close,24,0.5456
7285,rl,230419,success,17,0.6561
7286,rl,230444,success,25,0.5314
7287,rl,230453,success,9,0.81
7288,rl,230460,success,7,0.8538
7289,rl,230510,too_close,50,0.2628
7290,rl,230548,collision,38,-0.1014
7291,rl,230592,collision,44,-0.089
7292,rl,230598,success,6,0.8766
7293,rl,230612,success,14,0.71
7294,rl,230613,collision,1,-0.25
7295,rl,230622,collision,9,-0.2025
7296,rl,230667,success,45,0.3138
7297,rl,230673,too_close,6,-0.2621
7298,rl,230726,too_close,53,0.2093
7299,rl,230736,success,10,0.7881
7300,rl,230741,collision,5,-0.2684
7301,rl,230752,too_close,11,0.763
7302,rl,230756,success,4,0.924
7303,rl,230783,success,27,0.5042
7304,rl,230799,too_close,16,0.6736
7305,rl,230810,success,11,0.7684
7306,rl,230833,success,23,0.5602
7307,rl,230848,success,15,0.6916
7308,rl,230881,too_close,33,0.4046
7309,rl,230908,success,27,0.5042
7310,rl,230936,too_close,28,0.4567
7311,rl,230959,too_close,23,0.5016
7312,rl,230992,success,33,0.4305
7313,rl,231009,success,17,0.6561
7314,rl,231019,success,10,0.7889
7315,rl,231045,too_close,26,0.5176
7316,rl,231061,too_close,16,0.6653
7317,rl,231121,too_close,60,0.2114
7318,rl,231150,success,29,0.4783
7319,rl,231185,success,35,0.4084
7320,rl,231202,collision,17,-0.1645
7321,rl,231219,too_close,17,0.6558
7322,rl,231228,too_close,9,0.81
7323,rl,231276,too_close,48,0.1971
7324,rl,231292,too_close,16,0.6736
7325,rl,231322,too_close,30,0.4615
7326,rl,231342,too_close,20,0.5961
7327,rl,231375,too_close,33,0.4288
7328,rl,231409,collision,34,-0.1447
7329,rl,231417,success,8,0.8316
7330,rl,231454,too_close,37,0.3874
7331,rl,231490,success,36,0.3978
7332,rl,231512,success,22,0.5751
7333,rl,231537,too_close,25,0.5215
7334,rl,231554,too_close,17,0.6561
7335,rl,231581,too_close,27,0.4258
7336,rl,231601,collision,20,-0.1705
7337,rl,231606,success,5,0.9
7338,rl,231635,success,29,0.4783
7339,rl,231672,too_close,37,0.3681
7340,rl,231696,success,24,0.5456
7341,rl,231709,success,13,0.729
7342,rl,231723,success,14,0.71
7343,rl,231737,success,14,0.71
7344,rl,231752,too_close,15,0.6909
7345,rl,231779,too_close,27,0.4976
7346,rl,231803,collision,24,-0.1364
7347,rl,231806,success,3,0.9487
7348,rl,231810,success,4,0.924
7349,rl,231814,success,4,0.924
7350,rl,231837,success,23,0.5602
7351,rl,231877,success,40,0.358
7352,rl,231909,success,32,0.442
7353,rl,231918,success,9,0.81
7354,rl,231963,too_close,45,0.279
7355,rl,232003,too_close,40,0.358
7356,rl,232034,too_close,31,0.4538
7357,rl,232039,success,5,0.9
7358,rl,232047,success,8,0.8316
7359,rl,232054,success,7,0.8538
7360,rl,232068,success,14,0.71
7361,rl,232077,too_close,9,0.809
7362,rl,232127,too_close,50,0.2614
7363,rl,232166,too_close,39,0.3528
7364,rl,232169,collision,3,-0.2742
7365,rl,232201,too_close,32,0.4385
7366,rl,232215,too_close,14,0.71
7367,rl,232248,success,33,0.4305
7368,rl,232271,collision,23,-0.1581
7369,rl,232286,too_close,15,0.6916
7370,rl,232289,collision,3,-0.2372
7371,rl,232316,too_close,27,0.4719
7372,rl,232325,too_close,9,0.81
7373,rl,232367,success,42,0.3396
7374,rl,232389,too_close,22,0.5726
7375,rl,232418,success,29,0.4783
7376,rl,232439,success,21,0.5905
7377,rl,232458,collision,19,-0.1636
7378,rl,232495,too_close,37,0.3864
7379,rl,232501,success,6,0.8766
7380,rl,232532,success,31,0.4538
7381,rl,232545,collision,13,-0.2114
7382,rl,232579,too_close,34,0.4193
7383,rl,232587,success,8,0.8316
7384,rl,232594,success,7,0.8538
7385,rl,232631,success,37,0.3874
7386,rl,232652,too_close,21,0.5905
7387,rl,232680,collision,28,-0.1322
7388,rl,232696,success,16,0.6736
7389,rl,232722,too_close,26,0.5176
7390,rl,232732,success,10,0.7889
7391,rl,232759,success,27,0.5042
7392,rl,232767,success,8,0.8316
7393,rl,232787,success,20,0.6063
7394,rl,232798,success,11,0.7684
7395,rl,232807,success,9,0.8083
7396,rl,232824,success,17,0.6561
7397,rl,232848,too_close,24,0.5454
7398,rl,232874,too_close,26,0.4725
7399,rl,232899,too_close,25,0.4727
7400,rl,232921,too_close,22,0.5751
7401,rl,232923,success,2,0.974
7402,rl,232939,collision,16,-0.1886
7403,rl,232969,success,30,0.4659
7404,rl,232985,success,16,0.6736
7405,rl,233021,too_close,36,0.3972
7406,rl,233045,success,24,0.5456
7407,rl,233064,success,19,0.6224
7408,rl,233088,success,24,0.5456
7409,rl,233134,too_close,46,0.3004
7410,rl,233168,too_close,34,0.4081
7411,rl,233179,success,11,0.7684
7412,rl,233211,too_close,32,0.4088
7413,rl,233258,too_close,47,0.2802
7414,rl,233308,too_close,50,0.2675
7415,rl,233333,too_close,25,0.5206
7416,rl,233354,success,21,0.5905
7417,rl,233379,too_close,25,0.5266
7418,rl,233398,too_close,19,0.6224
7419,rl,233403,success,5,0.9
7420,rl,233411,success,8,0.8316
7421,rl,233421,success,10,0.7889
7422,rl,233462,too_close,41,0.3487
7423,rl,233487,too_close,25,0.5272
7424,rl,233528,too_close,41,0.3186
7425,rl,233544,success,16,0.6736
7426,rl,233560,success,16,0.6736
7427,rl,233590,success,30,0.4659
7428,rl,233608,success,18,0.639
7429,rl,233619,success,11,0.7684
7430,rl,233638,collision,19,-0.156
7431,rl,233670,collision,32,-0.1482
7432,rl,233700,success,30,0.4659
7433,rl,233702,success,2,0.974
7434,rl,233714,success,12,0.7485
7435,rl,233731,collision,17,-0.1689
7436,rl,233741,success,10,0.7889
7437,rl,233750,too_close,9,0.81
7438,rl,233770,too_close,20,0.6063
7439,rl,233802,too_close,32,0.4107
7440,rl,233814,success,12,0.7485
7441,rl,233844,too_close,30,0.4551
7442,rl,233866,success,22,0.5751
7443,rl,233948,too_close,82,0.0697
7444,rl,233970,success,22,0.5751
7445,rl,233988,success,18,0.639
7446,rl,234003,success,15,0.6916
7447,rl,234008,success,5,0.9
7448,rl,234017,too_close,9,0.81
7449,rl,234057,too_close,40,0.3554
7450,rl,234070,success,13,0.729
7451,rl,234086,too_close,16,0.6736
7452,rl,234093,success,7,0.8538
7453,rl,234108,success,15,0.6916
7454,rl,234116,success,8,0.8316
7455,rl,234128,success,12,0.7485
7456,rl,234189,success,61,0.2059
7457,rl,234212,success,23,0.5602
7458,rl,234225,collision,13,-0.1986
7459,rl,234237,success,12,0.7485
7460,rl,234243,collision,6,-0.25
7461,rl,234285,too_close,42,0.2593
7462,rl,234322,too_close,37,0.3711
7463,rl,234328,success,6,0.8766
7464,rl,234366,too_close,38,0.3385
7465,rl,234402,too_close,36,0.3534
7466,rl,234409,collision,7,-0.2135
7467,rl,234427,too_close,18,0.639
7468,rl,234474,success,47,0.2977
7469,rl,234492,too_close,18,0.6143
7470,rl,234513,success,21,0.5905
7471,rl,234558,success,45,0.3138
7472,rl,234598,too_close,40,0.3443
7473,rl,234624,success,26,0.5176
7474,rl,234671,too_close,47,0.2693
7475,rl,234696,success,25,0.5314
7476,rl,234716,success,20,0.6063
7477,rl,234758,success,42,0.3396
7478,rl,234795,too_close,37,0.3601
7479,rl,234827,success,32,0.442
7480,rl,234845,success,18,0.639
7481,rl,234859,success,14,0.71
7482,rl,234864,success,5,0.9
7483,rl,234868,collision,4,-0.2582
7484,rl,234885,success,17,0.6561
7485,rl,234917,too_close,32,0.442
7486,rl,234936,success,19,0.6224
7487,rl,234952,success,16,0.6736
7488,rl,234979,success,27,0.5042
7489,rl,235005,too_close,26,0.5161
7490,rl,235028,success,23,0.5602
7491,rl,235050,too_close,22,0.5256
7492,rl,235070,collision,20,-0.1726
7493,rl,235089,success,19,0.6224
7494,rl,235094,success,5,0.9
7495,rl,235111,too_close,17,0.64
7496,rl,235139,too_close,28,0.3741
7497,rl,235153,too_close,14,0.71
7498,rl,235181,success,28,0.4911
7499,rl,235189,success,8,0.8316
7500,rl,235197,success,8,0.8316
7501,rl,235214,success,17,0.6561
7502,rl,235256,too_close,42,0.2966
7503,rl,235280,collision,24,-0.1426
7504,rl,235298,success,18,0.639
7505,rl,235306,success,8,0.8316
7506,rl,235328,too_close,22,0.5615
7507,rl,235359,too_close,31,0.3696
7508,rl,235386,success,27,0.5042
7509,rl,235392,success,6,0.8766
7510,rl,235413,too_close,21,0.5381
7511,rl,235433,success,20,0.6063
7512,rl,235480,too_close,47,0.1927
7513,rl,235496,too_close,16,0.6736
7514,rl,235508,success,12,0.7485
7515,rl,235532,collision,24,-0.149
7516,rl,235547,success,15,0.6916
7517,rl,235558,collision,11,-0.2126
7518,rl,235605,too_close,47,0.2977
7519,rl,235640,success,35,0.4084
7520,rl,235654,too_close,14,0.71
7521,rl,235697,too_close,43,0.3148
7522,rl,235709,success,12,0.7485
7523,rl,235737,too_close,28,0.4776
7524,rl,235747,success,10,0.7889
7525,rl,235777,too_close,30,0.4659
7526,rl,235803,too_close,26,0.5162
7527,rl,235809,collision,6,-0.24
7528,rl,235840,collision,31,-0.1219
7529,rl,235844,success,4,0.924
7530,rl,235848,success,4,0.924
7531,rl,235866,too_close,18,0.6038
7532,rl,235898,too_close,32,0.442
7533,rl,235905,too_close,7,0.8538
7534,rl,235906,collision,1,-0.25
7535,rl,235935,too_close,29,0.4783
7536,rl,235949,too_close,14,0.7024
7537,rl,235963,success,14,0.71
7538,rl,235999,too_close,36,0.3776
7539,rl,236013,success,14,0.71
7540,rl,236030,collision,17,-0.1713
7541,rl,236044,too_close,14,0.621
7542,rl,236068,too_close,24,0.5456
7543,rl,236106,too_close,38,0.3701
7544,rl,236122,success,16,0.6736
7545,rl,236158,too_close,36,0.3978
7546,rl,236175,success,17,0.6561
7547,rl,236201,too_close,26,0.5029
7548,rl,236227,too_close,26,0.4746
7549,rl,236273,success,46,0.3057
7550,rl,236285,success,12,0.7485
7551,rl,236319,too_close,34,0.3914
7552,rl,236340,too_close,21,0.5903
7553,rl,236375,success,35,0.4084
7554,rl,236400,success,25,0.5314
7555,rl,236432,too_close,32,0.4379
7556,rl,236437,too_close,5,0.8829
7557,rl,236459,collision,22,-0.1709
7558,rl,236510,too_close,51,0.2583
7559,rl,236523,success,13,0.729
7560,rl,236552,success,29,0.4783
7561,rl,236600,too_close,48,0.2891
7562,rl,236668,success,68,0.1712
7563,rl,236676,success,8,0.8316
7564,rl,236703,too_close,27,0.4751
7565,rl,236722,success,19,0.6224
7566,rl,236723,collision,1,-0.25
7567,rl,236767,too_close,44,0.3222
7568,rl,236787,too_close,20,0.6058
7569,rl,236793,success,6,0.8766
7570,rl,236796,success,3,0.9487
7571,rl,236819,success,23,0.5602
7572,rl,236875,too_close,56,0.2034
7573,rl,236910,too_close,35,0.3559
7574,rl,236920,success,10,0.7889
7575,rl,236925,success,5,0.9
7576,rl,236973,success,48,0.29
7577,rl,237014,too_close,41,0.3472
7578,rl,237046,too_close,32,0.442
7579,rl,237076,too_close,30,0.4504
7580,rl,237109,too_close,33,0.418
7581,rl,237155,too_close,46,0.3057
7582,rl,237156,collision,1,-0.25
7583,rl,237175,too_close,19,0.6224
7584,rl,237217,too_close,42,0.3396
7585,rl,237233,too_close,16,0.6736
7586,rl,237268,too_close,35,0.4084
7587,rl,237292,success,24,0.5456
7588,rl,237336,too_close,44,0.2242
7589,rl,237339,success,3,0.9487
7590,rl,237368,success,29,0.4783
7591,rl,237382,success,14,0.71
7592,rl,237408,too_close,26,0.5049
7593,rl,237436,too_close,28,0.4891
7594,rl,237486,success,50,0.2751
7595,rl,237516,success,30,0.4659
7596,rl,237548,success,32,0.442
7597,rl,237588,too_close,40,0.3249
7598,rl,237594,success,6,0.8766
7599,rl,237611,success,17,0.6561
7600,rl,237635,collision,24,-0.1705
7601,rl,237644,collision,9,-0.2105
7602,rl,237658,collision,14,-0.2066
7603,rl,237669,success,11,0.7684
7604,rl,237678,success,9,0.81
7605,rl,237684,success,6,0.8766
7606,rl,237723,too_close,39,0.3495
7607,rl,237749,success,26,0.5176
7608,rl,237761,success,12,0.7485
7609,rl,237778,collision,17,-0.2349
7610,rl,237826,too_close,48,0.2829
7611,rl,237838,collision,12,-0.1968
7612,rl,237847,collision,9,-0.2139
7613,rl,237879,too_close,32,0.4243
7614,rl,237894,success,15,0.6916
7615,rl,237905,too_close,11,0.7553
7616,rl,237911,collision,6,-0.2192
7617,rl,237953,success,42,0.3396
7618,rl,237967,success,14,0.71
7619,rl,238007,too_close,40,0.358
7620,rl,238023,too_close,16,0.6736
7621,rl,238038,success,15,0.6916
7622,rl,238054,too_close,16,0.6636
7623,rl,238079,too_close,25,0.5314
7624,rl,238105,success,26,0.5176
7625,rl,238110,success,5,0.9
7626,rl,238183,success,73,0.1501
7627,rl,238217,too_close,34,0.4193
7628,rl,238226,success,9,0.81
7629,rl,238239,success,13,0.729
7630,rl,238241,success,2,0.974
7631,rl,238246,too_close,5,0.8922
7632,rl,238251,success,5,0.9
7633,rl,238287,too_close,36,0.3743
7634,rl,238308,too_close,21,0.5905
7635,rl,238314,success,6,0.8766
7636,rl,238321,success,7,0.8538
7637,rl,238343,too_close,22,0.5751
7638,rl,238377,success,34,0.4193
7639,rl,238402,success,25,0.5314
7640,rl,238445,too_close,43,0.3199
7641,rl,238476,too_close,31,0.3954
7642,rl,238483,success,7,0.8538
7643,rl,238513,success,30,0.4659
7644,rl,238540,success,27,0.5042
7645,rl,238544,success,4,0.924
7646,rl,238551,too_close,7,0.8355
7647,rl,238562,success,11,0.7684
7648,rl,238598,too_close,36,0.3877
7649,rl,238634,too_close,36,0.3927
7650,rl,238648,too_close,14,0.684
7651,rl,238662,success,14,0.71
7652,rl,238685,success,23,0.5602
7653,rl,238702,success,17,0.6561
7654,rl,238720,success,18,0.639
7655,rl,238725,success,5,0.9
7656,rl,238729,success,4,0.924
7657,rl,238752,success,23,0.5602
7658,rl,238774,too_close,22,0.5751
7659,rl,238799,too_close,25,0.5314
7660,rl,238805,success,6,0.8766
7661,rl,238824,too_close,19,0.6224
7662,rl,238845,success,21,0.5905
7663,rl,238874,success,29,0.4783
7664,rl,238894,too_close,20,0.6063
7665,rl,238902,success,8,0.8316
7666,rl,238924,too_close,22,0.5751
7667,rl,238942,too_close,18,0.639
7668,rl,238948,collision,6,-0.2557
7669,rl,238976,success,28,0.4911
7670,rl,239005,too_close,29,0.4783
7671,rl,239035,success,30,0.4659
7672,rl,239059,too_close,24,0.4955
7673,rl,239076,success,17,0.6561
7674,rl,239077,collision,1,-0.25
7675,rl,239112,too_close,35,0.4058
7676,rl,239132,too_close,20,0.6002
7677,rl,239148,success,16,0.6736
7678,rl,239185,too_close,37,0.3874
7679,rl,239212,too_close,27,0.5039
7680,rl,239228,collision,16,-0.1711
7681,rl,239243,collision,15,-0.2123
7682,rl,239256,too_close,13,0.729
7683,rl,239277,too_close,21,0.5905
7684,rl,239288,success,11,0.7684
7685,rl,239292,success,4,0.924
7686,rl,239302,success,10,0.7889
7687,rl,239329,too_close,27,0.4629
7688,rl,239346,success,17,0.6561
7689,rl,239378,too_close,32,0.4257
7690,rl,239415,too_close,37,0.3874
7691,rl,239456,too_close,41,0.2936
7692,rl,239481,collision,25,-0.1879
7693,rl,239492,success,11,0.7684
7694,rl,239510,too_close,18,0.5784
7695,rl,239525,success,15,0.6916
7696,rl,239558,too_close,33,0.3923
7697,rl,239568,success,10,0.7889
7698,rl,239594,success,26,0.5176
7699,rl,239602,success,8,0.8316
7700,rl,239632,success,30,0.4659
7701,rl,239656,success,24,0.5456
7702,rl,239674,collision,18,-0.181
7703,rl,239699,too_close,25,0.5262
7704,rl,239728,too_close,29,0.4783
7705,rl,239750,too_close,22,0.5751
7706,rl,239773,success,23,0.5602
7707,rl,239778,success,5,0.9
7708,rl,239799,success,21,0.5905
7709,rl,239804,success,5,0.9
7710,rl,239833,collision,29,-0.1316
7711,rl,239842,collision,9,-0.2154
7712,rl,239853,success,11,0.7684
7713,rl,239887,too_close,34,0.4184
7714,rl,239930,too_close,43,0.3038
7715,rl,239964,too_close,34,0.3817
7716,rl,240004,too_close,40,0.3119
7717,rl,240049,too_close,45,0.2602
7718,rl,240068,success,19,0.6224
7719,rl,240117,too_close,49,0.2787
7720,rl,240136,success,19,0.6224
7721,rl,240146,success,10,0.7889
7722,rl,240157,too_close,11,0.7656
7723,rl,240165,success,8,0.8316
7724,rl,240166,collision,1,-0.25
7725,rl,240169,collision,3,-0.2539
7726,rl,240183,success,14,0.71
7727,rl,240197,success,14,0.71
7728,rl,240229,success,32,0.442
7729,rl,240258,too_close,29,0.4781
7730,rl,240267,success,9,0.81
7731,rl,240289,too_close,22,0.572
7732,rl,240298,success,9,0.81
7733,rl,240319,too_close,21,0.5905
7734,rl,240349,too_close,30,0.4517
7735,rl,240394,too_close,45,0.2818
7736,rl,240443,too_close,49,0.2824
7737,rl,240476,too_close,33,0.4305
7738,rl,240489,success,13,0.729
7739,rl,240512,success,23,0.5602
7740,rl,240542,success,30,0.4659
7741,rl,240579,collision,37,-0.1075
7742,rl,240600,success,21,0.5905
7743,rl,240637,too_close,37,0.3601
7744,rl,240649,success,12,0.7485
7745,rl,240656,success,7,0.8538
7746,rl,240674,success,18,0.639
7747,rl,240696,success,22,0.5751
7748,rl,240712,collision,16,-0.1856
7749,rl,240730,too_close,18,0.639
7750,rl,240767,too_close,37,0.3567
7751,rl,240792,too_close,25,0.5314
7752,rl,240817,too_close,25,0.5314
7753,rl,240836,too_close,19,0.6133
7754,rl,240883,success,47,0.2977
7755,rl,240902,success,19,0.6224
7756,rl,240939,too_close,37,0.3577
7757,rl,240953,too_close,14,0.6958
7758,rl,240967,success,14,0.71
7759,rl,241019,success,52,0.261
7760,rl,241045,too_close,26,0.5143
7761,rl,241072,too_close,27,0.4826
7762,rl,241094,collision,22,-0.1438
7763,rl,241106,success,12,0.7485
7764,rl,241140,too_close,34,0.4193
7765,rl,241145,too_close,5,0.8765
7766,rl,241152,success,7,0.8538
7767,rl,241174,too_close,22,0.5751
7768,rl,241195,success,21,0.5905
7769,rl,241222,too_close,27,0.5042
7770,rl,241228,success,6,0.8766
7771,rl,241258,too_close,30,0.3999
7772,rl,241271,success,13,0.729
7773,rl,241287,success,16,0.6736
7774,rl,241293,success,6,0.8766
7775,rl,241298,collision,5,-0.225
7776,rl,241324,success,26,0.5176
7777,rl,241359,success,35,0.4084
7778,rl,241391,too_close,32,0.442
7779,rl,241410,too_close,19,0.6224
7780,rl,241425,too_close,15,0.6916
7781,rl,241456,too_close,31,0.4538
7782,rl,241475,too_close,19,0.6224
7783,rl,241503,too_close,28,0.4615
7784,rl,241543,collision,40,-0.125
7785,rl,241577,too_close,34,0.4018
7786,rl,241590,success,13,0.729
7787,rl,241616,success,26,0.5176
7788,rl,241642,too_close,26,0.5176
7789,rl,241650,collision,8,-0.2081
7790,rl,241671,too_close,21,0.5905
7791,rl,241689,success,18,0.639
7792,rl,241715,success,26,0.5176
7793,rl,241721,success,6,0.8766
7794,rl,241735,success,14,0.71
7795,rl,241763,too_close,28,0.4407
7796,rl,241771,success,8,0.8316
7797,rl,241803,success,32,0.442
7798,rl,241853,collision,50,-0.0989
7799,rl,241879,success,26,0.5176
7800,rl,241900,too_close,21,0.5905
7801,rl,241926,too_close,26,0.5176
7802,rl,241959,success,33,0.4305
7803,rl,241996,too_close,37,0.3874
7804,rl,242020,too_close,24,0.5299
7805,rl,242029,success,9,0.81
7806,rl,242065,success,36,0.3978
7807,rl,242087,success,22,0.5751
7808,rl,242117,too_close,30,0.4659
7809,rl,242128,success,11,0.7684
7810,rl,242147,too_close,19,0.6224
7811,rl,242152,success,5,0.9
7812,rl,242177,too_close,25,0.5307
7813,rl,242189,success,12,0.7485
7814,rl,242208,too_close,19,0.6121
7815,rl,242226,success,18,0.639
7816,rl,242267,success,41,0.3487
7817,rl,242318,too_close,51,0.2479
7818,rl,242322,success,4,0.924
7819,rl,242336,success,14,0.71
7820,rl,242350,collision,14,-0.214
7821,rl,242358,collision,8,-0.2251
7822,rl,242373,success,15,0.6916
7823,rl,242388,success,15,0.6916
7824,rl,242422,too_close,34,0.4193
7825,rl,242459,success,37,0.3874
7826,rl,242462,success,3,0.9487
7827,rl,242514,success,52,0.261
7828,rl,242543,too_close,29,0.4625
7829,rl,242560,success,17,0.6561
7830,rl,242579,too_close,19,0.6184
7831,rl,242606,too_close,27,0.5042
7832,rl,242637,success,31,0.4538
7833,rl,242674,too_close,37,0.3776
7834,rl,242679,success,5,0.9
7835,rl,242718,too_close,39,0.3675
7836,rl,242728,collision,10,-0.2268
7837,rl,242740,success,12,0.7485
7838,rl,242779,success,39,0.3675
7839,rl,242801,too_close,22,0.5751
7840,rl,242840,too_close,39,0.3675
7841,rl,242852,success,12,0.7485
7842,rl,242879,success,27,0.5042
7843,rl,242933,too_close,54,0.2326
7844,rl,242942,success,9,0.81
7845,rl,242963,success,21,0.5905
7846,rl,243000,too_close,37,0.3796
7847,rl,243035,success,35,0.4084
7848,rl,243050,too_close,15,0.6916
7849,rl,243067,success,17,0.6561
7850,rl,243077,success,10,0.7889
7851,rl,243115,too_close,38,0.3644
7852,rl,243122,success,7,0.8538
7853,rl,243140,too_close,18,0.639
7854,rl,243163,success,23,0.5602
7855,rl,243193,too_close,30,0.4328
7856,rl,243209,too_close,16,0.6709
7857,rl,243245,success,36,0.3978
7858,rl,243263,too_close,18,0.6341
7859,rl,243281,success,18,0.639
7860,rl,243309,success,28,0.4911
7861,rl,243325,too_close,16,0.6736
7862,rl,243363,too_close,38,0.3773
7863,rl,243390,success,27,0.5042
7864,rl,243402,success,12,0.7485
7865,rl,243419,too_close,17,0.6352
7866,rl,243462,success,43,0.3308
7867,rl,243487,too_close,25,0.4815
7868,rl,243523,too_close,36,0.392
7869,rl,243526,success,3,0.9487
7870,rl,243547,collision,21,-0.1543
7871,rl,243575,success,28,0.4911
7872,rl,243605,success,30,0.4659
7873,rl,243620,success,15,0.6916
7874,rl,243631,success,11,0.7684
7875,rl,243652,too_close,21,0.5905
7876,rl,243680,too_close,28,0.4673
7877,rl,243704,success,24,0.5456
7878,rl,243756,too_close,52,0.2482
7879,rl,243778,success,22,0.5751
7880,rl,243811,too_close,33,0.4303
7881,rl,243841,collision,30,-0.1479
7882,rl,243859,too_close,18,0.639
7883,rl,243871,success,12,0.7485
7884,rl,243894,too_close,23,0.5602
7885,rl,243918,too_close,24,0.5339
7886,rl,243944,too_close,26,0.5035
7887,rl,243978,too_close,34,0.409
7888,rl,243995,success,17,0.6561
7889,rl,244053,too_close,58,0.2145
7890,rl,244085,success,32,0.442
7891,rl,244128,success,43,0.3308
7892,rl,244132,success,4,0.924
7893,rl,244169,too_close,37,0.3863
7894,rl,244186,too_close,17,0.6395
7895,rl,244199,success,13,0.729
7896,rl,244223,success,24,0.5456
7897,rl,244257,collision,34,-0.1303
7898,rl,244264,success,7,0.8538
7899,rl,244277,success,13,0.729
7900,rl,244281,success,4,0.924
7901,rl,244296,success,15,0.6916
7902,rl,244309,success,13,0.729
7903,rl,244319,success,10,0.7889
7904,rl,244334,success,15,0.6916
7905,rl,244345,success,11,0.7684
7906,rl,244396,too_close,51,0.2564
7907,rl,244408,success,12,0.7485
7908,rl,244437,too_close,29,0.4622
7909,rl,244474,too_close,37,0.3508
7910,rl,244495,success,21,0.5905
7911,rl,244507,success,12,0.7485
7912,rl,244529,too_close,22,0.5751
7913,rl,244547,success,18,0.639
7914,rl,244553,success,6,0.8766
7915,rl,244576,too_close,23,0.5564
7916,rl,244593,too_close,17,0.6561
7917,rl,244602,collision,9,-0.2192
7918,rl,244629,success,27,0.5042
7919,rl,244639,success,10,0.7889
7920,rl,244657,success,18,0.639
7921,rl,244672,success,15,0.6916
7922,rl,244711,too_close,39,0.2507
7923,rl,244758,too_close,47,0.2508
7924,rl,244797,too_close,39,0.3554
7925,rl,244834,success,37,0.3874
7926,rl,244890,too_close,56,0.2171
7927,rl,244917,success,27,0.5042
7928,rl,244953,success,36,0.3978
7929,rl,244981,too_close,28,0.4911
7930,rl,245015,success,34,0.4193
7931,rl,245051,success,36,0.3978
7932,rl,245062,success,11,0.7684
7933,rl,245068,success,6,0.8766
7934,rl,245114,too_close,46,0.2943
7935,rl,245145,too_close,31,0.4058
7936,rl,245161,too_close,16,0.6717
7937,rl,245183,too_close,22,0.5732
7938,rl,245224,too_close,41,0.3386
7939,rl,245232,too_close,8,0.814
7940,rl,245245,success,13,0.729
7941,rl,245274,too_close,29,0.4783
7942,rl,245284,success,10,0.7889
7943,rl,245311,too_close,27,0.5019
7944,rl,245324,success,13,0.729
7945,rl,245371,too_close,47,0.2977
7946,rl,245390,too_close,19,0.6224
7947,rl,245402,success,12,0.7485
7948,rl,245434,too_close,32,0.4069
7949,rl,245468,too_close,34,0.4193
7950,rl,245481,too_close,13,0.7066
7951,rl,245523,too_close,42,0.3174
7952,rl,245538,success,15,0.6916
7953,rl,245555,success,17,0.6561
7954,rl,245636,too_close,81,0.1156
7955,rl,245645,success,9,0.81
7956,rl,245648,success,3,0.9487
7957,rl,245657,too_close,9,0.7143
7958,rl,245669,success,12,0.7485
7959,rl,245706,success,37,0.3874
7960,rl,245717,success,11,0.7684
7961,rl,245733,too_close,16,0.6736
7962,rl,245741,success,8,0.8316
7963,rl,245765,success,24,0.5456
7964,rl,245772,success,7,0.8538
7965,rl,245840,too_close,68,0.1709
7966,rl,245864,success,24,0.5456
7967,rl,245919,too_close,55,0.2411
7968,rl,245950,too_close,31,0.4299
7969,rl,245978,too_close,28,0.4911
7970,rl,245991,too_close,13,0.729
7971,rl,246023,success,32,0.442
7972,rl,246043,too_close,20,0.572
7973,rl,246082,too_close,39,0.3181
7974,rl,246099,collision,17,-0.2295
7975,rl,246143,too_close,44,0.2959
7976,rl,246169,success,26,0.5176
7977,rl,246187,too_close,18,0.639
7978,rl,246200,collision,13,-0.1823
7979,rl,246244,too_close,44,0.3222
7980,rl,246261,success,17,0.6561
7981,rl,246286,success,25,0.5314
7982,rl,246313,too_close,27,0.497
7983,rl,246333,too_close,20,0.5999
7984,rl,246344,success,11,0.7684
7985,rl,246386,too_close,42,0.2976
7986,rl,246417,success,31,0.4538
7987,rl,246441,too_close,24,0.5188
7988,rl,246518,too_close,77,0.1325
7989,rl,246563,too_close,45,0.2878
7990,rl,246596,too_close,33,0.4305
7991,rl,246611,success,15,0.6916
7992,rl,246652,too_close,41,0.3487
7993,rl,246665,success,13,0.729
7994,rl,246686,too_close,21,0.5789
7995,rl,246697,too_close,11,0.7684
7996,rl,246728,too_close,31,0.4503
7997,rl,246788,too_close,60,0.2114
7998,rl,246823,too_close,35,0.3962
7999,rl,246831,success,8,0.8316
8000,rl,246866,too_close,35,0.3865
8001,rl,246875,success,9,0.81
8002,rl,246895,too_close,20,0.6023
8003,rl,246916,too_close,21,0.5905
8004,rl,246948,collision,32,-0.1145
8005,rl,246987,too_close,39,0.3607
8006,rl,247011,success,24,0.5456
8007,rl,247023,success,12,0.7485
8008,rl,247067,success,44,0.3222
8009,rl,247096,too_close,29,0.4444
8010,rl,247126,too_close,30,0.4659
8011,rl,247153,too_close,27,0.4294
8012,rl,247183,success,30,0.4659
8013,rl,247195,success,12,0.7485
8014,rl,247223,too_close,28,0.4481
8015,rl,247260,collision,37,-0.0969
8016,rl,247285,success,25,0.5314
8017,rl,247317,too_close,32,0.4258
8018,rl,247330,success,13,0.729
8019,rl,247336,collision,6,-0.2196
8020,rl,247350,success,14,0.71
8021,rl,247364,success,14,0.71
8022,rl,247388,success,24,0.5456
8023,rl,247421,success,33,0.4305
8024,rl,247428,success,7,0.8538
8025,rl,247460,too_close,32,0.4289
8026,rl,247466,success,6,0.8766
8027,rl,247498,too_close,32,0.442
8028,rl,247513,success,15,0.6916
8029,rl,247538,too_close,25,0.5038
8030,rl,247542,success,4,0.924
8031,rl,247569,success,27,0.5042
8032,rl,247583,success,14,0.71
8033,rl,247621,too_close,38,0.3772
8034,rl,247649,too_close,28,0.4911
8035,rl,247697,too_close,48,0.2655
8036,rl,247706,success,9,0.81
8037,rl,247736,too_close,30,0.4659
8038,rl,247759,collision,23,-0.1404
8039,rl,247796,too_close,37,0.3531
8040,rl,247822,collision,26,-0.1367
8041,rl,247831,collision,9,-0.2159
8042,rl,247848,success,17,0.6561
8043,rl,247854,success,6,0.8766
8044,rl,247876,success,22,0.5751
8045,rl,247910,too_close,34,0.4189
8046,rl,247947,success,37,0.3874
8047,rl,247962,success,15,0.6916
8048,rl,247973,success,11,0.7684
8049,rl,248007,too_close,34,0.4187
8050,rl,248027,too_close,20,0.5314
8051,rl,248043,too_close,16,0.6727
8052,rl,248062,success,19,0.6224
8053,rl,248105,too_close,43,0.3299
8054,rl,248119,success,14,0.71
8055,rl,248153,collision,34,-0.1175
8056,rl,248169,success,16,0.6736
8057,rl,248195,too_close,26,0.4736
8058,rl,248202,success,7,0.8538
8059,rl,248238,too_close,36,0.3978
8060,rl,248272,too_close,34,0.3842
8061,rl,248299,too_close,27,0.4566
8062,rl,248313,success,14,0.71
8063,rl,248359,too_close,46,0.3057
8064,rl,248387,too_close,28,0.4819
8065,rl,248392,success,5,0.9
8066,rl,248411,success,19,0.6224
8067,rl,248426,success,15,0.6916
8068,rl,248471,too_close,45,0.2972
8069,rl,248515,too_close,44,0.3185
8070,rl,248545,too_close,30,0.4407
8071,rl,248553,too_close,8,0.8157
8072,rl,248586,too_close,33,0.4305
8073,rl,248615,too_close,29,0.4783
8074,rl,248637,collision,22,-0.1438
8075,rl,248672,too_close,35,0.3882
8076,rl,248675,collision,3,-0.2444
8077,rl,248680,success,5,0.9
8078,rl,248686,success,6,0.8766
8079,rl,248697,success,11,0.7684
8080,rl,248705,success,8,0.8316
8081,rl,248714,collision,9,-0.2025
8082,rl,248720,success,6,0.8766
8083,rl,248742,success,22,0.5751
8084,rl,248748,too_close,6,0.827
8085,rl,248779,too_close,31,0.4538
8086,rl,248798,too_close,19,0.6149
8087,rl,248816,too_close,18,0.639
8088,rl,248839,too_close,23,0.5602
8089,rl,248847,success,8,0.8316
8090,rl,248868,too_close,21,0.5816
8091,rl,248880,collision,12,-0.2029
8092,rl,248897,success,17,0.6561
8093,rl,248923,too_close,26,0.5166
8094,rl,248956,success,33,0.4305
8095,rl,248969,success,13,0.729
8096,rl,248991,too_close,22,0.5724
8097,rl,249008,success,17,0.6561
8098,rl,249027,too_close,19,0.6184
8099,rl,249041,too_close,14,0.6981
8100,rl,249051,success,10,0.7889
8101,rl,249056,success,5,0.9
8102,rl,249062,too_close,6,0.8766
8103,rl,249099,too_close,37,0.3874
8104,rl,249107,success,8,0.8316
8105,rl,249112,success,5,0.9
8106,rl,249138,too_close,26,0.5176
8107,rl,249178,collision,40,-0.1921
8108,rl,249215,success,37,0.3874
8109,rl,249242,too_close,27,0.4946
8110,rl,249269,success,27,0.5042
8111,rl,249281,success,12,0.7485
8112,rl,249310,too_close,29,0.4783
8113,rl,249342,too_close,32,0.4374
8114,rl,249373,too_close,31,0.4538
8115,rl,249404,success,31,0.4538
8116,rl,249409,success,5,0.9
8117,rl,249418,success,9,0.81
8118,rl,249438,too_close,20,0.6063
8119,rl,249464,success,26,0.5176
8120,rl,249494,too_close,30,0.4289
8121,rl,249514,too_close,20,0.6063
8122,rl,249517,success,3,0.9487
8123,rl,249523,success,6,0.8766
8124,rl,249528,success,5,0.9
8125,rl,249565,too_close,37,0.3551
8126,rl,249582,success,17,0.6561
8127,rl,249606,too_close,24,0.5413
8128,rl,249616,success,10,0.7889
8129,rl,249622,success,6,0.8766
8130,rl,249638,too_close,16,0.6519
8131,rl,249666,success,28,0.4911
8132,rl,249706,too_close,40,0.358
8133,rl,249728,success,22,0.5751
8134,rl,249756,too_close,28,0.4641
8135,rl,249791,too_close,35,0.4031
8136,rl,249795,success,4,0.924
8137,rl,249814,too_close,19,0.605
8138,rl,249850,too_close,36,0.3978
8139,rl,249881,success,31,0.4538
8140,rl,249918,too_close,37,0.3555
8141,rl,249929,success,11,0.7684
8142,rl,249971,too_close,42,0.3317
8143,rl,250000,success,29,0.4783
8144,rl,250007,too_close,7,0.8325
8145,rl,250025,success,18,0.639
8146,rl,250058,too_close,33,0.4305
8147,rl,250107,too_close,49,0.2602
8148,rl,250125,too_close,18,0.639
8149,rl,250159,collision,34,-0.1922
8150,rl,250181,too_close,22,0.5751
8151,rl,250211,too_close,30,0.4493
8152,rl,250236,too_close,25,0.4781
8153,rl,250264,too_close,28,0.4875
8154,rl,250272,success,8,0.8316
8155,rl,250316,too_close,44,0.3145
8156,rl,250330,too_close,14,0.7082
8157,rl,250352,too_close,22,0.565
8158,rl,250378,too_close,26,0.5176
8159,rl,250383,success,5,0.9
8160,rl,250391,success,8,0.8316
8161,rl,250421,success,30,0.4659
8162,rl,250446,success,25,0.5314
8163,rl,250477,success,31,0.4538
8164,rl,250518,too_close,41,0.338
8165,rl,250536,success,18,0.639
8166,rl,250572,success,36,0.3978
8167,rl,250585,success,13,0.729
8168,rl,250598,success,13,0.729
8169,rl,250605,success,7,0.8538
8170,rl,250639,too_close,34,0.3974
8171,rl,250647,too_close,8,0.7798
8172,rl,250669,too_close,22,0.5751
8173,rl,250695,success,26,0.5176
8174,rl,250723,too_close,28,0.4911
8175,rl,250737,too_close,14,0.7098
8176,rl,250750,collision,13,-0.1985
8177,rl,250770,too_close,20,0.5809
8178,rl,250800,success,30,0.4659
8179,rl,250815,too_close,15,0.6916
8180,rl,250836,too_close,21,0.5811
8181,rl,250866,too_close,30,0.4659
8182,rl,250885,too_close,19,0.6224
8183,rl,250912,success,27,0.5042
8184,rl,250951,too_close,39,0.3675
8185,rl,250983,too_close,32,0.442
8186,rl,251021,too_close,38,0.3566
8187,rl,251051,too_close,30,0.4659
8188,rl,251069,success,18,0.639
8189,rl,251093,too_close,24,0.5033
8190,rl,251110,too_close,17,0.6551
8191,rl,251167,too_close,57,0.2232
8192,rl,251195,too_close,28,0.4817
8193,rl,251214,too_close,19,0.6224
8194,rl,251233,success,19,0.6224
8195,rl,251246,too_close,13,0.7227
8196,rl,251285,too_close,39,0.3625
8197,rl,251336,too_close,51,0.2679
8198,rl,251353,success,17,0.6561
8199,rl,251363,too_close,10,0.7878
8200,rl,251374,success,11,0.7684
8201,rl,251390,too_close,16,0.6736
8202,rl,251446,too_close,56,0.2349
8203,rl,251459,success,13,0.729
8204,rl,251476,success,17,0.6561
8205,rl,251515,too_close,39,0.2881
8206,rl,251537,too_close,22,0.5667
8207,rl,251543,success,6,0.8766
8208,rl,251581,collision,38,-0.0999
8209,rl,251601,success,20,0.6041
8210,rl,251632,too_close,31,0.3235
8211,rl,251643,too_close,11,0.7684
8212,rl,251676,too_close,33,0.4274
8213,rl,251692,success,16,0.6736
8214,rl,251708,too_close,16,0.6736
8215,rl,251756,too_close,48,0.2827
8216,rl,251794,too_close,38,0.3614
8217,rl,251822,collision,28,-0.1284
8218,rl,251842,success,20,0.6063
8219,rl,251854,success,12,0.7485
8220,rl,251867,success,13,0.729
8221,rl,251884,success,17,0.6561
8222,rl,251894,success,10,0.7889
8223,rl,251921,success,27,0.5042
8224,rl,251927,success,6,0.8766
8225,rl,251937,too_close,10,0.781
8226,rl,251952,collision,15,-0.1869
8227,rl,251971,success,19,0.6224
8228,rl,251979,too_close,8,0.8192
8229,rl,251984,success,5,0.9
8230,rl,252007,success,23,0.5602
8231,rl,252044,too_close,37,0.3874
8232,rl,252070,too_close,26,0.4799
8233,rl,252107,too_close,37,0.3794
8234,rl,252114,success,7,0.8538
8235,rl,252146,too_close,32,0.442
8236,rl,252177,too_close,31,0.424
8237,rl,252211,too_close,34,0.4004
8238,rl,252227,too_close,16,0.6736
8239,rl,252274,too_close,47,0.2801
8240,rl,252310,too_close,36,0.3974
8241,rl,252346,too_close,36,0.3978
8242,rl,252356,success,10,0.7889
8243,rl,252376,too_close,20,0.5934
8244,rl,252382,success,6,0.8766
8245,rl,252420,too_close,38,0.3693
8246,rl,252428,too_close,8,0.8316
8247,rl,252451,too_close,23,0.5554
8248,rl,252470,too_close,19,0.6224
8249,rl,252494,too_close,24,0.5456
8250,rl,252526,too_close,32,0.442
8251,rl,252542,success,16,0.6736
8252,rl,252550,success,8,0.8316
8253,rl,252580,success,30,0.4659
8254,rl,252599,too_close,19,0.6224
8255,rl,252608,success,9,0.81
8256,rl,252651,success,43,0.3308
8257,rl,252677,too_close,26,-0.1679
8258,rl,252710,too_close,33,0.4305
8259,rl,252750,too_close,40,0.3393
8260,rl,252788,too_close,38,0.3762
8261,rl,252829,too_close,41,0.3487
8262,rl,252838,success,9,0.81
8263,rl,252873,too_close,35,0.3741
8264,rl,252909,success,36,0.3978
8265,rl,252916,too_close,7,0.8516
8266,rl,252950,too_close,34,0.4193
8267,rl,252996,too_close,46,0.3057
8268,rl,253002,collision,6,-0.2476
8269,rl,253016,success,14,0.71
8270,rl,253026,success,10,0.7889
8271,rl,253070,too_close,44,0.3183
8272,rl,253091,success,21,0.5905
8273,rl,253125,success,34,0.4193
8274,rl,253131,success,6,0.8766
8275,rl,253152,success,21,0.5905
8276,rl,253162,success,10,0.7889
8277,rl,253188,too_close,26,0.5175
8278,rl,253210,too_close,22,0.5751
8279,rl,253233,success,23,0.5602
8280,rl,253245,success,12,0.7485
8281,rl,253250,success,5,0.9
8282,rl,253280,too_close,30,0.4659
8283,rl,253320,too_close,40,0.358
8284,rl,253342,success,22,0.5751
8285,rl,253376,success,34,0.4193
8286,rl,253414,too_close,38,0.3773
8287,rl,253418,success,4,0.924
8288,rl,253432,success,14,0.71
8289,rl,253452,too_close,20,0.6063
8290,rl,253476,too_close,24,0.5136
8291,rl,253548,too_close,72,0.0983
8292,rl,253577,success,29,0.4783
8293,rl,253611,too_close,34,0.4193
8294,rl,253642,success,31,0.4538
8295,rl,253661,success,19,0.6224
8296,rl,253683,too_close,22,0.5751
8297,rl,253690,success,7,0.8538
8298,rl,253703,too_close,13,0.6786
8299,rl,253714,success,11,0.7684
8300,rl,253748,too_close,34,0.4193
8301,rl,253756,success,8,0.8316
8302,rl,253775,too_close,19,0.6224
8303,rl,253808,success,33,0.4305
8304,rl,253832,too_close,24,0.5014
8305,rl,253843,collision,11,-0.2043
8306,rl,253861,success,18,0.639
8307,rl,253886,too_close,25,0.5099
8308,rl,253931,too_close,45,0.3138
8309,rl,253961,too_close,30,0.4498
8310,rl,253972,collision,11,-0.2414
8311,rl,253995,success,23,0.5602
8312,rl,254006,too_close,11,0.7684
8313,rl,254019,success,13,0.729
8314,rl,254044,success,25,0.5314
8315,rl,254070,success,26,0.5176
8316,rl,254098,too_close,28,0.4911
8317,rl,254122,too_close,24,0.5348
8318,rl,254139,collision,17,-0.2009
8319,rl,254166,success,27,0.5042
8320,rl,254210,too_close,44,0.3125
8321,rl,254234,success,24,0.5456
8322,rl,254250,success,16,0.6736
8323,rl,254265,too_close,15,0.6916
8324,rl,254266,collision,1,-0.25
8325,rl,254278,collision,12,-0.2078
8326,rl,254288,success,10,0.7889
8327,rl,254317,success,29,0.4783
8328,rl,254350,too_close,33,0.414
8329,rl,254361,success,11,0.7684
8330,rl,254399,success,38,0.3773
8331,rl,254417,success,18,0.639
8332,rl,254432,success,15,0.6916
8333,rl,254469,too_close,37,0.3543
8334,rl,254506,too_close,37,0.3874
8335,rl,254538,too_close,32,0.4076
8336,rl,254555,collision,17,-0.1804
8337,rl,254584,success,29,0.4578
8338,rl,254604,success,20,0.6063
8339,rl,254609,success,5,0.9
8340,rl,254639,success,30,0.4659
8341,rl,254667,too_close,28,0.4871
8342,rl,254693,success,26,0.5176
8343,rl,254721,too_close,28,0.4911
8344,rl,254740,too_close,19,0.6138
8345,rl,254745,success,5,0.9
8346,rl,254776,success,31,0.4538
8347,rl,254785,success,9,0.81
8348,rl,254805,too_close,20,0.6063
8349,rl,254824,success,19,0.6224
8350,rl,254840,success,16,0.6736
8351,rl,254864,success,24,0.5456
8352,rl,254911,too_close,47,0.2974
8353,rl,254925,success,14,0.71
8354,rl,254985,too_close,60,0.1987
8355,rl,255021,too_close,36,0.3961
8356,rl,255032,too_close,11,0.7684
8357,rl,255049,collision,17,-0.169
8358,rl,255054,success,5,0.9
8359,rl,255062,success,8,0.8316
8360,rl,255069,success,7,0.8538
8361,rl,255084,success,15,0.6916
8362,rl,255093,success,9,0.81
8363,rl,255142,too_close,49,0.2785
8364,rl,255179,too_close,37,0.3619
8365,rl,255207,too_close,28,0.4841
8366,rl,255235,success,28,0.4911
8367,rl,255271,too_close,36,0.3639
8368,rl,255274,success,3,0.9487
8369,rl,255305,too_close,31,0.4538
8370,rl,255319,success,14,0.71
8371,rl,255334,success,15,0.6916
8372,rl,255375,too_close,41,0.3141
8373,rl,255384,too_close,9,0.81
8374,rl,255430,success,46,0.3057
8375,rl,255461,too_close,31,0.4351
8376,rl,255483,success,22,0.5751
8377,rl,255512,too_close,29,0.4783
8378,rl,255539,too_close,27,0.5012
8379,rl,255578,too_close,39,0.3675
8380,rl,255589,success,11,0.7684
8381,rl,255617,success,28,0.4911
8382,rl,255629,too_close,12,-0.207
8383,rl,255684,success,55,0.2411
8384,rl,255704,success,20,0.6063
8385,rl,255758,too_close,54,0.244
8386,rl,255765,success,7,0.8538
8387,rl,255797,too_close,32,0.442
8388,rl,255801,success,4,0.924
8389,rl,255830,too_close,29,0.4783
8390,rl,255876,too_close,46,0.2895
8391,rl,255897,too_close,21,0.5459
8392,rl,255937,too_close,40,0.3513
8393,rl,255952,success,15,0.6916
8394,rl,255960,success,8,0.8316
8395,rl,255978,success,18,0.639
8396,rl,256010,too_close,32,0.4296
8397,rl,256023,too_close,13,0.7222
8398,rl,256042,too_close,19,0.6097
8399,rl,256059,success,17,0.6561
8400,rl,256061,success,2,0.974
8401,rl,256078,success,17,0.6561
8402,rl,256114,too_close,36,0.3768
8403,rl,256141,too_close,27,0.4752
8404,rl,256159,too_close,18,0.639
8405,rl,256192,too_close,33,0.4305
8406,rl,256207,success,15,0.6916
8407,rl,256224,success,17,0.6561
8408,rl,256245,too_close,21,0.556
8409,rl,256265,collision,20,-0.1516
8410,rl,256288,too_close,23,0.5595
8411,rl,256330,success,42,0.3396
8412,rl,256347,too_close,17,0.6561
8413,rl,256374,success,27,0.4668
8414,rl,256440,too_close,66,0.1763
8415,rl,256490,too_close,50,0.2731
8416,rl,256521,too_close,31,0.4493
8417,rl,256552,success,31,0.4538
8418,rl,256562,success,10,0.7855
8419,rl,256583,success,21,0.5905
8420,rl,256590,success,7,0.8538
8421,rl,256610,too_close,20,0.6063
8422,rl,256630,too_close,20,0.6063
8423,rl,256639,too_close,9,0.81
8424,rl,256701,success,62,0.2005
8425,rl,256713,success,12,0.7485
8426,rl,256732,success,19,0.6224
8427,rl,256750,success,18,0.639
8428,rl,256786,too_close,36,0.3702
8429,rl,256815,success,29,0.4783
8430,rl,256819,too_close,4,0.8991
8431,rl,256848,success,29,0.4783
8432,rl,256862,success,14,0.71
8433,rl,256899,too_close,37,0.387
8434,rl,256921,too_close,22,0.5727
8435,rl,256958,too_close,37,0.3788
8436,rl,256966,success,8,0.8316
8437,rl,256986,too_close,20,0.6063
8438,rl,257005,success,19,0.6224
8439,rl,257021,too_close,16,0.6736
8440,rl,257048,too_close,27,0.5042
8441,rl,257059,too_close,11,0.7279
8442,rl,257098,success,39,0.3675
8443,rl,257135,success,37,0.3874
8444,rl,257160,too_close,25,0.5314
8445,rl,257211,too_close,51,0.2541
8446,rl,257244,too_close,33,0.4213
8447,rl,257273,too_close,29,0.4783
8448,rl,257298,too_close,25,0.5314
8449,rl,257349,too_close,51,0.245
8450,rl,257372,too_close,23,0.5602
8451,rl,257387,too_close,15,0.6514
8452,rl,257397,success,10,0.7889
8453,rl,257424,too_close,27,0.5042
8454,rl,257469,too_close,45,0.2935
8455,rl,257497,too_close,28,0.4911
8456,rl,257511,success,14,0.7082
8457,rl,257523,collision,12,-0.2207
8458,rl,257532,success,9,0.81
8459,rl,257550,success,18,0.639
8460,rl,257590,too_close,40,0.3318
8461,rl,257616,success,26,0.5176
8462,rl,257628,success,12,0.7485
8463,rl,257661,too_close,33,0.4124
8464,rl,257676,success,15,0.6916
8465,rl,257684,too_close,8,0.8294
8466,rl,257701,too_close,17,0.6561
8467,rl,257724,success,23,0.5602
8468,rl,257753,success,29,0.4783
8469,rl,257768,success,15,0.6916
8470,rl,257791,too_close,23,0.5397
8471,rl,257845,success,54,0.2476
8472,rl,257873,success,28,0.4911
8473,rl,257910,collision,37,-0.1234
8474,rl,257936,too_close,26,0.5176
8475,rl,257944,collision,8,-0.2207
8476,rl,257971,too_close,27,0.5037
8477,rl,257985,success,14,0.71
8478,rl,258012,collision,27,-0.1583
8479,rl,258018,success,6,0.8766
8480,rl,258054,too_close,36,0.397
8481,rl,258094,too_close,40,0.3418
8482,rl,258127,too_close,33,0.4305
8483,rl,258129,collision,2,-0.2469
8484,rl,258153,too_close,24,0.5027
8485,rl,258172,too_close,19,0.5801
8486,rl,258203,too_close,31,0.4329
8487,rl,258249,too_close,46,0.2796
8488,rl,258268,too_close,19,0.569
8489,rl,258280,collision,12,-0.1943
8490,rl,258325,too_close,45,0.3035
8491,rl,258361,success,36,0.3978
8492,rl,258386,success,25,0.5314
8493,rl,258394,success,8,0.8316
8494,rl,258436,too_close,42,0.3315
8495,rl,258461,success,25,0.5314
8496,rl,258477,success,16,0.6736
8497,rl,258483,success,6,0.8766
8498,rl,258528,success,45,0.3138
8499,rl,258554,too_close,26,0.5176
8500,rl,258570,too_close,16,0.6736
8501,rl,258596,success,26,0.5176
8502,rl,258634,collision,38,-0.1561
8503,rl,258651,too_close,17,0.5849
8504,rl,258658,success,7,0.8538
8505,rl,258695,too_close,37,0.3789
8506,rl,258725,success,30,0.4659
8507,rl,258733,success,8,0.8316
8508,rl,258759,success,26,0.5176
8509,rl,258837,too_close,78,0.1072
8510,rl,258845,success,8,0.8316
8511,rl,258868,success,23,0.5602
8512,rl,258890,success,22,0.5751
8513,rl,258901,too_close,11,0.7507
8514,rl,258917,success,16,0.6736
8515,rl,258944,success,27,0.5042
8516,rl,258982,too_close,38,0.3761
8517,rl,259011,success,29,0.4783
8518,rl,259013,success,2,0.974
8519,rl,259050,too_close,37,0.2852
8520,rl,259079,too_close,29,0.4706
8521,rl,259118,too_close,39,0.3476
8522,rl,259133,too_close,15,0.6517
8523,rl,259137,success,4,0.924
8524,rl,259167,too_close,30,0.4649
8525,rl,259173,collision,6,-0.2193
8526,rl,259212,too_close,39,0.3365
8527,rl,259236,too_close,24,0.5029
8528,rl,259285,too_close,49,0.2824
8529,rl,259317,too_close,32,0.3752
8530,rl,259336,success,19,0.6224
8531,rl,259373,collision,37,-0.1547
8532,rl,259411,too_close,38,0.3532
8533,rl,259417,success,6,0.8766
8534,rl,259431,success,14,0.71
8535,rl,259453,success,22,0.5751
8536,rl,259484,success,31,0.4538
8537,rl,259497,success,13,0.729
8538,rl,259522,too_close,25,0.5212
8539,rl,259557,too_close,35,0.3941
8540,rl,259590,too_close,33,0.4304
8541,rl,259602,success,12,0.7485
8542,rl,259630,collision,28,-0.1566
8543,rl,259639,success,9,0.81
8544,rl,259667,success,28,0.4911
8545,rl,259698,too_close,31,0.4044
8546,rl,259729,success,31,0.4538
8547,rl,259752,too_close,23,0.5378
8548,rl,259758,success,6,0.8766
8549,rl,259766,collision,8,-0.2079
8550,rl,259781,success,15,0.6916
8551,rl,259825,too_close,44,0.3049
8552,rl,259833,success,8,0.8316
8553,rl,259842,collision,9,-0.2119
8554,rl,259880,too_close,38,0.306
8555,rl,259919,too_close,39,0.3631
8556,rl,259938,collision,19,-0.1556
8557,rl,259974,success,36,0.3978
8558,rl,259997,success,23,0.5602
8559,rl,260018,too_close,21,0.5886
8560,rl,260035,too_close,17,0.6561
8561,rl,260065,too_close,30,0.4656
8562,rl,260070,too_close,5,0.8828
8563,rl,260079,success,9,0.81
8564,rl,260091,too_close,12,0.7209
8565,rl,260102,success,11,0.7684
8566,rl,260119,too_close,17,0.4644
8567,rl,260133,too_close,14,0.6841
8568,rl,260155,collision,22,-0.1926
8569,rl,260162,success,7,0.8538
8570,rl,260186,too_close,24,0.5437
8571,rl,260232,too_close,46,0.2944
8572,rl,260257,success,25,0.5314
8573,rl,260285,success,28,0.4911
8574,rl,260306,success,21,0.5905
8575,rl,260322,too_close,16,0.6736
8576,rl,260338,collision,16,-0.1753
8577,rl,260358,too_close,20,0.6041
8578,rl,260378,too_close,20,0.5718
8579,rl,260415,too_close,37,0.3874
8580,rl,260435,too_close,20,0.5826
8581,rl,260452,collision,17,-0.1784
8582,rl,260472,too_close,20,0.5905
8583,rl,260486,too_close,14,0.7099
8584,rl,260494,collision,8,-0.2263
8585,rl,260535,too_close,41,0.2911
8586,rl,260559,too_close,24,0.5384
8587,rl,260576,success,17,0.6561
8588,rl,260593,too_close,17,0.6526
8589,rl,260607,too_close,14,0.71
8590,rl,260629,too_close,22,0.5669
8591,rl,260640,collision,11,-0.2054
8592,rl,260654,success,14,0.71
8593,rl,260705,too_close,51,0.2366
8594,rl,260731,too_close,26,0.5141
8595,rl,260744,too_close,13,0.7203
8596,rl,260784,success,40,0.358
8597,rl,260813,too_close,29,0.4762
8598,rl,260848,too_close,35,0.3779
8599,rl,260873,success,25,0.5314
8600,rl,260918,too_close,45,0.3117
8601,rl,260935,too_close,17,0.6275
8602,rl,260962,too_close,27,0.4946
8603,rl,260969,too_close,7,0.8304
8604,rl,260993,too_close,24,0.545
8605,rl,260996,success,3,0.9487
8606,rl,261009,success,13,0.729
8607,rl,261023,success,14,0.71
8608,rl,261062,too_close,39,0.3604
8609,rl,261088,success,26,0.5176
8610,rl,261138,too_close,50,0.2442
8611,rl,261150,too_close,12,0.7485
8612,rl,261184,too_close,34,0.4168
8613,rl,261200,collision,16,-0.2059
8614,rl,261223,too_close,23,0.5568
8615,rl,261255,too_close,32,0.4294
8616,rl,261293,success,38,0.3773
8617,rl,261312,too_close,19,0.6224
8618,rl,261338,success,26,0.5176
8619,rl,261351,success,13,0.729
8620,rl,261386,too_close,35,0.3598
8621,rl,261404,too_close,18,0.639
8622,rl,261449,too_close,45,0.3138
8623,rl,261475,success,26,0.5176
8624,rl,261499,success,24,0.5456
8625,rl,261511,success,12,0.7485
8626,rl,261530,collision,19,-0.1656
8627,rl,261567,success,37,0.3874
8628,rl,261598,success,31,0.4538
8629,rl,261604,too_close,6,0.8766
8630,rl,261608,success,4,0.924
8631,rl,261609,collision,1,-0.25
8632,rl,261633,success,24,0.5456
8633,rl,261647,success,14,0.71
8634,rl,261652,collision,5,-0.2434
8635,rl,261665,too_close,13,0.7271
8636,rl,261699,too_close,34,0.4193
8637,rl,261708,success,9,0.81
8638,rl,261734,too_close,26,0.5075
8639,rl,261754,too_close,20,0.5447
8640,rl,261758,success,4,0.924
8641,rl,261788,too_close,30,0.4562
8642,rl,261800,success,12,0.7485
8643,rl,261820,success,20,0.6063
8644,rl,261850,too_close,30,0.4191
8645,rl,261882,success,32,0.442
8646,rl,261911,too_close,29,0.3939
8647,rl,261927,too_close,16,0.6736
8648,rl,261951,success,24,0.5456
8649,rl,261979,too_close,28,0.4764
8650,rl,261995,success,16,0.6736
8651,rl,262020,too_close,25,0.5124
8652,rl,262028,success,8,0.8316
8653,rl,262048,success,20,0.6063
8654,rl,262072,success,24,0.5456
8655,rl,262085,success,13,0.729
8656,rl,262098,collision,13,-0.1823
8657,rl,262143,too_close,45,0.3138
8658,rl,262170,collision,27,-0.1333
8659,rl,262203,too_close,33,0.4204
8660,rl,262216,success,13,0.7233
8661,rl,262237,too_close,21,0.5905
8662,rl,262246,too_close,9,0.8006
8663,rl,262267,success,21,0.5905
8664,rl,262271,collision,4,-0.231
8665,rl,262276,too_close,5,0.9
8666,rl,262285,success,9,0.81
8667,rl,262293,too_close,8,0.8316
8668,rl,262309,too_close,16,0.6736
8669,rl,262323,too_close,14,0.71
8670,rl,262349,too_close,26,0.5176
8671,rl,262368,too_close,19,0.6208
8672,rl,262397,success,29,0.4783
8673,rl,262413,success,16,0.6736
8674,rl,262425,success,12,0.7485
8675,rl,262436,collision,11,-0.2538
8676,rl,262439,success,3,0.9487
8677,rl,262463,success,24,0.5456
8678,rl,262485,too_close,22,0.5648
8679,rl,262493,success,8,0.8316
8680,rl,262546,too_close,53,0.2542
8681,rl,262572,success,26,0.5176
8682,rl,262579,success,7,0.8538
8683,rl,262602,too_close,23,0.5602
8684,rl,262612,success,10,0.7889
8685,rl,262632,collision,20,-0.1666
8686,rl,262636,success,4,0.924
8687,rl,262654,too_close,18,0.6378
8688,rl,262666,success,12,0.7485
8689,rl,262679,too_close,13,0.6681
8690,rl,262690,success,11,0.7684
8691,rl,262733,too_close,43,0.3237
8692,rl,262741,too_close,8,0.8316
8693,rl,262748,success,7,0.8538
8694,rl,262784,success,36,0.3978
8695,rl,262818,too_close,34,0.3411
8696,rl,262855,too_close,37,0.3795
8697,rl,262887,too_close,32,0.4345
8698,rl,262923,success,36,0.3978
8699,rl,262959,success,36,0.3978
8700,rl,262991,success,32,0.442
8701,rl,263024,too_close,33,0.4305
8702,rl,263048,success,24,0.5456
8703,rl,263064,too_close,16,0.6736
8704,rl,263094,too_close,30,0.4316
8705,rl,263134,too_close,40,0.358
8706,rl,263160,success,26,0.5176
8707,rl,263179,success,19,0.6224
8708,rl,263180,collision,1,-0.25
8709,rl,263221,too_close,41,0.3487
8710,rl,263228,success,7,0.8538
8711,rl,263242,success,14,0.71
8712,rl,263261,too_close,19,0.5871
8713,rl,263296,too_close,35,0.4084
8714,rl,263303,success,7,0.8538
8715,rl,263307,success,4,0.924
8716,rl,263333,too_close,26,0.4819
8717,rl,263348,success,15,0.6916
8718,rl,263364,too_close,16,0.625
8719,rl,263404,too_close,40,0.3548
8720,rl,263419,success,15,0.6916
8721,rl,263438,success,19,0.6224
8722,rl,263477,too_close,39,0.3675
8723,rl,263502,too_close,25,0.5314
8724,rl,263548,too_close,46,0.2627
8725,rl,263563,too_close,15,0.5854
8726,rl,263597,success,34,0.4193
8727,rl,263629,success,32,0.442
8728,rl,263645,success,16,0.6736
8729,rl,263670,success,25,0.5314
8730,rl,263680,success,10,0.7889
8731,rl,263686,success,6,0.8766
8732,rl,263715,too_close,29,0.4783
8733,rl,263745,too_close,30,0.4659
8734,rl,263779,too_close,34,0.4107
8735,rl,263806,success,27,0.5042
8736,rl,263831,success,25,0.5314
8737,rl,263860,too_close,29,0.4681
8738,rl,263875,success,15,0.6916
8739,rl,263878,success,3,0.9487
8740,rl,263887,success,9,0.81
8741,rl,263926,too_close,39,0.3421
8742,rl,263970,too_close,44,0.3222
8743,rl,263978,success,8,0.8316
8744,rl,264011,too_close,33,0.3808
8745,rl,264018,success,7,0.8538
8746,rl,264026,success,8,0.8316
8747,rl,264042,success,16,0.6736
8748,rl,264078,success,36,0.3978
8749,rl,264083,success,5,0.9
8750,rl,264107,too_close,24,0.5456
8751,rl,264138,success,31,0.4538
8752,rl,264145,too_close,7,0.8538
8753,rl,264178,success,33,0.4305
8754,rl,264187,too_close,9,0.81
8755,rl,264213,too_close,26,0.5141
8756,rl,264237,success,24,0.5456
8757,rl,264244,success,7,0.8538
8758,rl,264255,success,11,0.7684
8759,rl,264274,collision,19,-0.1567
8760,rl,264288,collision,14,-0.199
8761,rl,264298,success,10,0.7889
8762,rl,264317,collision,19,-0.1644
8763,rl,264328,success,11,0.7684
8764,rl,264343,success,15,0.6916
8765,rl,264356,success,13,0.729
8766,rl,264390,too_close,34,0.4045
8767,rl,264405,success,15,0.6916
8768,rl,264429,too_close,24,0.4509
8769,rl,264432,success,3,0.9487
8770,rl,264457,success,25,0.5314
8771,rl,264461,success,4,0.924
8772,rl,264470,success,9,0.81
8773,rl,264503,too_close,33,0.4305
8774,rl,264511,success,8,0.8316
8775,rl,264526,collision,15,-0.1729
8776,rl,264544,too_close,18,0.6136
8777,rl,264560,success,16,0.6736
8778,rl,264587,too_close,27,0.5042
8779,rl,264608,too_close,21,0.5905
8780,rl,264634,success,26,0.5176
8781,rl,264666,success,32,0.442
8782,rl,264708,too_close,42,0.2626
8783,rl,264737,too_close,29,0.4783
8784,rl,264768,too_close,31,0.4538
8785,rl,264774,success,6,0.8766
8786,rl,264800,too_close,26,0.5176
8787,rl,264840,success,40,0.358
8788,rl,264875,success,35,0.4084
8789,rl,264892,success,17,0.6561
8790,rl,264919,too_close,27,0.5042
8791,rl,264967,too_close,48,0.2691
8792,rl,264976,success,9,0.81
8793,rl,265019,too_close,43,0.3148
8794,rl,265024,success,5,0.9
8795,rl,265027,too_close,3,0.9465
8796,rl,265061,too_close,34,0.4193
8797,rl,265091,too_close,30,0.4659
8798,rl,265108,too_close,17,0.5944
8799,rl,265115,too_close,7,0.8176
8800,rl,265163,too_close,48,0.2491
8801,rl,265182,success,19,0.6224
8802,rl,265202,success,20,0.6063
8803,rl,265234,too_close,32,0.3847
8804,rl,265272,too_close,38,0.3773
8805,rl,265302,success,30,0.4659
8806,rl,265325,collision,23,-0.1435
8807,rl,265355,too_close,30,0.4659
8808,rl,265372,too_close,17,0.6561
8809,rl,265376,success,4,0.924
8810,rl,265427,success,51,0.2679
8811,rl,265444,collision,17,-0.164
8812,rl,265474,too_close,30,0.4491
8813,rl,265481,success,7,0.8538
8814,rl,265496,success,15,0.6916
8815,rl,265511,success,15,0.6916
8816,rl,265526,success,15,0.6916
8817,rl,265541,success,15,0.6916
8818,rl,265576,too_close,35,0.4084
8819,rl,265610,success,34,0.4193
8820,rl,265622,success,12,0.7485
8821,rl,265638,success,16,0.6736
8822,rl,265667,too_close,29,0.4783
8823,rl,265708,too_close,41,0.2997
8824,rl,265760,too_close,52,0.261
8825,rl,265787,too_close,27,0.5042
8826,rl,265823,too_close,36,0.3978
8827,rl,265867,collision,44,-0.135
8828,rl,265897,too_close,30,0.4659
8829,rl,265920,too_close,23,0.5602
8830,rl,265947,success,27,0.5042
8831,rl,265982,success,35,0.4084
8832,rl,265987,success,5,0.9
8833,rl,266019,too_close,32,0.4418
8834,rl,266037,success,18,0.6355
8835,rl,266082,too_close,45,0.3138
8836,rl,266090,too_close,8,0.8316
8837,rl,266101,too_close,11,0.7684
8838,rl,266110,too_close,9,0.81
8839,rl,266127,too_close,17,0.6561
8840,rl,266137,too_close,10,0.7889
8841,rl,266151,success,14,0.71
8842,rl,266173,too_close,22,0.5712
8843,rl,266198,success,25,0.5314
8844,rl,266209,success,11,0.7684
8845,rl,266227,success,18,0.639
8846,rl,266237,success,10,0.7889
8847,rl,266247,success,10,0.7889
8848,rl,266274,success,27,0.5042
8849,rl,266304,too_close,30,0.4658
8850,rl,266320,too_close,16,0.6148
8851,rl,266322,success,2,0.974
8852,rl,266335,success,13,0.729
8853,rl,266374,too_close,39,0.3273
8854,rl,266392,success,18,0.639
8855,rl,266422,success,30,0.4659
8856,rl,266466,too_close,44,0.3222
8857,rl,266489,too_close,23,0.5578
8858,rl,266496,success,7,0.8538
8859,rl,266506,success,10,0.7889
8860,rl,266511,collision,5,-0.225
8861,rl,266533,success,22,0.5751
8862,rl,266573,too_close,40,0.336
8863,rl,266586,too_close,13,0.729
8864,rl,266596,success,10,0.7889
8865,rl,266634,too_close,38,0.355
8866,rl,266658,success,24,0.5456
8867,rl,266683,success,25,0.5314
8868,rl,266701,success,18,0.6319
8869,rl,266705,success,4,0.924
8870,rl,266734,too_close,29,0.4668
8871,rl,266745,too_close,11,0.7556
8872,rl,266783,too_close,38,0.3712
8873,rl,266804,collision,21,-0.162
8874,rl,266839,too_close,35,0.4084
8875,rl,266849,success,10,0.7889
8876,rl,266870,success,21,0.5905
8877,rl,266877,success,7,0.8538
8878,rl,266881,success,4,0.924
8879,rl,266885,collision,4,-0.231
8880,rl,266909,too_close,24,0.4753
8881,rl,266939,success,30,0.4659
8882,rl,266951,collision,12,-0.2179
8883,rl,266959,success,8,0.8316
8884,rl,266969,too_close,10,0.7853
8885,rl,267020,too_close,51,0.2641
8886,rl,267054,too_close,34,0.4062
8887,rl,267064,collision,10,-0.215
8888,rl,267088,collision,24,-0.1694
8889,rl,267094,success,6,0.8766
8890,rl,267100,success,6,0.8766
8891,rl,267114,success,14,0.71
8892,rl,267138,success,24,0.5456
8893,rl,267167,success,29,0.4783
8894,rl,267175,success,8,0.8316
8895,rl,267223,too_close,48,0.2845
8896,rl,267241,too_close,18,0.6164
8897,rl,267257,too_close,16,0.646
8898,rl,267284,too_close,27,0.4749
8899,rl,267292,success,8,0.8316
8900,rl,267323,too_close,31,0.4538
8901,rl,267328,success,5,0.9
8902,rl,267347,success,19,0.6224
8903,rl,267348,collision,1,-0.25
8904,rl,267380,success,32,0.442
8905,rl,267395,success,15,0.6916
8906,rl,267403,too_close,8,0.8316
8907,rl,267421,collision,18,-0.1857
8908,rl,267442,too_close,21,0.5905
8909,rl,267487,too_close,45,0.3046
8910,rl,267509,success,22,0.5751
8911,rl,267529,too_close,20,0.5875
8912,rl,267573,too_close,44,0.2877
8913,rl,267617,too_close,44,0.32
8914,rl,267647,success,30,0.4659
8915,rl,267700,too_close,53,0.2446
8916,rl,267721,success,21,0.5905
8917,rl,267732,too_close,11,0.7667
8918,rl,267757,success,25,0.5314
8919,rl,267772,too_close,15,0.6735
8920,rl,267834,too_close,62,0.2005
8921,rl,267837,success,3,0.9487
8922,rl,267849,too_close,12,0.7324
8923,rl,267872,too_close,23,0.5573
8924,rl,267884,success,12,0.7485
8925,rl,267904,success,20,0.6063
8926,rl,267910,success,6,0.8766
8927,rl,267927,too_close,17,0.6453
8928,rl,267933,success,6,0.8766
8929,rl,267994,too_close,61,0.1717
8930,rl,268003,too_close,9,0.8001
8931,rl,268044,success,41,0.3487
8932,rl,268052,success,8,0.8316
8933,rl,268069,too_close,17,0.6561
8934,rl,268092,success,23,0.556
8935,rl,268125,too_close,33,0.4305
8936,rl,268138,success,13,0.729
8937,rl,268164,too_close,26,0.5023
8938,rl,268176,success,12,0.7485
8939,rl,268188,success,12,0.7485
8940,rl,268211,too_close,23,0.5602
8941,rl,268239,success,28,0.4911
8942,rl,268243,success,4,0.924
8943,rl,268261,success,18,0.639
8944,rl,268300,too_close,39,0.3449
8945,rl,268311,success,11,0.7684
8946,rl,268322,success,11,0.7684
8947,rl,268335,too_close,13,0.7059
8948,rl,268365,success,30,0.4659
8949,rl,268397,too_close,32,0.4238
8950,rl,268438,too_close,41,0.3459
8951,rl,268453,success,15,0.6916
8952,rl,268471,too_close,18,0.639
8953,rl,268531,too_close,60,0.2085
8954,rl,268558,success,27,0.5042
8955,rl,268593,success,35,0.4084
8956,rl,268633,too_close,40,0.358
8957,rl,268665,success,32,0.442
8958,rl,268706,too_close,41,0.3487
8959,rl,268725,collision,19,-0.1707
8960,rl,268747,success,22,0.5751
8961,rl,268773,too_close,26,0.5176
8962,rl,268784,success,11,0.7679
8963,rl,268801,collision,17,-0.1643
8964,rl,268828,too_close,27,0.4656
8965,rl,268885,too_close,57,0.2271
8966,rl,268894,success,9,0.81
8967,rl,268918,success,24,0.5456
8968,rl,268958,too_close,40,0.3227
8969,rl,268974,success,16,0.6736
8970,rl,268998,too_close,24,0.5318
8971,rl,269038,too_close,40,0.3474
8972,rl,269080,success,42,0.3396
8973,rl,269104,too_close,24,0.5027
8974,rl,269122,success,18,0.639
8975,rl,269139,too_close,17,0.6264
8976,rl,269160,too_close,21,0.5852
8977,rl,269166,success,6,0.8766
8978,rl,269208,success,42,0.3396
8979,rl,269236,too_close,28,0.4896
8980,rl,269254,success,18,0.639
8981,rl,269287,success,33,0.4305
8982,rl,269332,success,45,0.3138
8983,rl,269349,success,17,0.6561
8984,rl,269366,too_close,17,0.6372
8985,rl,269373,success,7,0.8538
8986,rl,269400,too_close,27,0.5042
8987,rl,269403,success,3,0.9487
8988,rl,269408,success,5,0.9
8989,rl,269409,collision,1,-0.25
8990,rl,269426,success,17,0.6561
8991,rl,269458,success,32,0.442
8992,rl,269471,collision,13,-0.1995
8993,rl,269489,too_close,18,0.6387
8994,rl,269510,too_close,21,0.5539
8995,rl,269522,success,12,0.7485
8996,rl,269528,success,6,0.8766
8997,rl,269593,collision,65,-0.0932
8998,rl,269601,collision,8,-0.2237
8999,rl,269644,too_close,43,0.3117
9000,rl,269678,too_close,34,0.4145
9001,rl,269687,success,9,0.81
9002,rl,269707,success,20,0.6063
9003,rl,269709,collision,2,-0.2663
9004,rl,269743,too_close,34,0.3998
9005,rl,269822,too_close,79,0.114
9006,rl,269844,too_close,22,0.5736
9007,rl,269859,collision,15,-0.1826
9008,rl,269872,success,13,0.729
9009,rl,269918,too_close,46,0.3057
9010,rl,269941,success,23,0.5602
9011,rl,269975,success,34,0.4193
9012,rl,270017,too_close,42,0.3247
9013,rl,270062,success,45,0.3138
9014,rl,270084,too_close,22,0.5496
9015,rl,270112,too_close,28,0.4797
9016,rl,270123,success,11,0.7684
9017,rl,270152,success,29,0.4783
9018,rl,270193,too_close,41,0.3466
9019,rl,270195,success,2,0.974
9020,rl,270206,too_close,11,0.7684
9021,rl,270228,too_close,22,0.5436
9022,rl,270260,too_close,32,0.442
9023,rl,270297,too_close,37,0.3874
9024,rl,270313,too_close,16,0.673
9025,rl,270361,too_close,48,0.2356
9026,rl,270392,success,31,0.4538
9027,rl,270444,too_close,52,0.2579
9028,rl,270480,too_close,36,0.3978
9029,rl,270490,collision,10,-0.2092
9030,rl,270509,success,19,0.6224
9031,rl,270545,too_close,36,0.3937
9032,rl,270552,collision,7,-0.2179
9033,rl,270593,too_close,41,0.3476
9034,rl,270638,too_close,45,0.3062
9035,rl,270647,collision,9,-0.2122
9036,rl,270660,success,13,0.729
9037,rl,270713,too_close,53,0.2542
9038,rl,270748,too_close,35,0.3988
9039,rl,270760,too_close,12,0.7485
9040,rl,270789,too_close,29,0.4623
9041,rl,270800,success,11,0.7684
9042,rl,270805,success,5,0.9
9043,rl,270821,too_close,16,0.6736
9044,rl,270831,success,10,0.7889
9045,rl,270858,success,27,0.5042
9046,rl,270877,too_close,19,0.6194
9047,rl,270907,too_close,30,0.4004
9048,rl,270934,too_close,27,0.5023
9049,rl,270946,collision,12,-0.2009
9050,rl,270973,too_close,27,0.5038
9051,rl,271008,success,35,0.4084
9052,rl,271019,too_close,11,0.7684
9053,rl,271036,too_close,17,0.6533
9054,rl,271048,success,12,0.7485
9055,rl,271090,success,42,0.3396
9056,rl,271108,success,18,0.639
9057,rl,271125,success,17,0.6561
9058,rl,271164,too_close,39,0.3675
9059,rl,271198,too_close,34,0.4193
9060,rl,271206,success,8,0.8316
9061,rl,271246,too_close,40,0.3359
9062,rl,271275,too_close,29,0.4533
9063,rl,271303,success,28,0.4911
9064,rl,271347,too_close,44,0.3014
9065,rl,271386,success,39,0.3675
9066,rl,271395,success,9,0.81
9067,rl,271400,success,5,0.9
9068,rl,271410,success,10,0.7889
9069,rl,271415,success,5,0.9
9070,rl,271422,success,7,0.8538
9071,rl,271430,success,8,0.8316
9072,rl,271454,success,24,0.5456
9073,rl,271488,too_close,34,0.401
9074,rl,271534,collision,46,-0.1042
9075,rl,271559,too_close,25,0.5314
9076,rl,271590,too_close,31,0.441
9077,rl,271593,collision,3,-0.2793
9078,rl,271627,success,34,0.4193
9079,rl,271635,success,8,0.8316
9080,rl,271644,success,9,0.81
9081,rl,271647,too_close,3,0.9463
9082,rl,271680,too_close,33,0.4163
9083,rl,271700,success,20,0.6063
9084,rl,271719,too_close,19,-0.1556
9085,rl,271776,too_close,57,0.2111
9086,rl,271807,success,31,0.4538
9087,rl,271823,success,16,0.6736
9088,rl,271847,success,24,0.5456
9089,rl,271883,too_close,36,0.3305
9090,rl,271893,too_close,10,0.7826
9091,rl,271921,success,28,0.4911
9092,rl,271951,collision,30,-0.1387
9093,rl,271985,too_close,34,0.4144
9094,rl,272010,too_close,25,0.528
9095,rl,272017,success,7,0.8538
9096,rl,272027,too_close,10,0.7889
9097,rl,272056,too_close,29,0.4783
9098,rl,272065,collision,9,-0.2156
9099,rl,272087,success,22,0.5751
9100,rl,272095,success,8,0.8316
9101,rl,272102,collision,7,-0.2364
9102,rl,272124,success,22,0.5751
9103,rl,272172,too_close,48,0.2553
9104,rl,272198,too_close,26,0.4914
9105,rl,272236,success,38,0.3773
9106,rl,272261,too_close,25,0.4852
9107,rl,272278,success,17,0.6561
9108,rl,272294,too_close,16,0.6736
9109,rl,272298,success,4,0.924
9110,rl,272311,success,13,0.729
9111,rl,272334,success,23,0.5602
9112,rl,272367,success,33,0.4305
9113,rl,272378,success,11,0.7684
9114,rl,272392,success,14,0.71
9115,rl,272423,too_close,31,0.4395
9116,rl,272456,too_close,33,0.4305
9117,rl,272465,success,9,0.81
9118,rl,272490,too_close,25,0.5314
9119,rl,272522,too_close,32,0.4287
9120,rl,272548,success,26,0.5176
9121,rl,272572,success,24,0.5456
9122,rl,272584,success,12,0.7485
9123,rl,272596,success,12,0.7485
9124,rl,272610,success,14,0.71
9125,rl,272642,too_close,32,0.442
9126,rl,272680,too_close,38,0.3438
9127,rl,272692,too_close,12,0.7472
9128,rl,272729,too_close,37,0.3874
9129,rl,272742,success,13,0.729
9130,rl,272743,collision,1,-0.25
9131,rl,272754,success,11,0.7684
9132,rl,272776,too_close,22,0.5164
9133,rl,272786,collision,10,-0.2168
9134,rl,272826,too_close,40,0.354
9135,rl,272837,success,11,0.7684
9136,rl,272843,success,6,0.8766
9137,rl,272859,collision,16,-0.1887
9138,rl,272881,too_close,22,0.5218
9139,rl,272894,success,13,0.729
9140,rl,272922,success,28,0.4911
9141,rl,272972,too_close,50,0.2702
9142,rl,273013,too_close,41,0.334
9143,rl,273031,success,18,0.639
9144,rl,273065,too_close,34,0.4193
9145,rl,273085,success,20,0.6063
9146,rl,273115,too_close,30,0.4429
9147,rl,273156,success,41,0.3487
9148,rl,273168,success,12,0.7485
9149,rl,273178,success,10,0.7889
9150,rl,273214,success,36,0.3978
9151,rl,273216,collision,2,-0.2541
9152,rl,273240,success,24,0.5456
9153,rl,273295,too_close,55,0.2344
9154,rl,273313,collision,18,-0.1831
9155,rl,273340,too_close,27,0.4435
9156,rl,273358,too_close,18,0.6318
9157,rl,273376,success,18,0.639
9158,rl,273386,success,10,0.7889
9159,rl,273391,success,5,0.9
9160,rl,273408,collision,17,-0.164
9161,rl,273440,success,32,0.442
9162,rl,273479,success,39,0.3675
9163,rl,273511,success,32,0.442
9164,rl,273548,too_close,37,0.3874
9165,rl,273552,collision,4,-0.2446
9166,rl,273587,success,35,0.4084
9167,rl,273612,success,25,0.5314
9168,rl,273626,success,14,0.71
9169,rl,273641,too_close,15,0.6608
9170,rl,273663,success,22,0.5751
9171,rl,273701,too_close,38,0.3241
9172,rl,273725,too_close,24,0.5299
9173,rl,273744,success,19,0.6224
9174,rl,273798,too_close,54,0.2476
9175,rl,273813,success,15,0.6916
9176,rl,273855,success,42,0.3396
9177,rl,273877,success,22,0.5751
9178,rl,273898,too_close,21,0.5145
9179,rl,273917,too_close,19,0.6224
9180,rl,273935,success,18,0.639
9181,rl,273942,success,7,0.8538
9182,rl,273958,success,16,0.6736
9183,rl,273995,too_close,37,0.3874
9184,rl,274004,success,9,0.81
9185,rl,274020,success,16,0.6736
9186,rl,274034,success,14,0.71
9187,rl,274078,too_close,44,0.3094
9188,rl,274120,too_close,42,0.3346
9189,rl,274132,too_close,12,0.7471
9190,rl,274155,too_close,23,0.5386
9191,rl,274178,too_close,23,0.5493
9192,rl,274203,success,25,0.5314
9193,rl,274234,success,31,0.4538
9194,rl,274247,success,13,0.729
9195,rl,274265,success,18,0.639
9196,rl,274272,collision,7,-0.2952
9197,rl,274280,success,8,0.8316
9198,rl,274301,too_close,21,0.5828
9199,rl,274323,success,22,0.5751
9200,rl,274342,success,19,0.6224
9201,rl,274369,success,27,0.5042
9202,rl,274382,success,13,0.729
9203,rl,274399,success,17,0.6561
9204,rl,274438,collision,39,-0.1733
9205,rl,274452,success,14,0.71
9206,rl,274475,success,23,0.5602
9207,rl,274483,success,8,0.8316
9208,rl,274505,success,22,0.5751
9209,rl,274509,success,4,0.924
9210,rl,274537,success,28,0.4911
9211,rl,274561,too_close,24,0.5456
9212,rl,274588,success,27,0.5042
9213,rl,274620,too_close,32,0.4295
9214,rl,274649,too_close,29,0.4439
9215,rl,274666,too_close,17,0.6561
9216,rl,274685,too_close,19,0.6224
9217,rl,274708,success,23,0.5602
9218,rl,274722,collision,14,-0.1881
9219,rl,274740,success,18,0.639
9220,rl,274748,success,8,0.8316
9221,rl,274777,success,29,0.4783
9222,rl,274783,success,6,0.8766
9223,rl,274793,success,10,0.7889
9224,rl,274808,collision,15,-0.1826
9225,rl,274813,success,5,0.9
9226,rl,274825,too_close,12,0.7481
9227,rl,274859,too_close,34,0.3961
9228,rl,274891,success,32,0.442
9229,rl,274920,success,29,0.4783
9230,rl,274961,too_close,41,0.3487
9231,rl,274968,success,7,0.8538
9232,rl,275000,success,32,0.442
9233,rl,275022,too_close,22,0.5751
9234,rl,275045,collision,23,-0.1549
9235,rl,275073,too_close,28,0.4789
9236,rl,275090,success,17,0.6561
9237,rl,275104,success,14,0.71
9238,rl,275122,success,18,0.639
9239,rl,275154,success,32,0.442
9240,rl,275177,too_close,23,0.5183
9241,rl,275218,too_close,41,0.33
9242,rl,275272,too_close,54,0.234
9243,rl,275283,success,11,0.7684
9244,rl,275293,success,10,0.7889
9245,rl,275308,success,15,0.6916
9246,rl,275356,too_close,48,0.29
9247,rl,275373,too_close,17,0.6561
9248,rl,275410,too_close,37,0.3874
9249,rl,275431,too_close,21,0.5735
9250,rl,275448,success,17,0.6561
9251,rl,275459,success,11,0.7684
9252,rl,275475,success,16,0.6736
9253,rl,275489,collision,14,-0.2092
9254,rl,275506,collision,17,-0.171
9255,rl,275540,success,34,0.4193
9256,rl,275566,too_close,26,0.4966
9257,rl,275576,success,10,0.7889
9258,rl,275600,success,24,0.5456
9259,rl,275609,success,9,0.81
9260,rl,275625,too_close,16,0.6629
9261,rl,275642,success,17,0.6561
9262,rl,275653,too_close,11,0.7528
9263,rl,275673,success,20,0.6063
9264,rl,275687,success,14,0.71
9265,rl,275713,collision,26,-0.1369
9266,rl,275748,too_close,35,0.3761
9267,rl,275785,too_close,37,0.3647
9268,rl,275808,too_close,23,0.5451
9269,rl,275832,too_close,24,0.5456
9270,rl,275879,too_close,47,0.272
9271,rl,275887,success,8,0.8316
9272,rl,275890,success,3,0.9487
9273,rl,275935,too_close,45,0.3019
9274,rl,275948,too_close,13,0.708
9275,rl,275961,collision,13,-0.226
9276,rl,275995,success,34,0.4193
9277,rl,276004,success,9,0.81
9278,rl,276012,success,8,0.8316
9279,rl,276041,too_close,29,0.4781
9280,rl,276077,too_close,36,0.3978
9281,rl,276106,too_close,29,0.4641
9282,rl,276117,success,11,0.7684
9283,rl,276144,too_close,27,0.4843
9284,rl,276204,too_close,60,0.2114
9285,rl,276233,too_close,29,0.4657
9286,rl,276281,too_close,48,0.29
9287,rl,276327,too_close,46,0.3057
9288,rl,276354,success,27,0.5042
9289,rl,276384,success,30,0.4659
9290,rl,276424,too_close,40,0.3253
9291,rl,276455,too_close,31,0.4118
9292,rl,276486,too_close,31,0.4323
9293,rl,276530,success,44,0.3222
9294,rl,276544,success,14,0.71
9295,rl,276573,too_close,29,0.4308
9296,rl,276579,success,6,0.8766
9297,rl,276585,success,6,0.8766
9298,rl,276591,success,6,0.8766
9299,rl,276637,too_close,46,0.3009
9300,rl,276671,too_close,34,0.4193
9301,rl,276689,success,18,0.639
9302,rl,276714,too_close,25,0.4931
9303,rl,276739,success,25,0.5314
9304,rl,276745,collision,6,-0.2335
9305,rl,276776,success,31,0.4538
9306,rl,276806,success,30,0.4659
9307,rl,276837,too_close,31,0.4466
9308,rl,276852,success,15,0.6916
9309,rl,276878,success,26,0.5176
9310,rl,276905,collision,27,-0.1597
9311,rl,276927,too_close,22,0.5751
9312,rl,276951,too_close,24,0.5413
9313,rl,276957,success,6,0.8766
9314,rl,276987,too_close,30,0.4659
9315,rl,277011,success,24,0.5456
9316,rl,277020,too_close,9,0.7965
9317,rl,277024,success,4,0.924
9318,rl,277038,too_close,14,0.71
9319,rl,277080,too_close,42,0.3085
9320,rl,277101,too_close,21,0.5304
9321,rl,277121,too_close,20,0.5882
9322,rl,277135,success,14,0.71
9323,rl,277149,success,14,0.71
9324,rl,277160,success,11,0.7684
9325,rl,277195,collision,35,-0.1055
9326,rl,277227,success,32,0.442
9327,rl,277264,too_close,37,0.3536
9328,rl,277282,success,18,0.639
9329,rl,277308,too_close,26,0.5176
9330,rl,277328,success,20,0.6063
9331,rl,277335,collision,7,-0.2422
9332,rl,277356,success,21,0.5905
9333,rl,277378,success,22,0.5751
9334,rl,277401,success,23,0.5602
9335,rl,277425,success,24,0.5456
9336,rl,277451,too_close,26,0.453
9337,rl,277502,too_close,51,0.1923
9338,rl,277543,too_close,41,0.296
9339,rl,277551,success,8,0.8316
9340,rl,277597,too_close,46,0.2835
9341,rl,277606,success,9,0.81
9342,rl,277633,success,27,0.5042
9343,rl,277657,success,24,0.5456
9344,rl,277672,success,15,0.6916
9345,rl,277702,too_close,30,0.4636
9346,rl,277713,collision,11,-0.1938
9347,rl,277719,success,6,0.8766
9348,rl,277759,too_close,40,0.352
9349,rl,277781,success,22,0.5751
9350,rl,277806,too_close,25,0.5314
9351,rl,277844,too_close,38,0.3773
9352,rl,277860,too_close,16,0.6736
9353,rl,277869,collision,9,-0.2046
9354,rl,277908,too_close,39,0.3675
9355,rl,277928,too_close,20,0.6031
9356,rl,277936,success,8,0.8316
9357,rl,277981,too_close,45,0.3138
9358,rl,278006,success,25,0.5314
9359,rl,278029,too_close,23,0.5602
9360,rl,278065,too_close,36,0.3452
9361,rl,278107,too_close,42,0.2991
9362,rl,278126,too_close,19,0.5862
9363,rl,278166,too_close,40,0.3491
9364,rl,278189,too_close,23,0.5497
9365,rl,278199,collision,10,-0.2126
9366,rl,278213,success,14,0.71
9367,rl,278227,success,14,0.71
9368,rl,278239,success,12,0.7485
9369,rl,278246,success,7,0.8538
9370,rl,278247,collision,1,-0.25
9371,rl,278270,too_close,23,0.5602
9372,rl,278283,success,13,0.729
9373,rl,278302,too_close,19,0.5668
9374,rl,278305,success,3,0.9487
9375,rl,278348,success,43,0.3308
9376,rl,278375,too_close,27,0.5042
9377,rl,278381,collision,6,-0.2296
9378,rl,278405,success,24,0.5456
9379,rl,278435,too_close,30,0.4602
9380,rl,278444,success,9,0.81
9381,rl,278458,success,14,0.71
9382,rl,278488,too_close,30,0.4659
9383,rl,278522,too_close,34,0.4193
9384,rl,278554,too_close,32,0.4392
9385,rl,278578,too_close,24,0.5442
9386,rl,278601,success,23,0.5602
9387,rl,278621,too_close,20,0.5817
9388,rl,278656,too_close,35,0.3957
9389,rl,278704,too_close,48,0.29
9390,rl,278729,success,25,0.5314
9391,rl,278768,too_close,39,0.3675
9392,rl,278778,success,10,0.7889
9393,rl,278784,too_close,6,0.8766
9394,rl,278810,success,26,0.5176
9395,rl,278827,too_close,17,0.6561
9396,rl,278850,too_close,23,0.5602
9397,rl,278875,too_close,25,0.488
9398,rl,278885,success,10,0.7889
9399,rl,278913,too_close,28,0.4784
9400,rl,278951,success,38,0.3773
9401,rl,278962,success,11,0.7684
9402,rl,278975,success,13,0.729
9403,rl,278998,too_close,23,0.5117
9404,rl,279054,too_close,56,0.216
9405,rl,279071,too_close,17,0.6432
9406,rl,279110,too_close,39,0.3472
9407,rl,279146,too_close,36,0.3678
9408,rl,279174,too_close,28,0.4874
9409,rl,279230,success,56,0.2349
9410,rl,279267,too_close,37,0.3726
9411,rl,279287,collision,20,-0.1697
9412,rl,279309,success,22,0.5751
9413,rl,279326,success,17,0.6561
9414,rl,279350,too_close,24,0.5209
9415,rl,279364,too_close,14,0.71
9416,rl,279408,success,44,0.3222
9417,rl,279411,too_close,3,0.9487
9418,rl,279429,success,18,0.639
9419,rl,279434,too_close,5,0.8801
9420,rl,279454,too_close,20,0.5802
9421,rl,279486,success,32,0.442
9422,rl,279510,success,24,0.5456
9423,rl,279541,too_close,31,0.4441
9424,rl,279557,too_close,16,0.6328
9425,rl,279571,too_close,14,0.682
9426,rl,279602,success,31,0.4538
9427,rl,279636,too_close,34,0.4151
9428,rl,279643,success,7,0.8538
9429,rl,279662,success,19,0.6224
9430,rl,279685,collision,23,-0.1738
9431,rl,279719,too_close,34,0.4193
9432,rl,279740,too_close,21,0.5905
9433,rl,279759,too_close,19,0.6053
9434,rl,279773,success,14,0.71
9435,rl,279787,too_close,14,0.6696
9436,rl,279794,success,7,0.8538
9437,rl,279806,too_close,12,0.7485
9438,rl,279809,success,3,0.9487
9439,rl,279821,success,12,0.7485
9440,rl,279839,too_close,18,0.639
9441,rl,279860,too_close,21,0.5849
9442,rl,279880,collision,20,-0.1706
9443,rl,279913,success,33,0.4305
9444,rl,279929,success,16,0.6736
9445,rl,279963,too_close,34,0.3977
9446,rl,279985,too_close,22,0.5751
9447,rl,280013,success,28,0.4911
9448,rl,280026,success,13,0.729
9449,rl,280056,success,30,0.4659
9450,rl,280061,success,5,0.9
9451,rl,280089,too_close,28,0.4866
9452,rl,280117,success,28,0.4911
9453,rl,280146,success,29,0.4783
9454,rl,280165,too_close,19,0.6206
9455,rl,280178,success,13,0.729
9456,rl,280204,too_close,26,0.4626
9457,rl,280220,success,16,0.6736
9458,rl,280273,too_close,53,0.2512
9459,rl,280306,too_close,33,0.4235
9460,rl,280335,too_close,29,0.4582
9461,rl,280369,too_close,34,0.4007
9462,rl,280377,success,8,0.8316
9463,rl,280400,too_close,23,0.555
9464,rl,280449,success,49,0.2824
9465,rl,280459,collision,10,-0.2399
9466,rl,280478,success,19,0.6224
9467,rl,280499,success,21,0.5905
9468,rl,280508,collision,9,-0.2272
9469,rl,280552,too_close,44,0.2819
9470,rl,280560,success,8,0.8316
9471,rl,280578,collision,18,-0.2061
9472,rl,280609,too_close,31,0.4538
9473,rl,280642,too_close,33,0.3827
9474,rl,280680,success,38,0.3773
9475,rl,280699,success,19,0.6224
9476,rl,280715,too_close,16,0.6512
9477,rl,280735,success,20,0.6063
9478,rl,280758,too_close,23,0.5602
9479,rl,280794,too_close,36,0.3641
9480,rl,280820,collision,26,-0.1337
9481,rl,280829,success,9,0.81
9482,rl,280847,success,18,0.639
9483,rl,280858,too_close,11,0.7633
9484,rl,280864,success,6,0.8766
9485,rl,280893,success,29,0.4783
9486,rl,280917,too_close,24,0.5456
9487,rl,280936,success,19,0.6224
9488,rl,280951,too_close,15,0.6869
9489,rl,280982,success,31,0.4538
9490,rl,281017,success,35,0.4084
9491,rl,281042,too_close,25,0.5314
9492,rl,281074,success,32,0.442
9493,rl,281096,too_close,22,0.5692
9494,rl,281117,too_close,21,0.5448
9495,rl,281161,too_close,44,0.3038
9496,rl,281182,too_close,21,0.5905
9497,rl,281211,success,29,0.4783
9498,rl,281235,success,24,0.5456
9499,rl,281268,too_close,33,0.4301
9500,rl,281302,too_close,34,0.4137
9501,rl,281322,success,20,0.6063
9502,rl,281348,success,26,0.5176
9503,rl,281374,success,26,0.5176
9504,rl,281394,too_close,20,0.5668
9505,rl,281402,success,8,0.8316
9506,rl,281436,too_close,34,0.4057
9507,rl,281468,success,32,0.442
9508,rl,281492,success,24,0.5456
9509,rl,281536,too_close,44,0.3087
9510,rl,281542,success,6,0.8766
9511,rl,281558,collision,16,-0.181
9512,rl,281569,success,11,0.7684
9513,rl,281613,success,44,0.3222
9514,rl,281643,success,30,0.4659
9515,rl,281694,too_close,51,0.2679
9516,rl,281735,too_close,41,0.3194
9517,rl,281763,success,28,0.4911
9518,rl,281824,collision,61,-0.104
9519,rl,281849,too_close,25,0.5314
9520,rl,281875,too_close,26,0.4754
9521,rl,281902,success,27,0.5042
9522,rl,281915,too_close,13,0.7255
9523,rl,281928,success,13,0.729
9524,rl,281942,too_close,14,0.7096
9525,rl,281978,too_close,36,0.3439
9526,rl,282013,too_close,35,0.3255
9527,rl,282041,too_close,28,0.4911
9528,rl,282076,too_close,35,0.3659
9529,rl,282097,collision,21,-0.1538
9530,rl,282142,too_close,45,0.3138
9531,rl,282155,success,13,0.729
9532,rl,282192,too_close,37,0.3874
9533,rl,282203,success,11,0.7684
9534,rl,282221,collision,18,-0.1728
9535,rl,282241,too_close,20,0.5742
9536,rl,282253,too_close,12,0.7485
9537,rl,282269,too_close,16,0.6365
9538,rl,282309,success,40,0.358
9539,rl,282327,too_close,18,0.6373
9540,rl,282356,too_close,29,0.4783
9541,rl,282399,too_close,43,0.3035
9542,rl,282435,too_close,36,0.3872
9543,rl,282451,success,16,0.6736
9544,rl,282501,too_close,50,0.2343
9545,rl,282513,success,12,0.7485
9546,rl,282538,success,25,0.5314
9547,rl,282577,too_close,39,0.3662
9548,rl,282584,success,7,0.8538
9549,rl,282612,too_close,28,0.4521
9550,rl,282649,success,37,0.3874
9551,rl,282673,too_close,24,0.5436
9552,rl,282692,collision,19,-0.1556
9553,rl,282701,success,9,0.81
9554,rl,282714,success,13,0.729
9555,rl,282730,success,16,0.6736
9556,rl,282775,too_close,45,0.3113
9557,rl,282832,too_close,57,0.2269
9558,rl,282884,too_close,52,0.2575
9559,rl,282885,collision,1,-0.25
9560,rl,282917,success,32,0.442
9561,rl,282943,collision,26,-0.2869
9562,rl,282977,too_close,34,0.4167
9563,rl,283028,too_close,51,0.2672
9564,rl,283055,success,27,0.5042
9565,rl,283070,success,15,0.6916
9566,rl,283108,too_close,38,0.3168
9567,rl,283126,too_close,18,0.6313
9568,rl,283160,too_close,34,0.4193
9569,rl,283199,too_close,39,0.225
9570,rl,283217,success,18,0.639
9571,rl,283242,success,25,0.5314
9572,rl,283262,too_close,20,0.5897
9573,rl,283298,too_close,36,0.3978
9574,rl,283305,collision,7,-0.2346
9575,rl,283330,success,25,0.5314
9576,rl,283364,too_close,34,0.2831
9577,rl,283379,success,15,0.6916
9578,rl,283413,success,34,0.4193
9579,rl,283452,too_close,39,0.3646
9580,rl,283469,success,17,0.6561
9581,rl,283516,too_close,47,0.2977
9582,rl,283533,collision,17,-0.1808
9583,rl,283547,too_close,14,0.71
9584,rl,283562,too_close,15,0.6916
9585,rl,283579,success,17,0.6561
9586,rl,283588,success,9,0.81
9587,rl,283605,success,17,0.6561
9588,rl,283614,success,9,0.81
9589,rl,283635,success,21,0.5905
9590,rl,283672,too_close,37,0.3687
9591,rl,283700,too_close,28,0.4896
9592,rl,283725,success,25,0.5314
9593,rl,283775,too_close,50,0.2751
9594,rl,283783,success,8,0.8316
9595,rl,283797,success,14,0.71
9596,rl,283821,too_close,24,0.5456
9597,rl,283848,too_close,27,0.4738
9598,rl,283853,success,5,0.9
9599,rl,283889,too_close,36,0.3963
9600,rl,283920,too_close,31,0.4467
9601,rl,283933,success,13,0.729
9602,rl,283937,too_close,4,0.9199
9603,rl,283963,too_close,26,0.5081
9604,rl,283986,collision,23,-0.1492
9605,rl,284043,too_close,57,0.2288
9606,rl,284097,too_close,54,0.2476
9607,rl,284133,too_close,36,0.3978
9608,rl,284160,success,27,0.5042
9609,rl,284180,success,20,0.6063
9610,rl,284195,success,15,0.6916
9611,rl,284236,success,41,0.3487
9612,rl,284263,too_close,27,0.4975
9613,rl,284286,too_close,23,0.5598
9614,rl,284315,too_close,29,0.4393
9615,rl,284337,success,22,0.5751
9616,rl,284357,too_close,20,0.6061
9617,rl,284373,too_close,16,0.6616
9618,rl,284393,success,20,0.6063
9619,rl,284410,too_close,17,0.6561
9620,rl,284435,success,25,0.5314
9621,rl,284459,success,24,0.5456
9622,rl,284470,too_close,11,0.7684
9623,rl,284488,success,18,0.639
9624,rl,284496,too_close,8,0.8316
9625,rl,284533,too_close,37,0.376
9626,rl,284582,too_close,49,0.2769
9627,rl,284618,too_close,36,0.3954
9628,rl,284625,success,7,0.8538
9629,rl,284664,collision,39,-0.1229
9630,rl,284699,success,35,0.4084
9631,rl,284728,success,29,0.4783
9632,rl,284745,success,17,0.6561
9633,rl,284749,success,4,0.924
9634,rl,284772,too_close,23,0.5602
9635,rl,284783,too_close,11,0.7067
9636,rl,284811,success,28,0.4911
9637,rl,284814,success,3,0.9487
9638,rl,284835,collision,21,-0.15
9639,rl,284848,success,13,0.729
9640,rl,284890,too_close,42,0.3396
9641,rl,284917,success,27,0.5042
9642,rl,284926,collision,9,-0.2025
9643,rl,284930,success,4,0.924
9644,rl,284965,too_close,35,0.3912
9645,rl,285019,too_close,54,0.2316
9646,rl,285030,collision,11,-0.207
9647,rl,285063,success,33,0.4305
9648,rl,285094,too_close,31,0.4538
9649,rl,285125,too_close,31,0.444
9650,rl,285151,success,26,0.5176
9651,rl,285159,success,8,0.8316
9652,rl,285199,too_close,40,0.3524
9653,rl,285242,success,43,0.3308
9654,rl,285266,too_close,24,0.5456
9655,rl,285296,success,30,0.4659
9656,rl,285310,too_close,14,0.6964
9657,rl,285341,too_close,31,0.4194
9658,rl,285358,collision,17,-0.1713
9659,rl,285362,success,4,0.924
9660,rl,285392,too_close,30,0.4659
9661,rl,285402,success,10,0.7889
9662,rl,285424,too_close,22,0.5642
9663,rl,285439,too_close,15,0.6916
9664,rl,285447,success,8,0.8316
9665,rl,285490,too_close,43,0.3257
9666,rl,285529,collision,39,-0.1056
9667,rl,285530,collision,1,-0.25
9668,rl,285565,too_close,35,0.4084
9669,rl,285571,success,6,0.8766
9670,rl,285601,too_close,30,0.4554
9671,rl,285627,too_close,26,0.5176
9672,rl,285645,success,18,0.639
9673,rl,285658,success,13,0.729
9674,rl,285690,too_close,32,0.4418
9675,rl,285718,success,28,0.4911
9676,rl,285733,collision,15,-0.1765
9677,rl,285768,success,35,0.4084
9678,rl,285812,too_close,44,0.3064
9679,rl,285830,too_close,18,0.6261
9680,rl,285836,success,6,0.8766
9681,rl,285865,too_close,29,0.4559
9682,rl,285882,success,17,0.6561
9683,rl,285902,collision,20,-0.1654
9684,rl,285910,success,8,0.8316
9685,rl,285938,too_close,28,0.4537
9686,rl,285939,collision,1,-0.25
9687,rl,285952,too_close,13,0.7059
9688,rl,285976,success,24,0.5456
9689,rl,285999,too_close,23,0.5602
9690,rl,286017,too_close,18,0.6339
9691,rl,286027,success,10,0.7889
9692,rl,286050,success,23,0.5602
9693,rl,286086,too_close,36,0.3887
9694,rl,286106,collision,20,-0.1808
9695,rl,286127,too_close,21,0.5867
9696,rl,286142,too_close,15,0.6874
9697,rl,286165,too_close,23,0.4675
9698,rl,286179,success,14,0.71
9699,rl,286204,too_close,25,0.5305
9700,rl,286235,too_close,31,0.4311
9701,rl,286266,success,31,0.4538
9702,rl,286301,too_close,35,0.4084
9703,rl,286328,success,27,0.5042
9704,rl,286337,success,9,0.81
9705,rl,286363,too_close,26,0.5158
9706,rl,286368,success,5,0.9
9707,rl,286381,too_close,13,0.729
9708,rl,286417,success,36,0.3978
9709,rl,286444,collision,27,-0.1477
9710,rl,286477,too_close,33,0.4201
9711,rl,286506,collision,29,-0.2512
9712,rl,286538,success,32,0.442
9713,rl,286571,too_close,33,0.4214
9714,rl,286598,too_close,27,0.5042
9715,rl,286618,too_close,20,0.6063
9716,rl,286625,success,7,0.8538
9717,rl,286660,collision,35,-0.1021
9718,rl,286674,success,14,0.71
9719,rl,286700,too_close,26,0.5151
9720,rl,286732,success,32,0.442
9721,rl,286761,too_close,29,0.4783
9722,rl,286774,collision,13,-0.2151
9723,rl,286786,success,12,0.7485
9724,rl,286816,too_close,30,0.4659
9725,rl,286827,success,11,0.7684
9726,rl,286836,success,9,0.81
9727,rl,286858,success,22,0.5751
9728,rl,286876,success,18,0.639
9729,rl,286886,success,10,0.7889
9730,rl,286896,success,10,0.7889
9731,rl,286917,too_close,21,0.5685
9732,rl,286961,too_close,44,0.1865
9733,rl,286991,too_close,30,0.4524
9734,rl,287009,too_close,18,0.639
9735,rl,287040,too_close,31,0.4538
9736,rl,287080,success,40,0.358
9737,rl,287099,too_close,19,0.6224
9738,rl,287135,success,36,0.3978
9739,rl,287141,success,6,0.8766
9740,rl,287169,too_close,28,0.4714
9741,rl,287175,too_close,6,0.8766
9742,rl,287206,too_close,31,-0.2718
9743,rl,287219,success,13,0.729
9744,rl,287225,too_close,6,0.8766
9745,rl,287233,too_close,8,0.8106
9746,rl,287255,success,22,0.5751
9747,rl,287270,success,15,0.6916
9748,rl,287301,success,31,0.4538
9749,rl,287342,too_close,41,0.3159
9750,rl,287381,too_close,39,0.3374
9751,rl,287399,success,18,0.639
9752,rl,287445,too_close,46,0.3014
9753,rl,287466,success,21,0.5905
9754,rl,287470,success,4,0.924
9755,rl,287504,too_close,34,0.417
9756,rl,287530,too_close,26,0.4865
9757,rl,287544,collision,14,-0.1932
9758,rl,287561,success,17,0.6561
9759,rl,287567,collision,6,-0.2321
9760,rl,287582,too_close,15,0.6565
9761,rl,287608,collision,26,-0.1736
9762,rl,287633,success,25,0.5314
9763,rl,287664,too_close,31,0.3942
9764,rl,287694,too_close,30,0.463
9765,rl,287704,success,10,0.7889
9766,rl,287732,success,28,0.4911
9767,rl,287770,too_close,38,0.3365
9768,rl,287800,success,30,0.4659
9769,rl,287829,success,29,0.4783
9770,rl,287870,too_close,41,0.3292
9771,rl,287881,too_close,11,0.7467
9772,rl,287904,too_close,23,0.5546
9773,rl,287922,too_close,18,0.4286
9774,rl,287952,too_close,30,0.4602
9775,rl,287980,too_close,28,0.4807
9776,rl,288007,too_close,27,0.4979
9777,rl,288066,too_close,59,0.217
9778,rl,288087,success,21,0.5905
9779,rl,288102,success,15,0.6916
9780,rl,288122,success,20,0.6063
9781,rl,288154,success,32,0.442
9782,rl,288183,success,29,0.4783
9783,rl,288189,success,6,0.8766
9784,rl,288204,success,15,0.6916
9785,rl,288213,collision,9,-0.2219
9786,rl,288220,success,7,0.8538
9787,rl,288226,success,6,0.8766
9788,rl,288268,too_close,42,0.3269
9789,rl,288288,success,20,0.6063
9790,rl,288318,success,30,0.4656
9791,rl,288370,too_close,52,0.2173
9792,rl,288380,success,10,0.7889
9793,rl,288412,too_close,32,0.442
9794,rl,288420,success,8,0.8316
9795,rl,288441,success,21,0.5905
9796,rl,288457,success,16,0.6736
9797,rl,288476,success,19,0.6224
9798,rl,288503,too_close,27,0.5042
9799,rl,288512,too_close,9,0.8086
9800,rl,288521,success,9,0.8084
9801,rl,288544,collision,23,-0.1665
9802,rl,288547,success,3,0.9487
9803,rl,288587,success,40,0.358
9804,rl,288635,success,48,0.29
9805,rl,288664,success,29,0.4783
9806,rl,288672,collision,8,-0.2079
9807,rl,288695,too_close,23,0.5602
9808,rl,288714,too_close,19,0.6224
9809,rl,288743,too_close,29,0.4783
9810,rl,288779,too_close,36,0.3797
9811,rl,288788,success,9,0.81
9812,rl,288806,too_close,18,0.639
9813,rl,288816,success,10,0.7889
9814,rl,288853,too_close,37,0.3695
9815,rl,288856,success,3,0.9487
9816,rl,288888,too_close,32,0.442
9817,rl,288900,success,12,0.7485
9818,rl,288921,success,21,0.5905
9819,rl,288927,success,6,0.8766
9820,rl,288974,success,47,0.2977
9821,rl,289001,too_close,27,0.5041
9822,rl,289034,too_close,33,0.4294
9823,rl,289050,too_close,16,0.6427
9824,rl,289059,success,9,0.81
9825,rl,289070,success,11,0.7684
9826,rl,289076,success,6,0.8766
9827,rl,289108,too_close,32,0.4395
9828,rl,289119,success,11,0.7684
9829,rl,289148,too_close,29,0.4742
9830,rl,289208,too_close,60,0.1572
9831,rl,289229,success,21,0.5905
9832,rl,289252,too_close,23,0.5074
9833,rl,289282,collision,30,-0.1216
9834,rl,289315,success,33,0.4305
9835,rl,289325,collision,10,-0.2103
9836,rl,289352,too_close,27,0.4811
9837,rl,289370,success,18,0.639
9838,rl,289405,too_close,35,0.381
9839,rl,289410,success,5,0.9
9840,rl,289416,success,6,0.8766
9841,rl,289424,collision,8,-0.2462
9842,rl,289432,success,8,0.8316
9843,rl,289450,success,18,0.639
9844,rl,289467,too_close,17,0.6561
9845,rl,289499,too_close,32,0.4416
9846,rl,289513,too_close,14,0.7011
9847,rl,289557,too_close,44,0.2976
9848,rl,289570,too_close,13,0.7171
9849,rl,289577,success,7,0.8538
9850,rl,289586,success,9,0.81
9851,rl,289622,success,36,0.3978
9852,rl,289632,success,10,0.7889
9853,rl,289668,too_close,36,0.3646
9854,rl,289679,success,11,0.7684
9855,rl,289697,success,18,0.639
9856,rl,289711,success,14,0.71
9857,rl,289727,too_close,16,0.662
9858,rl,289744,too_close,17,0.6561
9859,rl,289766,success,22,0.5751
9860,rl,289792,success,26,0.5176
9861,rl,289799,success,7,0.8538
9862,rl,289810,success,11,0.7684
9863,rl,289843,too_close,33,0.3739
9864,rl,289847,success,4,0.924
9865,rl,289898,too_close,51,0.2517
9866,rl,289936,too_close,38,0.3692
9867,rl,289962,too_close,26,0.481
9868,rl,289968,too_close,6,0.8357
9869,rl,290009,too_close,41,0.3487
9870,rl,290025,collision,16,-0.1915
9871,rl,290027,success,2,0.974
9872,rl,290039,too_close,12,0.7485
9873,rl,290063,success,24,0.5456
9874,rl,290090,collision,27,-0.1495
9875,rl,290120,too_close,30,0.4659
9876,rl,290123,success,3,0.9487
9877,rl,290137,too_close,14,0.6988
9878,rl,290159,success,22,0.5751
9879,rl,290217,too_close,58,0.1815
9880,rl,290233,success,16,0.6736
9881,rl,290271,too_close,38,0.3773
9882,rl,290280,success,9,0.81
9883,rl,290319,too_close,39,0.3675
9884,rl,290330,success,11,0.7684
9885,rl,290340,success,10,0.7889
9886,rl,290369,too_close,29,0.4783
9887,rl,290392,too_close,23,0.5602
9888,rl,290423,success,31,0.4538
9889,rl,290442,success,19,0.6224
9890,rl,290475,too_close,33,0.3933
9891,rl,290493,too_close,18,0.639
9892,rl,290497,success,4,0.924
9893,rl,290507,success,10,0.7889
9894,rl,290511,success,4,0.924
9895,rl,290535,success,24,0.5456
9896,rl,290561,too_close,26,0.5018
9897,rl,290593,too_close,32,0.411
9898,rl,290615,too_close,22,0.5751
9899,rl,290619,success,4,0.924
9900,rl,290634,success,15,0.6916
9901,rl,290651,too_close,17,0.6561
9902,rl,290680,too_close,29,0.4783
9903,rl,290716,too_close,36,0.3978
9904,rl,290736,success,20,0.6063
9905,rl,290754,too_close,18,0.639
9906,rl,290769,too_close,15,0.6421
9907,rl,290776,success,7,0.8538
9908,rl,290789,success,13,0.729
9909,rl,290802,success,13,0.729
9910,rl,290817,too_close,15,0.6853
9911,rl,290834,too_close,17,0.6561
9912,rl,290847,success,13,0.729
9913,rl,290869,too_close,22,0.5658
9914,rl,290881,success,12,0.7485
9915,rl,290902,success,21,0.5905
9916,rl,290907,success,5,0.9
9917,rl,290936,too_close,29,0.468
9918,rl,290940,success,4,0.924
9919,rl,290953,success,13,0.729
9920,rl,290968,success,15,0.6916
9921,rl,290988,success,20,0.6063
9922,rl,291012,too_close,24,0.5224
9923,rl,291035,success,23,0.5602
9924,rl,291038,success,3,0.9487
9925,rl,291070,success,32,0.442
9926,rl,291103,too_close,33,0.4271
9927,rl,291111,too_close,8,0.8231
9928,rl,291117,success,6,0.8766
9929,rl,291175,success,58,0.2228
9930,rl,291186,success,11,0.7684
9931,rl,291208,success,22,0.5751
9932,rl,291241,success,33,0.4305
9933,rl,291270,too_close,29,0.4783
9934,rl,291293,too_close,23,0.5602
9935,rl,291310,too_close,17,0.569
9936,rl,291327,too_close,17,0.6561
9937,rl,291335,success,8,0.8316
9938,rl,291356,too_close,21,0.5414
9939,rl,291383,success,27,0.5042
9940,rl,291388,success,5,0.9
9941,rl,291391,success,3,0.9487
9942,rl,291408,too_close,17,0.6561
9943,rl,291441,too_close,33,0.4012
9944,rl,291478,success,37,0.3874
9945,rl,291488,success,10,0.7889
9946,rl,291523,too_close,35,0.3998
9947,rl,291547,success,24,0.5456
9948,rl,291556,success,9,0.81
9949,rl,291585,success,29,0.4783
9950,rl,291614,too_close,29,0.4423
9951,rl,291649,too_close,35,0.3907
9952,rl,291694,too_close,45,0.305
9953,rl,291710,too_close,16,0.6736
9954,rl,291722,success,12,0.7485
9955,rl,291738,too_close,16,0.6707
9956,rl,291754,too_close,16,0.6508
9957,rl,291762,collision,8,-0.2335
9958,rl,291798,too_close,36,0.3978
9959,rl,291826,success,28,0.4911
9960,rl,291846,success,20,0.6063
9961,rl,291884,too_close,38,0.349
9962,rl,291914,too_close,30,0.4624
9963,rl,291946,too_close,32,0.3796
9964,rl,291970,too_close,24,0.5007
9965,rl,291982,success,12,0.7485
9966,rl,292008,too_close,26,0.4587
9967,rl,292032,too_close,24,0.5453
9968,rl,292040,success,8,0.8316
9969,rl,292076,too_close,36,0.3427
9970,rl,292080,success,4,0.924
9971,rl,292118,too_close,38,0.3625
9972,rl,292139,success,21,0.5905
9973,rl,292153,too_close,14,0.7083
9974,rl,292191,success,38,0.3773
9975,rl,292199,success,8,0.8316
9976,rl,292215,too_close,16,0.6736
9977,rl,292230,success,15,0.6916
9978,rl,292247,success,17,0.6561
9979,rl,292260,too_close,13,0.6793
9980,rl,292274,too_close,14,0.6816
9981,rl,292328,too_close,54,0.2436
9982,rl,292375,collision,47,-0.0908
9983,rl,292400,success,25,0.5314
9984,rl,292412,success,12,0.7485
9985,rl,292437,success,25,0.5314
9986,rl,292442,success,5,0.9
9987,rl,292489,too_close,47,0.297
9988,rl,292530,too_close,41,0.2834
9989,rl,292543,success,13,0.729
9990,rl,292578,too_close,35,0.4084
9991,rl,292587,success,9,0.81
9992,rl,292607,too_close,20,0.6063
9993,rl,292623,too_close,16,0.6731
9994,rl,292644,success,21,0.5905
9995,rl,292671,too_close,27,0.5042
9996,rl,292704,too_close,33,0.4191
9997,rl,292717,success,13,0.7098
9998,rl,292736,too_close,19,0.6212
9999,rl,292751,success,15,0.6916
